Time,ID,Ax,Ay,Az,Gx,Gy,Gz,Height,Weight
2026-05-09 17:13:33.587,5,0.23,-0.21,0.65,29.4272,-62.1826,8.2612,175,75
2026-05-09 17:13:33.587,5,0.22,-0.22,0.67,37.6172,-58.272600000000004,3.0012,175,75
2026-05-09 17:13:33.620,5,0.25,-0.19,0.71,37.5072,-53.8726,-3.0088000000000004,175,75
2026-05-09 17:13:33.620,5,0.29,-0.18,0.75,30.0172,-51.1226,-5.3388,175,75
2026-05-09 17:13:33.620,5,0.39,-0.19,0.81,19.6872,-45.7926,-3.9288,175,75
2026-05-09 17:13:33.632,5,0.51,-0.21,0.93,8.0772,-34.9926,0.031200000000000006,175,75
2026-05-09 17:13:33.662,5,0.6,-0.29,1.26,-11.242799999999999,18.957400000000003,-6.1988,175,75
2026-05-09 17:13:33.675,5,0.33,-0.29,1.61,-24.7928,69.96740000000001,-60.0388,175,75
2026-05-09 17:13:33.681,5,0.16,-0.25,1.73,-34.5728,79.18740000000001,-100.0788,175,75
2026-05-09 17:13:33.692,5,0.07,-0.21,1.74,-42.22280000000001,74.46740000000001,-131.2288,175,75
2026-05-09 17:13:33.706,5,0.07,-0.11,1.79,-46.022800000000004,59.0774,-145.0488,175,75
2026-05-09 17:13:33.731,5,0.16,0.04,1.91,-50.6328,43.7174,-141.49880000000002,175,75
2026-05-09 17:13:33.731,5,0.25,0.16,2.0,-55.982800000000005,29.817400000000003,-123.83879999999999,175,75
2026-05-09 17:13:33.741,5,0.34,0.23,2.0,-60.022800000000004,20.0574,-97.63879999999999,175,75
2026-05-09 17:13:33.741,5,0.34,0.26,2.0,-60.8128,14.077399999999999,-63.708800000000004,175,75
2026-05-09 17:13:33.753,5,0.28,0.26,2.0,-61.0328,6.4374,-24.9288,175,75
2026-05-09 17:13:33.753,5,0.25,0.23,1.98,-63.272800000000004,-0.7326,12.1312,175,75
2026-05-09 17:13:33.763,5,0.24,0.18,2.0,-64.7328,-2.0826000000000002,46.7512,175,75
2026-05-09 17:13:33.774,5,0.23,0.12,2.0,-64.6328,0.10739999999999994,73.16120000000001,175,75
2026-05-09 17:13:33.788,5,0.19,0.04,2.0,-60.8228,5.2674,90.69120000000001,175,75
2026-05-09 17:13:33.802,5,0.1,-0.05,2.0,-50.3528,9.9174,100.8712,175,75
2026-05-09 17:13:33.802,5,-0.07,-0.11,2.0,-38.47280000000001,7.6373999999999995,105.9312,175,75
2026-05-09 17:13:33.814,5,-0.23,-0.11,1.91,-31.9828,-9.9426,109.0112,175,75
2026-05-09 17:13:33.837,5,-0.24,-0.12,1.79,-32.5028,-37.6426,112.1212,175,75
2026-05-09 17:13:33.847,5,0.13,-0.29,1.5,-34.6728,-93.6626,140.41119999999998,175,75
2026-05-09 17:13:33.847,5,0.35,-0.43,1.32,-30.4428,-113.03259999999999,164.4012,175,75
2026-05-09 17:13:33.859,5,0.57,-0.58,1.12,-21.6628,-124.0826,190.4912,175,75
2026-05-09 17:13:33.870,5,0.69,-0.67,0.92,-7.0928,-126.56259999999999,213.5112,175,75
2026-05-09 17:13:33.880,5,0.69,-0.7,0.75,10.2072,-121.7426,231.3212,175,75
2026-05-09 17:13:33.907,5,0.46,-0.72,0.42,44.977199999999996,-101.84259999999999,220.03119999999998,175,75
2026-05-09 17:13:33.922,5,0.35,-0.65,0.09,74.9572,-69.2426,102.4512,175,75
2026-05-09 17:13:33.934,5,0.36,-0.53,-0.14,78.8472,-21.0126,-11.7688,175,75
2026-05-09 17:13:33.947,5,0.44,-0.42,-0.32,79.5672,25.8474,-108.80879999999999,175,75
2026-05-09 17:13:33.960,5,0.35,-0.23,-0.43,81.24719999999999,69.29740000000001,-178.77880000000002,175,75
2026-05-09 17:13:33.960,5,0.09,-0.01,-0.49,76.57719999999999,80.6074,-206.3888,175,75
2026-05-09 17:13:33.977,5,-0.0,-0.82,0.4,86.96719999999999,62.517399999999995,-211.7988,175,75
2026-05-09 17:13:33.987,5,-0.22,0.14,-0.47,73.13719999999999,21.767400000000002,-208.4488,175,75
2026-05-09 17:13:33.997,5,-0.22,0.08,-0.39,56.52719999999999,-29.912599999999998,-190.2888,175,75
2026-05-09 17:13:34.008,5,-0.02,0.0,-0.32,41.407199999999996,-76.40259999999999,-150.0088,175,75
2026-05-09 17:13:34.013,5,0.37,0.09,-0.23,17.1872,-101.9726,-85.38879999999999,175,75
2026-05-09 17:13:34.025,5,0.84,0.04,0.0,-14.7128,-87.1126,-8.0588,175,75
2026-05-09 17:13:34.039,5,1.23,0.0,0.05,-46.9928,-28.7626,71.39120000000001,175,75
2026-05-09 17:13:34.058,5,1.76,-0.0,-0.05,-66.5928,67.9174,125.3812,175,75
2026-05-09 17:13:34.072,5,1.5,-0.04,-0.07,-65.2928,117.79740000000001,106.52120000000001,175,75
2026-05-09 17:13:34.083,5,1.18,-0.02,0.55,-46.3128,-26.4226,13.9412,175,75
2026-05-09 17:13:34.086,5,1.14,0.13,1.14,-38.5628,-95.1026,-38.6088,175,75
2026-05-09 17:13:34.102,5,0.83,-0.24,1.58,-92.0828,-71.0826,-55.2488,175,75
2026-05-09 17:13:34.111,5,1.23,0.32,1.49,-135.2328,34.8974,-79.1488,175,75
2026-05-09 17:13:34.111,5,1.81,-0.17,1.62,-163.9528,203.17739999999998,-66.5188,175,75
2026-05-09 17:13:34.125,5,2.0,-0.63,1.63,-166.0728,249.4174,29.3212,175,75
2026-05-09 17:13:34.131,5,1.68,-1.12,2.0,-143.8428,249.4174,229.7112,175,75
2026-05-09 17:13:34.148,5,-0.31,-1.57,2.0,-70.7728,249.4174,250.3412,175,75
2026-05-09 17:13:34.160,5,-1.38,-1.52,1.81,6.6272,127.4474,250.3412,175,75
2026-05-09 17:13:34.160,5,-2.0,-1.25,1.76,53.3272,29.5274,238.91119999999998,175,75
2026-05-09 17:13:34.171,5,-2.0,-1.09,1.83,72.5272,-23.0626,57.871199999999995,175,75
2026-05-09 17:13:34.187,5,-2.0,-1.1,1.97,83.9172,-45.1526,-142.9888,175,75
2026-05-09 17:13:34.194,5,-1.61,-1.03,2.0,103.88719999999999,-47.3726,-249.9288,175,75
2026-05-09 17:13:34.206,5,-0.89,-0.74,1.81,139.1472,-58.1026,-249.9288,175,75
2026-05-09 17:13:34.224,5,-0.04,-0.28,1.72,178.9372,-25.502599999999997,-249.9288,175,75
2026-05-09 17:13:34.237,5,0.68,0.26,1.87,201.1372,21.907400000000003,-249.9288,175,75
2026-05-09 17:13:34.238,5,0.94,0.72,2.0,192.2372,30.157400000000003,-249.9288,175,75
2026-05-09 17:13:34.250,5,0.54,0.74,1.8,161.7272,51.5574,-249.9288,175,75
2026-05-09 17:13:34.259,5,-0.01,0.63,1.51,128.2972,75.5274,-249.9288,175,75
2026-05-09 17:13:34.259,5,-0.28,0.51,1.36,93.32719999999999,83.9174,-249.9288,175,75
2026-05-09 17:13:34.288,5,-1.15,0.7,1.13,-27.5728,19.137400000000003,-175.46880000000002,175,75
2026-05-09 17:13:34.311,5,-1.28,0.88,1.04,-80.3428,-40.982600000000005,-191.8788,175,75
2026-05-09 17:13:34.311,5,-1.03,0.86,0.79,-114.5728,-113.1026,-209.3788,175,75
2026-05-09 17:13:34.323,5,-0.45,0.82,0.46,-113.0928,-191.6026,-191.7888,175,75
2026-05-09 17:13:34.337,5,1.05,0.8,0.01,-70.8828,-248.1826,-105.5488,175,75
2026-05-09 17:13:34.337,5,2.0,0.96,-0.27,-8.2828,-218.0926,141.7612,175,75
2026-05-09 17:13:34.338,5,2.0,1.27,-0.45,25.3072,-111.2726,250.3412,175,75
2026-05-09 17:13:34.365,5,0.83,0.7,-0.73,56.377199999999995,69.1374,250.3412,175,75
2026-05-09 17:13:34.379,5,0.2,0.1,-0.54,70.10719999999999,69.7574,250.3412,175,75
2026-05-09 17:13:34.390,5,0.87,0.53,0.23,37.267199999999995,-13.3726,250.3412,175,75
2026-05-09 17:13:34.399,5,1.27,-1.2,1.23,25.787200000000002,31.927400000000002,250.3412,175,75
2026-05-09 17:13:34.413,5,1.42,-0.8,0.73,29.3072,158.3374,131.4812,175,75
2026-05-09 17:13:34.425,5,0.62,-0.7,1.83,62.5772,249.4174,7.981199999999999,175,75
2026-05-09 17:13:34.433,5,-0.03,-0.75,2.0,85.4072,249.4174,-137.7388,175,75
2026-05-09 17:13:34.460,5,-0.78,-0.56,2.0,118.7672,249.4174,-249.9288,175,75
2026-05-09 17:13:34.460,5,-1.38,-0.01,2.0,134.9072,249.4174,-249.9288,175,75
2026-05-09 17:13:34.471,5,-1.67,0.59,1.92,127.2072,95.15740000000001,-249.9288,175,75
2026-05-09 17:13:34.485,5,-1.66,0.99,1.92,94.3472,-40.5126,-249.9288,175,75
2026-05-09 17:13:34.485,5,-1.38,1.3,2.0,42.2072,-145.98260000000002,-249.9288,175,75
2026-05-09 17:13:34.496,5,-0.63,0.9,1.88,1.9672,-206.4926,-249.9288,175,75
2026-05-09 17:13:34.506,5,0.16,0.57,1.82,-13.5128,-211.4326,-112.1588,175,75
2026-05-09 17:13:34.518,5,0.67,0.32,1.7,0.7572,-157.79260000000002,62.5712,175,75
2026-05-09 17:13:34.518,5,0.84,0.2,1.46,45.097199999999994,-79.31259999999999,237.0412,175,75
2026-05-09 17:13:34.547,5,0.8,0.41,1.39,81.96719999999999,-28.8526,250.3412,175,75
2026-05-09 17:13:34.547,5,0.71,0.69,1.39,71.38719999999999,16.047400000000003,250.3412,175,75
2026-05-09 17:13:34.571,5,0.75,0.82,1.21,33.657199999999996,61.6274,250.3412,175,75
2026-05-09 17:13:34.582,5,0.68,0.53,1.03,-2.4828,119.7274,250.3412,175,75
2026-05-09 17:13:34.593,5,0.26,0.48,1.03,-37.232800000000005,129.2574,250.3412,175,75
2026-05-09 17:13:34.593,5,-0.39,0.11,1.27,-81.9628,33.3174,250.3412,175,75
2026-05-09 17:13:34.604,5,-0.95,-0.63,1.51,-114.4028,-122.4726,250.3412,175,75
2026-05-09 17:13:34.637,5,-0.84,-1.59,0.91,-80.2728,-229.73260000000002,250.3412,175,75
2026-05-09 17:13:34.662,5,-0.48,-2.0,-0.46,5.6372,-137.3326,9.3212,175,75
2026-05-09 17:13:34.668,5,-0.15,-1.71,-0.87,77.9772,-59.3226,-174.0688,175,75
2026-05-09 17:13:34.679,5,0.22,-1.07,-1.08,110.4072,15.917399999999999,-249.9288,175,75
2026-05-09 17:13:34.683,5,0.58,-1.44,-0.21,136.6072,85.15740000000001,-249.9288,175,75
2026-05-09 17:13:34.709,5,-0.0,-0.26,-0.78,111.5872,99.62740000000001,-249.9288,175,75
2026-05-09 17:13:34.709,5,-0.39,-0.05,-0.62,83.4472,71.7574,-249.9288,175,75
2026-05-09 17:13:34.719,5,-0.68,0.14,-0.45,51.27719999999999,8.7574,-249.9288,175,75
2026-05-09 17:13:34.731,5,-0.73,0.34,-0.31,16.397199999999998,-61.6826,-249.9288,175,75
2026-05-09 17:13:34.731,5,-0.42,0.5,-0.17,-27.0128,-116.8626,-249.9288,175,75
2026-05-09 17:13:34.743,5,0.12,0.47,-0.04,-68.3328,-125.0426,-249.9288,175,75
2026-05-09 17:13:34.755,5,0.67,0.41,-0.01,-96.53280000000001,-83.15259999999999,-249.9288,175,75
2026-05-09 17:13:34.766,5,0.82,0.27,0.0,-108.6628,-15.6126,-249.9288,175,75
2026-05-09 17:13:34.777,5,0.87,0.27,-0.03,-110.42280000000001,56.3874,-224.2588,175,75
2026-05-09 17:13:34.777,5,0.82,0.24,-0.11,-105.2328,118.1074,-177.2288,175,75
2026-05-09 17:13:34.788,5,0.89,0.33,-0.11,-95.4028,169.9674,-127.44879999999999,175,75
2026-05-09 17:13:34.814,5,2.0,0.76,-0.09,-89.6628,228.6874,-3.8087999999999997,175,75
2026-05-09 17:13:34.825,5,2.0,2.0,0.64,-51.912800000000004,102.7074,250.3412,175,75
2026-05-09 17:13:34.825,5,0.62,2.0,1.49,-84.7228,-78.53259999999999,250.3412,175,75
2026-05-09 17:13:34.850,5,1.76,0.65,2.0,-168.4728,230.13739999999999,250.3412,175,75
2026-05-09 17:13:34.867,5,2.0,-0.47,2.0,-189.6628,249.4174,250.3412,175,75
2026-05-09 17:13:34.878,5,1.39,-0.16,2.0,-239.0828,249.4174,250.3412,175,75
2026-05-09 17:13:34.913,5,-0.86,-1.63,1.71,-199.1228,249.4174,250.3412,175,75
2026-05-09 17:13:34.925,5,-2.0,-1.9,1.23,-113.4328,187.7474,250.3412,175,75
2026-05-09 17:13:34.925,5,-2.0,-1.92,1.05,-8.2228,5.1674,250.3412,175,75
2026-05-09 17:13:34.935,5,-2.0,-1.9,1.21,85.6572,-161.9926,133.8412,175,75
2026-05-09 17:13:34.935,5,-2.0,-1.76,1.68,153.6572,-217.11260000000001,-136.96880000000002,175,75
2026-05-09 17:13:34.963,5,-0.64,-1.37,2.0,156.8872,-24.642599999999998,-249.9288,175,75
2026-05-09 17:13:34.974,5,-1.4,-1.08,2.0,166.8772,9.8474,-249.9288,175,75
2026-05-09 17:13:34.985,5,-0.37,-0.4,1.56,203.5972,56.3174,-249.9288,175,75
2026-05-09 17:13:34.985,5,-0.1,-0.24,1.24,243.4572,134.20739999999998,-249.9288,175,75
2026-05-09 17:13:34.999,5,-0.3,0.02,1.08,250.9972,168.8674,-249.9288,175,75
2026-05-09 17:13:35.010,5,-0.95,0.44,1.01,250.9972,130.1474,-249.9288,175,75
2026-05-09 17:13:35.010,5,-1.52,0.76,0.94,250.9972,28.9174,-249.9288,175,75
2026-05-09 17:13:35.026,5,-1.92,1.35,0.98,238.50719999999998,-98.90259999999999,-249.9288,175,75
2026-05-09 17:13:35.033,5,-2.0,1.84,0.98,193.28719999999998,-223.95260000000002,-249.9288,175,75
2026-05-09 17:13:35.046,5,-1.7,1.96,0.83,143.7672,-250.8526,-249.9288,175,75
2026-05-09 17:13:35.046,5,1.5,2.0,0.34,119.1772,-250.8526,-249.9288,175,75
2026-05-09 17:13:35.056,5,2.0,2.0,0.27,120.8672,-250.8526,101.5312,175,75
2026-05-09 17:13:35.065,5,2.0,2.0,-0.4,47.6472,-118.56259999999999,250.3412,175,75
2026-05-09 17:13:35.071,5,0.38,2.0,-0.41,13.2672,-13.2726,250.3412,175,75
2026-05-09 17:13:35.082,5,0.12,1.18,-0.1,-0.08279999999999998,31.7574,250.3412,175,75
2026-05-09 17:13:35.092,5,0.36,0.35,0.21,-6.7828,66.5374,250.3412,175,75
2026-05-09 17:13:35.127,5,1.08,-0.52,2.0,11.4672,-5.6026,250.3412,175,75
2026-05-09 17:13:35.127,5,0.44,-0.45,2.0,104.7572,-11.5126,250.3412,175,75
2026-05-09 17:13:35.139,5,-1.3,0.43,2.0,77.8472,143.0874,250.3412,175,75
2026-05-09 17:13:35.149,5,-2.0,0.07,1.89,25.9572,243.4174,3.2912,175,75
2026-05-09 17:13:35.149,5,-2.0,-0.41,1.45,3.7172,249.4174,-249.9288,175,75
2026-05-09 17:13:35.162,5,-1.82,-0.71,1.26,10.6872,218.6974,-249.9288,175,75
2026-05-09 17:13:35.175,5,0.2,0.31,2.0,127.4272,-112.5726,-238.99880000000002,175,75
2026-05-09 17:13:35.191,5,0.73,0.43,1.74,60.1072,-157.0826,9.9612,175,75
2026-05-09 17:13:35.201,5,0.8,0.02,1.14,34.337199999999996,-117.2526,130.47119999999998,175,75
2026-05-09 17:13:35.213,5,0.87,-0.44,0.52,28.1072,-64.76259999999999,243.7412,175,75
2026-05-09 17:13:35.223,5,0.84,-0.41,0.25,51.267199999999995,-14.8126,250.3412,175,75
2026-05-09 17:13:35.235,5,0.73,-0.45,-0.01,87.7872,17.5374,250.3412,175,75
2026-05-09 17:13:35.248,5,0.75,-0.49,-0.3,127.6172,20.3074,250.3412,175,75
2026-05-09 17:13:35.251,5,1.34,-0.7,-0.38,142.4372,-23.1226,250.3412,175,75
2026-05-09 17:13:35.276,5,0.66,-1.51,-0.86,69.9172,64.59740000000001,250.3412,175,75
2026-05-09 17:13:35.281,5,-0.92,-1.03,-0.63,31.4272,45.0074,200.8312,175,75
2026-05-09 17:13:35.290,5,-1.8,-0.72,-0.29,2.5472,-21.8326,80.9312,175,75
2026-05-09 17:13:35.305,5,-2.0,-0.5,-0.05,-4.7128,-77.7526,-100.8788,175,75
2026-05-09 17:13:35.314,5,-1.79,-0.38,-0.1,-31.5928,-125.40259999999999,-249.9288,175,75
2026-05-09 17:13:35.331,5,-0.99,-0.2,-0.04,-59.9528,-129.8426,-249.9288,175,75
2026-05-09 17:13:35.331,5,-0.43,0.06,0.05,-95.1828,-103.1126,-249.9288,175,75
2026-05-09 17:13:35.358,5,-0.17,0.56,0.11,-171.3328,-43.4926,-249.9288,175,75
2026-05-09 17:13:35.369,5,-0.12,0.75,0.15,-209.2928,-17.6226,-249.9288,175,75
2026-05-09 17:13:35.386,5,-0.0,0.86,0.12,-236.6328,0.4573999999999999,-249.9288,175,75
2026-05-09 17:13:35.386,5,0.63,0.91,-0.01,-249.2728,33.6274,-249.9288,175,75
2026-05-09 17:13:35.399,5,2.0,1.21,-0.42,-240.9428,140.76739999999998,-249.9288,175,75
2026-05-09 17:13:35.409,5,1.08,0.95,-0.16,-239.5128,245.5974,-243.9888,175,75
2026-05-09 17:13:35.423,5,-0.41,0.8,0.05,-234.7228,249.4174,-175.3788,175,75
2026-05-09 17:13:35.423,5,-0.49,0.68,0.22,-216.0228,243.3674,-115.3188,175,75
2026-05-09 17:13:35.433,5,0.09,0.75,0.32,-156.3228,204.2174,32.4812,175,75
2026-05-09 17:13:35.448,5,0.1,0.75,0.62,-82.6628,146.0074,233.2012,175,75
2026-05-09 17:13:35.448,5,0.27,1.03,1.16,-19.7528,101.8974,250.3412,175,75
2026-05-09 17:13:35.460,5,0.4,1.16,1.53,-2.1228000000000002,36.2174,250.3412,175,75
2026-05-09 17:13:35.477,5,0.63,1.22,1.74,-22.8528,-64.92259999999999,250.3412,175,75
2026-05-09 17:13:35.498,5,0.66,1.04,1.91,-57.762800000000006,-196.6326,250.3412,175,75
2026-05-09 17:13:35.498,5,0.38,0.8,2.0,-81.4728,-250.8526,250.3412,175,75
2026-05-09 17:13:35.508,5,2.0,-1.26,2.0,-57.4628,-250.8526,250.3412,175,75
2026-05-09 17:13:35.520,5,2.0,-2.0,1.23,68.6172,-25.292599999999997,250.3412,175,75
2026-05-09 17:13:35.520,5,1.56,-0.88,1.1,161.3372,249.4174,250.3412,175,75
2026-05-09 17:13:35.532,5,-0.32,-0.68,1.08,149.0772,249.4174,175.81119999999999,175,75
2026-05-09 17:13:35.543,5,-1.13,-0.93,1.31,99.74719999999999,249.4174,110.9512,175,75
2026-05-09 17:13:35.556,5,-1.18,-1.31,1.31,64.5472,238.5874,103.7312,175,75
2026-05-09 17:13:35.569,5,-1.16,-1.49,1.32,64.4772,156.4674,122.27120000000001,175,75
2026-05-09 17:13:35.569,5,-1.42,-1.42,1.72,68.1772,108.29740000000001,88.1812,175,75
2026-05-09 17:13:35.613,5,-1.41,-1.28,2.0,62.377199999999995,107.3974,-228.99880000000002,175,75
2026-05-09 17:13:35.613,5,-1.04,-1.2,2.0,80.7072,135.92739999999998,-249.9288,175,75
2026-05-09 17:13:35.632,5,-1.14,-0.85,2.0,125.38719999999999,151.3474,-249.9288,175,75
2026-05-09 17:13:35.632,5,-1.35,-0.23,1.99,176.25719999999998,82.6374,-249.9288,175,75
2026-05-09 17:13:35.650,5,-1.17,0.36,1.91,205.03719999999998,-5.8726,-249.9288,175,75
2026-05-09 17:13:35.650,5,-1.09,0.85,2.0,196.3372,-88.9426,-249.9288,175,75
2026-05-09 17:13:35.674,5,-1.05,1.2,2.0,153.9172,-151.5526,-249.9288,175,75
2026-05-09 17:13:35.683,5,-0.82,1.12,2.0,107.0672,-198.1026,-249.9288,175,75
2026-05-09 17:13:35.688,5,-0.36,0.94,2.0,71.99719999999999,-212.14260000000002,-194.4788,175,75
2026-05-09 17:13:35.708,5,0.13,0.75,1.95,52.8672,-186.51260000000002,-66.4588,175,75
2026-05-09 17:13:35.708,5,0.42,0.57,1.8,47.3172,-134.2126,63.4112,175,75
2026-05-09 17:13:35.721,5,0.56,0.5,1.65,41.7872,-76.4326,171.8312,175,75
2026-05-09 17:13:35.732,5,0.58,0.39,1.5,30.7472,-13.5226,250.3412,175,75
2026-05-09 17:13:35.744,5,0.54,0.3,1.36,20.3472,49.6274,250.3412,175,75
2026-05-09 17:13:35.744,5,0.32,0.33,1.23,12.6272,104.7274,250.3412,175,75
2026-05-09 17:13:35.756,5,-0.11,0.25,1.21,11.077200000000001,126.8874,250.3412,175,75
2026-05-09 17:13:35.767,5,-0.72,0.13,1.36,16.647199999999998,84.87740000000001,250.3412,175,75
2026-05-09 17:13:35.770,5,-1.0,-0.08,1.67,19.7972,14.907399999999999,235.35119999999998,175,75
2026-05-09 17:13:35.785,5,-1.02,-0.34,1.68,30.1472,-35.6826,92.4312,175,75
2026-05-09 17:13:35.791,5,-0.93,-0.38,1.38,52.8172,-66.1626,-42.4088,175,75
2026-05-09 17:13:35.831,5,0.07,0.33,0.82,56.377199999999995,-167.5026,-170.8488,175,75
2026-05-09 17:13:35.831,5,0.15,0.3,0.6,38.2872,-188.5226,-136.8288,175,75
2026-05-09 17:13:35.841,5,0.22,0.15,0.35,23.7572,-200.79260000000002,-91.8988,175,75
2026-05-09 17:13:35.863,5,0.22,0.05,-0.24,15.8472,-235.6926,23.9112,175,75
2026-05-09 17:13:35.874,5,0.17,-0.44,-0.49,20.2972,-250.8526,98.7412,175,75
2026-05-09 17:13:35.887,5,0.09,-0.03,-0.66,46.197199999999995,-250.8526,168.6812,175,75
2026-05-09 17:13:35.909,5,0.37,-0.14,-0.75,65.4172,-250.8526,225.81119999999999,175,75
2026-05-09 17:13:35.909,5,0.64,0.1,-0.7,52.7972,-250.8526,250.3412,175,75
2026-05-09 17:13:35.920,5,0.64,0.21,-0.55,20.5172,-250.8526,243.5412,175,75
2026-05-09 17:13:35.920,5,0.22,0.17,-0.26,-14.9728,-184.1926,194.60119999999998,175,75
2026-05-09 17:13:35.942,5,-0.25,0.1,-0.02,-46.47280000000001,-119.6126,114.7312,175,75
2026-05-09 17:13:35.942,5,-0.58,-0.02,0.09,-64.5528,-71.5726,26.281200000000002,175,75
2026-05-09 17:13:35.951,5,-0.64,-0.14,0.16,-68.6228,-31.1726,-53.738800000000005,175,75
2026-05-09 17:13:35.965,5,-0.5,-0.19,0.14,-64.28280000000001,4.7174,-121.38879999999999,175,75
2026-05-09 17:13:35.977,5,-0.3,-0.1,0.04,-51.4328,40.617399999999996,-164.1788,175,75
2026-05-09 17:13:35.981,5,-0.07,0.02,-0.02,-39.8628,75.3974,-188.14880000000002,175,75
2026-05-09 17:13:35.991,5,0.15,0.21,-0.11,-30.6028,110.5574,-202.5088,175,75
2026-05-09 17:13:36.003,5,0.34,0.34,-0.24,-29.1828,146.5974,-198.71880000000002,175,75
2026-05-09 17:13:36.014,5,0.52,0.62,-0.33,-22.212799999999998,178.8074,-175.1288,175,75
2026-05-09 17:13:36.027,5,0.7,0.59,-0.3,-20.0728,203.3674,-110.6288,175,75
2026-05-09 17:13:36.027,5,0.23,0.7,-0.2,-21.0828,194.04739999999998,-25.2688,175,75
2026-05-09 17:13:36.039,5,-0.13,0.61,-0.09,-20.7328,154.7874,31.5212,175,75
2026-05-09 17:13:36.051,5,-0.22,0.45,-0.01,-14.3428,113.4974,74.89120000000001,175,75
2026-05-09 17:13:36.064,5,-0.15,0.32,0.08,-0.23280000000000012,79.6074,122.8712,175,75
2026-05-09 17:13:36.074,5,0.09,0.35,0.17,10.2872,64.7874,165.7412,175,75
2026-05-09 17:13:36.085,5,0.36,0.37,0.26,19.0872,69.3674,222.4812,175,75
2026-05-09 17:13:36.096,5,0.3,0.2,0.25,33.0672,76.01740000000001,250.3412,175,75
2026-05-09 17:13:36.107,5,0.04,0.04,0.4,40.7572,83.0674,250.3412,175,75
2026-05-09 17:13:36.110,5,0.17,0.25,0.42,45.337199999999996,113.4574,250.3412,175,75
2026-05-09 17:13:36.123,5,0.6,0.26,0.7,40.2172,164.2874,250.3412,175,75
2026-05-09 17:13:36.134,5,1.82,0.46,1.35,5.267200000000001,249.4174,250.3412,175,75
2026-05-09 17:13:36.152,5,2.0,0.74,2.0,-59.2828,249.4174,250.3412,175,75
2026-05-09 17:13:36.152,5,1.62,0.79,2.0,-135.8428,249.4174,250.3412,175,75
2026-05-09 17:13:36.159,5,-0.24,-0.24,2.0,-157.9128,249.4174,250.3412,175,75
2026-05-09 17:13:36.185,5,-1.95,-0.87,2.0,-125.4528,249.4174,223.1812,175,75
2026-05-09 17:13:36.185,5,-2.0,-1.56,2.0,-84.61280000000001,249.4174,-14.4788,175,75
2026-05-09 17:13:36.195,5,-2.0,-1.73,1.73,-34.1328,249.4174,-156.7388,175,75
2026-05-09 17:13:36.207,5,-2.0,-1.82,1.87,33.5772,130.7574,-199.3188,175,75
2026-05-09 17:13:36.223,5,-2.0,-1.53,2.0,87.4172,-83.6326,-175.0388,175,75
2026-05-09 17:13:36.223,5,-2.0,-1.02,2.0,125.63719999999999,-238.3426,-179.7288,175,75
2026-05-09 17:13:36.245,5,-2.0,-0.42,2.0,162.2272,-250.8526,-201.1788,175,75
2026-05-09 17:13:36.255,5,-1.32,-0.01,1.95,173.9472,-250.8526,-205.1088,175,75
2026-05-09 17:13:36.255,5,-0.13,0.18,1.27,174.2672,-250.8526,-204.0188,175,75
2026-05-09 17:13:36.266,5,0.41,0.34,1.02,160.2072,-250.8526,-193.1288,175,75
2026-05-09 17:13:36.278,5,0.5,0.34,0.7,136.2272,-250.8526,-156.7988,175,75
2026-05-09 17:13:36.289,5,0.58,0.3,0.25,122.7372,-250.8526,-127.22879999999999,175,75
2026-05-09 17:13:36.299,5,0.89,0.37,-0.54,125.3672,-250.8526,-72.5988,175,75
2026-05-09 17:13:36.310,5,2.0,0.48,-2.0,170.2372,-250.8526,193.9012,175,75
2026-05-09 17:13:36.312,5,2.0,1.45,-2.0,152.1372,-49.8226,250.3412,175,75
2026-05-09 17:13:36.325,5,0.42,0.68,-1.02,74.7072,26.747400000000003,197.6512,175,75
2026-05-09 17:13:36.336,5,-0.66,-0.05,-0.58,38.3572,-38.3126,163.72119999999998,175,75
2026-05-09 17:13:36.349,5,-0.78,-0.59,-0.42,37.017199999999995,-134.6926,181.44119999999998,175,75
2026-05-09 17:13:36.349,5,-1.07,-1.14,-0.44,56.0472,-209.4926,204.8612,175,75
2026-05-09 17:13:36.360,5,0.01,-0.52,0.31,63.0772,-203.8126,240.03119999999998,175,75
2026-05-09 17:13:36.373,5,0.85,-0.54,1.06,74.4772,-85.8026,227.41119999999998,175,75
2026-05-09 17:13:36.387,5,1.45,-0.62,1.52,48.4572,143.4374,129.7412,175,75
2026-05-09 17:13:36.397,5,1.92,-0.22,1.47,34.1072,249.4174,-93.13879999999999,175,75
2026-05-09 17:13:36.402,5,1.58,0.06,2.0,2.8971999999999998,249.4174,-249.9288,175,75
2026-05-09 17:13:36.423,5,1.09,0.48,2.0,-32.082800000000006,246.8374,-249.9288,175,75
2026-05-09 17:13:36.436,5,1.22,0.15,2.0,-68.9628,197.4674,-249.9288,175,75
2026-05-09 17:13:36.452,5,-0.13,-0.19,1.9,-56.272800000000004,249.4174,-249.9288,175,75
2026-05-09 17:13:36.465,5,-1.44,-0.19,1.43,-20.1128,245.07739999999998,-179.61880000000002,175,75
2026-05-09 17:13:36.476,5,-2.0,0.04,1.29,25.8672,74.59740000000001,-52.1588,175,75
2026-05-09 17:13:36.487,5,-1.04,0.91,2.0,28.0072,-145.48260000000002,94.52120000000001,175,75
2026-05-09 17:13:36.499,5,0.07,0.68,2.0,3.0172,-160.9926,245.06119999999999,175,75
2026-05-09 17:13:36.499,5,0.67,0.26,1.88,19.2672,-143.2426,250.3412,175,75
2026-05-09 17:13:36.510,5,0.49,0.25,1.62,34.4972,-106.1326,250.3412,175,75
2026-05-09 17:13:36.513,5,0.5,0.16,1.37,32.0272,-55.8326,250.3412,175,75
2026-05-09 17:13:36.545,5,-0.14,-0.02,1.22,-6.492800000000001,-67.4726,250.3412,175,75
2026-05-09 17:13:36.556,5,-0.49,-0.37,1.26,-30.0228,-164.6926,250.3412,175,75
2026-05-09 17:13:36.556,5,-0.38,-0.96,1.14,-35.942800000000005,-250.8526,250.3412,175,75
2026-05-09 17:13:36.573,5,-0.26,-1.43,0.84,-6.5527999999999995,-250.8526,250.3412,175,75
2026-05-09 17:13:36.573,5,-0.13,-1.65,0.52,27.8672,-246.3126,250.3412,175,75
2026-05-09 17:13:36.584,5,-0.39,-1.75,0.08,61.8572,-190.73260000000002,250.3412,175,75
2026-05-09 17:13:36.595,5,-0.41,-1.68,-0.27,110.4772,-128.82260000000002,80.8212,175,75
2026-05-09 17:13:36.610,5,-0.27,-1.5,-0.51,156.8472,-72.92259999999999,-76.30879999999999,175,75
2026-05-09 17:13:36.628,5,0.45,-0.79,-0.73,181.7972,65.21740000000001,-249.9288,175,75
2026-05-09 17:13:36.638,5,0.62,-1.32,-0.2,189.8072,124.2474,-249.9288,175,75
2026-05-09 17:13:36.649,5,-0.0,-0.51,-0.76,165.6672,126.82740000000001,-231.2588,175,75
2026-05-09 17:13:36.653,5,-0.51,-0.33,-0.63,148.2272,74.6974,-203.9288,175,75
2026-05-09 17:13:36.664,5,-0.82,-0.15,-0.48,125.5672,-10.1526,-185.8888,175,75
2026-05-09 17:13:36.674,5,-0.91,0.06,-0.3,92.24719999999999,-104.4726,-186.83880000000002,175,75
2026-05-09 17:13:36.686,5,-0.8,0.3,-0.1,48.8572,-173.8726,-204.49880000000002,175,75
2026-05-09 17:13:36.698,5,-0.49,0.47,0.09,-8.8628,-207.8826,-237.5988,175,75
2026-05-09 17:13:36.705,5,-0.15,0.53,0.19,-65.6328,-194.04260000000002,-249.9288,175,75
2026-05-09 17:13:36.708,5,0.11,0.59,0.26,-107.5928,-146.42260000000002,-249.9288,175,75
2026-05-09 17:13:36.720,5,0.52,0.54,0.11,-132.21280000000002,-77.95259999999999,-249.9288,175,75
2026-05-09 17:13:36.735,5,2.0,0.73,-0.15,-149.1628,35.1274,-249.9288,175,75
2026-05-09 17:13:36.755,5,2.0,1.59,-0.76,-154.5828,249.4174,111.6812,175,75
2026-05-09 17:13:36.766,5,2.0,1.28,-0.36,-182.4428,249.4174,250.3412,175,75
2026-05-09 17:13:36.777,5,-0.0,2.0,1.79,-204.3828,200.6674,250.3412,175,75
2026-05-09 17:13:36.777,5,-0.17,1.88,2.0,-225.4728,86.84740000000001,250.3412,175,75
2026-05-09 17:13:36.783,5,1.28,0.88,2.0,-249.2728,246.5574,64.36120000000001,175,75
2026-05-09 17:13:36.794,5,2.0,-0.78,2.0,-249.2728,249.4174,124.47120000000001,175,75
2026-05-09 17:13:36.806,5,1.62,-2.0,2.0,-249.2728,249.4174,250.3412,175,75
2026-05-09 17:13:36.817,5,-0.4,-1.77,0.97,-182.4428,249.4174,250.3412,175,75
2026-05-09 17:13:36.828,5,-2.0,-1.46,1.13,-54.6328,169.54739999999998,250.3412,175,75
2026-05-09 17:13:36.828,5,-2.0,-1.23,1.64,23.5772,-101.9926,250.3412,175,75
2026-05-09 17:13:36.840,5,-2.0,-1.42,1.73,55.877199999999995,-250.8526,250.3412,175,75
2026-05-09 17:13:36.864,5,-2.0,-1.34,1.86,80.0172,-250.8526,-167.7388,175,75
2026-05-09 17:13:36.864,5,-1.75,-1.58,2.0,103.7972,-238.8026,-249.9288,175,75
2026-05-09 17:13:36.889,5,-1.08,-1.24,2.0,120.93719999999999,-142.76260000000002,-249.9288,175,75
2026-05-09 17:13:36.889,5,-1.14,-0.63,1.67,174.4672,-181.57260000000002,-249.9288,175,75
2026-05-09 17:13:36.900,5,0.2,0.43,1.3,228.2672,-207.42260000000002,-249.9288,175,75
2026-05-09 17:13:36.912,5,1.01,1.0,1.23,250.9972,-197.4626,-249.9288,175,75
2026-05-09 17:13:36.925,5,1.15,1.43,1.17,250.8772,-195.98260000000002,-249.9288,175,75
2026-05-09 17:13:36.929,5,1.07,1.15,1.03,223.3372,-183.5626,-249.9288,175,75
2026-05-09 17:13:36.937,5,1.25,1.5,0.87,170.0872,-122.6026,-249.9288,175,75
2026-05-09 17:13:36.962,5,1.13,1.22,0.61,101.9272,-59.5326,-232.5988,175,75
2026-05-09 17:13:36.962,5,0.68,1.05,0.21,45.5472,-40.7626,-69.6288,175,75
2026-05-09 17:13:36.972,5,0.5,0.92,-0.13,-0.5327999999999999,-61.4226,75.02120000000001,175,75
2026-05-09 17:13:36.983,5,-0.06,0.76,0.02,-20.5628,-115.31259999999999,202.5412,175,75
2026-05-09 17:13:37.006,5,0.07,0.94,-0.56,-50.022800000000004,-165.9926,250.3412,175,75
2026-05-09 17:13:37.017,5,0.27,0.63,-0.86,-52.22280000000001,-177.4026,250.3412,175,75
2026-05-09 17:13:37.028,5,0.22,0.27,-1.06,-25.9128,-140.4426,250.3412,175,75
2026-05-09 17:13:37.036,5,0.6,-0.12,-1.31,26.7072,-84.3326,250.3412,175,75
2026-05-09 17:13:37.051,5,1.18,-0.34,-1.66,98.0872,3.4273999999999996,250.3412,175,75
2026-05-09 17:13:37.071,5,0.23,0.04,-1.05,146.8972,83.4774,236.0512,175,75
2026-05-09 17:13:37.082,5,-0.22,-0.03,-0.27,150.4672,99.6974,147.3912,175,75
2026-05-09 17:13:37.093,5,1.01,-0.63,0.49,156.3072,170.10739999999998,147.7912,175,75
2026-05-09 17:13:37.105,5,2.0,-0.93,1.57,165.9372,249.4174,228.6212,175,75
2026-05-09 17:13:37.105,5,2.0,0.71,1.69,122.8772,249.4174,250.3412,175,75
2026-05-09 17:13:37.122,5,2.0,2.0,2.0,34.307199999999995,249.4174,250.3412,175,75
2026-05-09 17:13:37.133,5,1.67,1.1,2.0,42.7572,249.4174,250.3412,175,75
2026-05-09 17:13:37.133,5,-0.73,1.08,2.0,-11.9628,249.4174,3.4812,175,75
2026-05-09 17:13:37.173,5,-2.0,0.06,1.91,-70.2428,58.8474,-69.3188,175,75
2026-05-09 17:13:37.185,5,-2.0,-0.13,1.94,-74.7628,-141.7726,51.7112,175,75
2026-05-09 17:13:37.185,5,-1.57,-0.3,2.0,-74.7628,-193.79260000000002,198.4012,175,75
2026-05-09 17:13:37.194,5,-0.36,-0.34,2.0,-46.762800000000006,-167.3426,250.3412,175,75
2026-05-09 17:13:37.205,5,-0.27,0.01,2.0,-23.4728,-216.9926,250.3412,175,75
2026-05-09 17:13:37.215,5,-0.1,-0.08,2.0,-49.3828,-250.8526,250.3412,175,75
2026-05-09 17:13:37.226,5,-0.26,0.01,1.93,-107.2228,-250.8526,250.3412,175,75
2026-05-09 17:13:37.238,5,-0.17,-0.6,1.4,-141.9128,-250.8526,250.3412,175,75
2026-05-09 17:13:37.238,5,-0.13,-0.97,0.95,-143.6128,-250.8526,250.3412,175,75
2026-05-09 17:13:37.258,5,0.12,-1.47,0.01,-75.61280000000001,-246.0826,250.3412,175,75
2026-05-09 17:13:37.270,5,-0.28,-1.39,-0.5,17.1572,-80.92259999999999,-30.148799999999998,175,75
2026-05-09 17:13:37.281,5,-0.09,-1.21,-0.74,57.8972,-52.2426,-125.5488,175,75
2026-05-09 17:13:37.292,5,0.19,-0.93,-1.01,81.6272,-31.6026,-161.1788,175,75
2026-05-09 17:13:37.292,5,0.44,-0.56,-1.32,113.4772,8.6474,-167.7888,175,75
2026-05-09 17:13:37.303,5,0.49,-0.53,-1.04,99.8472,49.8874,-168.83880000000002,175,75
2026-05-09 17:13:37.327,5,-0.4,-0.22,-0.64,51.2072,22.817400000000003,-146.2888,175,75
2026-05-09 17:13:37.339,5,-0.75,-0.07,-0.41,27.4872,-37.7526,-151.1688,175,75
2026-05-09 17:13:37.339,5,-0.83,0.01,-0.25,3.4672,-106.1426,-161.64880000000002,175,75
2026-05-09 17:13:37.350,5,-0.53,0.13,-0.09,-24.032799999999998,-152.64260000000002,-166.2588,175,75
2026-05-09 17:13:37.363,5,-0.03,0.22,0.07,-54.9228,-147.1526,-168.0188,175,75
2026-05-09 17:13:37.374,5,0.34,0.25,0.11,-82.5228,-96.03259999999999,-170.52880000000002,175,75
2026-05-09 17:13:37.420,5,0.6,0.31,0.07,-103.2728,-22.022599999999997,-175.0088,175,75
2026-05-09 17:13:37.420,5,0.74,0.26,-0.02,-113.11280000000001,52.8274,-168.1788,175,75
2026-05-09 17:13:37.420,5,1.04,0.25,-0.14,-111.00280000000001,133.10739999999998,-146.4588,175,75
2026-05-09 17:13:37.420,5,1.35,0.33,-0.29,-98.4328,224.9074,-99.5988,175,75
2026-05-09 17:13:37.446,5,2.0,0.75,-0.32,-85.5228,249.4174,-5.6588,175,75
2026-05-09 17:13:37.491,5,1.88,-0.0,1.84,-122.0528,249.4174,96.7812,175,75
2026-05-09 17:13:37.524,5,-2.0,-1.01,2.0,-59.2928,227.6174,250.3412,175,75
2026-05-09 17:13:37.524,5,-2.0,-1.26,1.75,-11.5128,23.3674,246.81119999999999,175,75
2026-05-09 17:13:37.536,5,-2.0,-1.42,1.61,44.657199999999996,-127.78259999999999,31.031200000000002,175,75
2026-05-09 17:13:37.558,5,-2.0,-1.33,1.82,97.9772,-191.23260000000002,-153.18880000000001,175,75
2026-05-09 17:13:37.558,5,-1.6,-1.1,2.0,117.9572,-144.1926,-249.9288,175,75
2026-05-09 17:13:37.569,5,-1.22,-0.81,2.0,112.63719999999999,-118.26259999999999,-249.9288,175,75
2026-05-09 17:13:37.569,5,-1.16,-0.41,1.83,140.75719999999998,-184.5826,-249.9288,175,75
2026-05-09 17:13:37.592,5,0.49,0.24,1.28,180.75719999999998,-170.0326,-249.9288,175,75
2026-05-09 17:13:37.604,5,0.48,0.47,1.1,173.2772,-122.7226,-249.9288,175,75
2026-05-09 17:13:37.614,5,0.16,0.61,0.93,148.75719999999998,-97.73259999999999,-249.9288,175,75
2026-05-09 17:13:37.627,5,-0.15,0.68,0.73,116.3072,-96.1126,-249.9288,175,75
2026-05-09 17:13:37.627,5,-0.31,0.74,0.56,79.3772,-108.48259999999999,-249.9288,175,75
2026-05-09 17:13:37.641,5,-0.2,0.77,0.4,40.9972,-135.3126,-249.9288,175,75
2026-05-09 17:13:37.667,5,2.0,1.19,0.07,25.6472,-148.14260000000002,4.1012,175,75
2026-05-09 17:13:37.667,5,2.0,1.43,0.24,16.6872,-76.9626,243.8712,175,75
2026-05-09 17:13:37.682,5,2.0,1.29,0.33,-1.0228,11.657399999999999,250.3412,175,75
2026-05-09 17:13:37.688,5,1.64,0.95,0.48,-21.7228,81.5274,250.3412,175,75
2026-05-09 17:13:37.708,5,1.39,0.61,1.01,-57.5728,106.32740000000001,250.3412,175,75
2026-05-09 17:13:37.708,5,1.83,0.52,1.74,-109.7328,90.26740000000001,250.3412,175,75
2026-05-09 17:13:37.721,5,1.1,-0.71,2.0,-143.8128,-6.9926,250.3412,175,75
2026-05-09 17:13:37.735,5,1.18,-1.77,2.0,-79.1828,1.4973999999999998,250.3412,175,75
2026-05-09 17:13:37.749,5,0.1,-1.2,2.0,-4.402799999999999,149.3674,250.3412,175,75
2026-05-09 17:13:37.759,5,-1.73,-0.75,2.0,14.3972,249.4174,-130.2388,175,75
2026-05-09 17:13:37.771,5,-2.0,-1.07,2.0,-13.1828,237.7274,-249.9288,175,75
2026-05-09 17:13:37.792,5,-1.15,-0.91,1.69,77.9472,-45.0126,-220.5088,175,75
2026-05-09 17:13:37.804,5,-0.82,-0.25,1.74,101.1772,-158.1326,-134.1788,175,75
2026-05-09 17:13:37.815,5,-0.46,0.12,1.58,78.99719999999999,-230.7826,-72.6888,175,75
2026-05-09 17:13:37.825,5,0.47,-0.03,1.12,49.3272,-250.8526,-12.8088,175,75
2026-05-09 17:13:37.849,5,1.55,-0.39,-0.32,81.3372,-179.4426,250.3412,175,75
2026-05-09 17:13:37.860,5,2.0,-0.33,-1.3,127.5672,-60.4926,250.3412,175,75
2026-05-09 17:13:37.872,5,1.86,-0.23,-1.33,133.3072,81.9174,250.3412,175,75
2026-05-09 17:13:37.885,5,0.51,-0.3,-0.76,100.68719999999999,121.6174,250.3412,175,75
2026-05-09 17:13:37.897,5,-0.32,-0.31,-0.26,87.0572,110.76740000000001,250.3412,175,75
2026-05-09 17:13:37.908,5,-0.77,-0.31,-0.1,56.1072,70.1774,199.3412,175,75
2026-05-09 17:13:37.908,5,-1.0,-0.35,-0.18,37.487199999999994,14.157399999999999,116.8412,175,75
2026-05-09 17:13:37.921,5,-1.04,-0.29,-0.29,22.2572,-40.052600000000005,10.2712,175,75
2026-05-09 17:13:37.932,5,-0.65,-0.2,-0.39,6.9772,-62.7626,-100.7088,175,75
2026-05-09 17:13:37.944,5,-0.32,-0.1,-0.37,-6.1828,-50.4926,-189.8188,175,75
2026-05-09 17:13:37.961,5,-0.22,0.02,-0.13,-33.012800000000006,-28.822599999999998,-249.9288,175,75
2026-05-09 17:13:37.971,5,-0.12,0.03,0.01,-40.6328,-19.2126,-249.9288,175,75
2026-05-09 17:13:37.978,5,-0.02,0.13,0.15,-42.022800000000004,-1.8925999999999998,-249.9288,175,75
2026-05-09 17:13:38.003,5,0.05,0.1,0.23,-37.22280000000001,29.5574,-249.9288,175,75
2026-05-09 17:13:38.013,5,0.1,0.24,0.29,-36.2128,62.7874,-249.9288,175,75
2026-05-09 17:13:38.014,5,0.08,0.56,-0.01,-46.1328,91.76740000000001,-249.9288,175,75
2026-05-09 17:13:38.025,5,0.23,0.35,0.31,-40.6828,122.0274,-249.9288,175,75
2026-05-09 17:13:38.038,5,0.46,0.4,0.31,-40.662800000000004,160.6274,-249.9288,175,75
2026-05-09 17:13:38.038,5,0.81,0.56,0.33,-42.7928,201.73739999999998,-158.7988,175,75
2026-05-09 17:13:38.050,5,0.74,0.74,0.27,-42.7428,219.8974,-26.6388,175,75
2026-05-09 17:13:38.064,5,0.63,0.79,0.41,-17.1928,183.1174,121.1012,175,75
2026-05-09 17:13:38.075,5,0.49,0.86,0.8,14.6172,118.2074,247.85119999999998,175,75
2026-05-09 17:13:38.087,5,0.51,0.73,1.16,14.9072,60.767399999999995,250.3412,175,75
2026-05-09 17:13:38.097,5,0.54,0.63,1.48,-12.422799999999999,-18.952599999999997,250.3412,175,75
2026-05-09 17:13:38.109,5,0.05,0.28,1.74,-50.2428,-145.5326,250.3412,175,75
2026-05-09 17:13:38.109,5,0.2,-0.09,1.67,-71.6028,-250.8526,250.3412,175,75
2026-05-09 17:13:38.120,5,0.82,-0.71,1.52,-67.4628,-250.8526,250.3412,175,75
2026-05-09 17:13:38.144,5,2.0,-0.72,1.55,-12.1128,32.6374,-76.63879999999999,175,75
2026-05-09 17:13:38.166,5,2.0,-0.54,1.8,14.2672,249.4174,-132.1588,175,75
2026-05-09 17:13:38.166,5,1.77,-0.72,1.84,-4.9228000000000005,249.4174,-56.1988,175,75
2026-05-09 17:13:38.179,5,1.21,-0.89,2.0,-91.53280000000001,249.4174,118.8412,175,75
2026-05-09 17:13:38.179,5,0.45,-1.11,1.36,-111.3428,249.17739999999998,250.3412,175,75
2026-05-09 17:13:38.203,5,-1.47,-1.05,1.15,-0.29279999999999995,162.8374,227.5512,175,75
2026-05-09 17:13:38.215,5,-1.82,-0.79,1.68,30.0272,127.07740000000001,76.8112,175,75
2026-05-09 17:13:38.227,5,-1.83,-0.71,2.0,34.4972,131.13739999999999,-125.63879999999999,175,75
2026-05-09 17:13:38.227,5,-1.59,-0.62,2.0,33.907199999999996,157.92739999999998,-249.9288,175,75
2026-05-09 17:13:38.244,5,-1.07,-0.74,2.0,44.4372,191.3474,-249.9288,175,75
2026-05-09 17:13:38.259,5,-0.89,-0.72,2.0,83.1672,181.1974,-249.9288,175,75
2026-05-09 17:13:38.268,5,-0.86,-0.39,2.0,143.28719999999998,92.21740000000001,-249.9288,175,75
2026-05-09 17:13:38.269,5,-1.09,0.08,2.0,182.4172,10.7974,-249.9288,175,75
2026-05-09 17:13:38.280,5,-1.41,0.46,2.0,187.6272,-45.2226,-230.7088,175,75
2026-05-09 17:13:38.291,5,-1.46,0.56,1.97,168.4172,-88.45259999999999,-170.96880000000002,175,75
2026-05-09 17:13:38.303,5,-1.19,0.51,1.88,147.6372,-123.3826,-94.63879999999999,175,75
2026-05-09 17:13:38.322,5,-0.43,0.32,1.75,130.5972,-122.90259999999999,84.61120000000001,175,75
2026-05-09 17:13:38.328,5,-0.2,0.35,1.72,117.6672,-104.15259999999999,160.28119999999998,175,75
2026-05-09 17:13:38.340,5,0.05,0.35,1.58,96.7972,-87.8226,226.5212,175,75
2026-05-09 17:13:38.356,5,0.19,0.25,1.39,76.3672,-88.8026,250.3412,175,75
2026-05-09 17:13:38.356,5,0.07,0.13,1.21,57.597199999999994,-109.0726,250.3412,175,75
2026-05-09 17:13:38.386,5,-0.21,-0.17,0.82,9.5972,-202.8426,250.3412,175,75
2026-05-09 17:13:38.391,5,0.11,-0.35,0.6,-11.752799999999999,-246.6226,232.7712,175,75
2026-05-09 17:13:38.401,5,0.61,-0.4,0.37,-18.2228,-220.6026,177.3912,175,75
2026-05-09 17:13:38.416,5,0.77,-0.31,0.19,-22.9728,-136.1526,104.64120000000001,175,75
2026-05-09 17:13:38.428,5,0.58,-0.21,-0.01,-36.6328,-48.3126,14.6812,175,75
2026-05-09 17:13:38.428,5,0.24,-0.12,-0.12,-50.1428,3.7874,-60.598800000000004,175,75
2026-05-09 17:13:38.439,5,-0.01,0.01,-0.15,-58.122800000000005,19.977400000000003,-105.99879999999999,175,75
2026-05-09 17:13:38.450,5,-0.16,0.11,-0.16,-66.14280000000001,20.9174,-141.64880000000002,175,75
2026-05-09 17:13:38.461,5,-0.26,0.18,-0.16,-74.53280000000001,10.5274,-177.89880000000002,175,75
2026-05-09 17:13:38.474,5,-0.28,0.33,-0.22,-66.1628,-8.272599999999999,-218.39880000000002,175,75
2026-05-09 17:13:38.484,5,-0.31,0.2,-0.1,-61.442800000000005,-28.072599999999998,-249.9288,175,75
2026-05-09 17:13:38.496,5,-0.17,0.09,-0.05,-52.3228,-42.5026,-249.9288,175,75
2026-05-09 17:13:38.501,5,0.08,-0.06,0.1,-34.8628,-39.0726,-230.7388,175,75
2026-05-09 17:13:38.515,5,0.22,0.02,0.26,-21.8128,-26.592599999999997,-182.0988,175,75
2026-05-09 17:13:38.528,5,0.3,0.19,0.14,-15.5028,-3.0826000000000002,-108.1588,175,75
2026-05-09 17:13:38.539,5,0.09,0.08,0.47,-23.0228,62.4374,37.3012,175,75
2026-05-09 17:13:38.551,5,-0.06,0.14,0.42,-34.2828,85.3374,71.97120000000001,175,75
2026-05-09 17:13:38.562,5,-0.1,0.13,0.3,-41.4628,99.93740000000001,92.2812,175,75
2026-05-09 17:13:38.572,5,-0.08,0.09,0.19,-39.092800000000004,109.3974,102.6012,175,75
2026-05-09 17:13:38.582,5,-0.01,0.08,0.11,-30.8928,119.2074,102.3812,175,75
2026-05-09 17:13:38.593,5,0.08,0.12,0.07,-18.9028,128.7874,107.0912,175,75
2026-05-09 17:13:38.606,5,0.25,0.16,0.04,-5.982799999999999,137.70739999999998,111.2612,175,75
2026-05-09 17:13:38.618,5,0.4,0.25,-0.01,19.9172,104.7874,170.7712,175,75
2026-05-09 17:13:38.618,5,0.19,0.27,-0.01,49.7472,11.4474,228.7412,175,75
2026-05-09 17:13:38.629,5,0.12,0.36,0.18,57.1072,-72.6326,232.2412,175,75
2026-05-09 17:13:38.642,5,0.23,0.24,0.14,49.657199999999996,-120.1126,220.6712,175,75
2026-05-09 17:13:38.652,5,0.15,0.35,0.17,34.1872,-120.3826,169.5212,175,75
2026-05-09 17:13:38.694,5,0.07,0.2,0.17,16.307199999999998,-105.9426,114.39120000000001,175,75
2026-05-09 17:13:38.710,5,0.11,-0.17,0.1,20.2572,-92.01259999999999,91.3812,175,75
2026-05-09 17:13:38.710,5,0.02,-0.15,0.14,34.947199999999995,-74.5726,78.4512,175,75
2026-05-09 17:13:38.724,5,-0.02,-0.04,0.38,41.5072,-46.842600000000004,47.9112,175,75
2026-05-09 17:13:38.724,5,0.53,-0.25,0.62,46.8172,13.407399999999999,31.191200000000002,175,75
2026-05-09 17:13:38.737,5,1.45,-0.52,0.9,66.3372,163.85739999999998,62.7812,175,75
2026-05-09 17:13:38.747,5,1.59,-0.04,1.77,84.68719999999999,249.4174,109.7112,175,75
2026-05-09 17:13:38.758,5,0.78,0.82,2.0,-6.982799999999999,249.4174,93.8112,175,75
2026-05-09 17:13:38.758,5,-2.0,0.38,2.0,-156.2728,249.4174,-0.44880000000000003,175,75
2026-05-09 17:13:38.783,5,-2.0,-1.11,1.88,-95.2228,249.4174,-249.9288,175,75
2026-05-09 17:13:38.783,5,-2.0,-1.32,1.42,-6.5428,-14.4426,-249.9288,175,75
2026-05-09 17:13:38.794,5,-2.0,-0.82,1.77,74.7872,-250.8526,-219.3588,175,75
2026-05-09 17:13:38.816,5,-2.0,0.22,2.0,197.6272,-250.8526,-156.0188,175,75
2026-05-09 17:13:38.827,5,-1.49,0.56,1.93,250.9972,-250.8526,-95.7988,175,75
2026-05-09 17:13:38.827,5,0.28,0.82,1.29,250.9972,-250.8526,-67.3688,175,75
2026-05-09 17:13:38.839,5,0.73,0.94,0.83,223.6872,-250.8526,-32.7688,175,75
2026-05-09 17:13:38.861,5,1.31,0.8,0.46,173.4772,-250.8526,0.5512,175,75
2026-05-09 17:13:38.861,5,2.0,0.31,-0.45,146.6072,-250.8526,110.8212,175,75
2026-05-09 17:13:38.872,5,2.0,0.66,-2.0,153.6872,-86.1426,250.3412,175,75
2026-05-09 17:13:38.897,5,0.48,0.1,-1.47,116.7872,221.23739999999998,250.3412,175,75
2026-05-09 17:13:38.906,5,-0.74,-0.14,-0.95,97.4172,132.6574,250.3412,175,75
2026-05-09 17:13:38.919,5,-1.32,-0.09,-0.1,66.3072,24.0774,250.3412,175,75
2026-05-09 17:13:38.930,5,-1.4,-0.2,0.28,27.1872,-60.0626,250.3412,175,75
2026-05-09 17:13:38.943,5,-0.93,-0.55,0.65,-8.2828,-89.56259999999999,176.7612,175,75
2026-05-09 17:13:38.954,5,-0.57,-1.09,1.08,-8.1428,-28.682599999999997,53.1012,175,75
2026-05-09 17:13:38.964,5,0.5,-1.31,1.11,-6.502800000000001,120.1074,-142.6988,175,75
2026-05-09 17:13:38.964,5,0.44,-1.04,1.96,15.8972,249.4174,-249.9288,175,75
2026-05-09 17:13:38.980,5,-0.15,-0.38,2.0,31.2272,249.4174,-249.9288,175,75
2026-05-09 17:13:38.980,5,1.38,0.97,2.0,45.307199999999995,222.1674,-249.9288,175,75
2026-05-09 17:13:39.013,5,-0.65,0.97,2.0,17.9172,35.367399999999996,-249.9288,175,75
2026-05-09 17:13:39.013,5,-1.5,1.24,1.77,-0.6928000000000001,-31.4726,-249.9288,175,75
2026-05-09 17:13:39.046,5,-1.63,0.94,1.47,18.6172,-250.8526,-241.5488,175,75
2026-05-09 17:13:39.058,5,-0.71,0.89,1.56,45.8972,-250.8526,-85.4388,175,75
2026-05-09 17:13:39.077,5,1.65,1.36,1.8,87.7572,-219.11260000000001,245.5212,175,75
2026-05-09 17:13:39.077,5,1.82,1.2,1.54,87.1772,-70.5526,250.3412,175,75
2026-05-09 17:13:39.090,5,0.89,1.19,1.4,57.5672,55.2474,250.3412,175,75
2026-05-09 17:13:39.117,5,0.49,0.68,0.92,-20.8828,213.5374,250.3412,175,75
2026-05-09 17:13:39.117,5,0.32,0.49,0.69,-35.9228,249.4174,250.3412,175,75
2026-05-09 17:13:39.140,5,-1.02,0.62,1.15,-72.0728,200.2874,250.3412,175,75
2026-05-09 17:13:39.140,5,-1.55,-0.2,1.68,-85.2028,65.2574,250.3412,175,75
2026-05-09 17:13:39.152,5,-1.39,-0.91,1.95,-88.5728,-56.8326,250.3412,175,75
2026-05-09 17:13:39.165,5,-1.42,-1.29,1.7,-76.9828,-127.26259999999999,250.3412,175,75
2026-05-09 17:13:39.178,5,-1.53,-1.37,1.3,-53.1128,-190.4726,250.3412,175,75
2026-05-09 17:13:39.188,5,-1.17,-1.27,0.88,-34.9228,-246.9326,176.94119999999998,175,75
2026-05-09 17:13:39.199,5,-0.58,-1.2,0.52,-23.7428,-250.8526,126.7012,175,75
2026-05-09 17:13:39.210,5,0.06,-1.2,0.11,-11.3728,-250.8526,101.14120000000001,175,75
2026-05-09 17:13:39.210,5,1.22,-1.35,-0.91,-2.4028,-198.23260000000002,-10.3888,175,75
2026-05-09 17:13:39.235,5,1.03,-1.76,-0.94,35.097199999999994,73.4574,-159.0188,175,75
2026-05-09 17:13:39.258,5,-1.42,-0.22,-0.76,27.9272,-45.2626,-203.9088,175,75
2026-05-09 17:13:39.271,5,-1.21,0.41,-0.28,-35.7028,-250.8526,-249.9288,175,75
2026-05-09 17:13:39.282,5,-0.32,0.54,-0.09,-76.8028,-250.8526,-249.9288,175,75
2026-05-09 17:13:39.295,5,0.41,0.65,0.09,-115.2428,-227.3826,-249.9288,175,75
2026-05-09 17:13:39.305,5,1.09,0.9,0.2,-158.6028,-113.2426,-249.9288,175,75
2026-05-09 17:13:39.317,5,2.0,1.13,-0.12,-190.3428,45.5274,-249.9288,175,75
2026-05-09 17:13:39.337,5,2.0,2.0,0.31,-249.2728,249.4174,-14.2688,175,75
2026-05-09 17:13:39.353,5,1.52,2.0,2.0,-249.2728,249.4174,250.3412,175,75
2026-05-09 17:13:39.368,5,0.9,-0.21,1.17,-249.2728,249.4174,250.3412,175,75
2026-05-09 17:13:39.393,5,-2.0,0.3,1.8,-214.9828,249.4174,250.3412,175,75
2026-05-09 17:13:39.408,5,-2.0,-1.42,2.0,-204.1528,-52.8126,250.3412,175,75
2026-05-09 17:13:39.418,5,-2.0,-1.66,1.66,-154.0628,-250.8526,250.3412,175,75
2026-05-09 17:13:39.418,5,-2.0,-1.84,1.26,-97.6828,-250.8526,250.3412,175,75
2026-05-09 17:13:39.441,5,-2.0,-1.98,1.19,-26.2328,-250.8526,-23.6788,175,75
2026-05-09 17:13:39.453,5,-1.27,-2.0,1.64,25.1072,-250.8526,-171.36880000000002,175,75
2026-05-09 17:13:39.466,5,-0.15,-1.13,1.01,61.6372,-250.8526,-249.9288,175,75
2026-05-09 17:13:39.477,5,1.26,-0.44,0.81,98.8772,-175.3726,-249.9288,175,75
2026-05-09 17:13:39.487,5,1.48,-0.0,0.6,129.3372,-7.4126,-249.9288,175,75
2026-05-09 17:13:39.498,5,1.26,0.3,0.57,142.1172,128.4374,-249.9288,175,75
2026-05-09 17:13:39.498,5,0.88,0.55,0.52,134.3472,223.88739999999999,-249.9288,175,75
2026-05-09 17:13:39.509,5,1.56,0.68,0.26,132.4972,190.42739999999998,-249.9288,175,75
2026-05-09 17:13:39.523,5,0.83,0.89,0.52,135.1472,107.4274,-240.9788,175,75
2026-05-09 17:13:39.534,5,0.04,0.97,0.91,93.5272,94.9174,-182.96880000000002,175,75
2026-05-09 17:13:39.547,5,-0.42,0.81,0.88,37.587199999999996,90.62740000000001,-171.9088,175,75
2026-05-09 17:13:39.558,5,-0.32,0.42,0.59,-26.5728,54.227399999999996,-68.4088,175,75
2026-05-09 17:13:39.571,5,-0.28,0.48,0.42,-24.212799999999998,5.4974,52.541199999999996,175,75
2026-05-09 17:13:39.581,5,0.05,0.54,0.23,-18.372799999999998,-34.8126,167.81119999999999,175,75
2026-05-09 17:13:39.589,5,0.61,0.46,-0.02,0.5072,-46.732600000000005,250.3412,175,75
2026-05-09 17:13:39.613,5,1.37,0.3,-0.33,77.82719999999999,-8.7426,250.3412,175,75
2026-05-09 17:13:39.623,5,1.19,0.29,-0.25,112.6772,17.8274,250.3412,175,75
2026-05-09 17:13:39.648,5,0.77,0.54,0.97,-3.6927999999999996,-222.3326,250.3412,175,75
2026-05-09 17:13:39.648,5,1.59,-1.7,1.23,-50.802800000000005,-217.4726,250.3412,175,75
2026-05-09 17:13:39.659,5,2.0,-2.0,1.0,48.5772,-6.1126000000000005,250.3412,175,75
2026-05-09 17:13:39.672,5,0.68,-1.45,1.43,186.9072,249.4174,250.3412,175,75
2026-05-09 17:13:39.685,5,-0.92,-0.66,2.0,230.78719999999998,249.4174,-3.0488,175,75
2026-05-09 17:13:39.698,5,-1.93,-0.52,2.0,230.8372,249.4174,-249.9288,175,75
2026-05-09 17:13:39.720,5,-2.0,-0.0,2.0,158.6072,249.4174,-249.9288,175,75
2026-05-09 17:13:39.720,5,-2.0,0.78,2.0,146.0772,29.177400000000002,-249.9288,175,75
2026-05-09 17:13:39.741,5,-2.0,1.13,2.0,101.4172,-163.95260000000002,-249.9288,175,75
2026-05-09 17:13:39.752,5,-1.89,0.95,2.0,35.157199999999996,-250.8526,-158.2088,175,75
2026-05-09 17:13:39.752,5,-0.87,0.28,2.0,28.8472,-250.8526,43.651199999999996,175,75
2026-05-09 17:13:39.773,5,0.54,0.08,1.7,59.267199999999995,-250.8526,250.3412,175,75
2026-05-09 17:13:39.792,5,1.07,-0.21,0.65,46.737199999999994,-191.9426,250.3412,175,75
2026-05-09 17:13:39.813,5,0.3,-0.11,0.7,45.3572,-207.5326,250.3412,175,75
2026-05-09 17:13:39.813,5,-0.04,-0.27,0.64,10.2072,-250.8526,250.3412,175,75
2026-05-09 17:13:39.825,5,0.12,-1.08,0.36,-77.50280000000001,-250.8526,250.3412,175,75
2026-05-09 17:13:39.838,5,0.9,-1.9,-0.43,-100.92280000000001,-250.8526,250.3412,175,75
2026-05-09 17:13:39.838,5,-0.55,-1.61,-0.52,-58.692800000000005,-118.6326,149.8612,175,75
2026-05-09 17:13:39.849,5,-1.36,-1.23,-0.36,-13.0528,-70.5026,-78.19879999999999,175,75
2026-05-09 17:13:39.867,5,-1.04,-0.97,-0.39,26.6872,-62.552600000000005,-213.3888,175,75
2026-05-09 17:13:39.872,5,-0.42,-0.67,-0.57,45.097199999999994,-56.052600000000005,-249.9288,175,75
2026-05-09 17:13:39.887,5,0.07,-0.69,-0.45,36.417199999999994,-29.6026,-249.9288,175,75
2026-05-09 17:13:39.900,5,0.23,-0.32,-0.62,36.4972,2.1673999999999998,-249.9288,175,75
2026-05-09 17:13:39.900,5,0.1,-0.23,-0.66,14.9472,8.077399999999999,-232.08880000000002,175,75
2026-05-09 17:13:39.914,5,-0.2,-0.05,-0.59,-8.8928,-16.252599999999997,-202.9288,175,75
2026-05-09 17:13:39.927,5,-0.36,0.13,-0.46,-40.402800000000006,-56.6926,-192.99880000000002,175,75
2026-05-09 17:13:39.935,5,-0.23,0.27,-0.27,-74.4628,-80.4926,-202.3488,175,75
2026-05-09 17:13:39.938,5,0.04,0.21,-0.15,-100.0528,-69.9326,-219.5488,175,75
2026-05-09 17:13:39.949,5,0.19,0.14,-0.09,-108.1628,-39.1226,-234.4088,175,75
2026-05-09 17:13:39.961,5,0.41,0.11,-0.08,-102.1828,7.2374,-236.8888,175,75
2026-05-09 17:13:39.994,5,0.92,0.33,-0.12,-78.9828,138.6274,-224.5188,175,75
2026-05-09 17:13:39.994,5,1.78,0.54,-0.15,-84.03280000000001,242.79739999999998,-193.8488,175,75
2026-05-09 17:13:40.015,5,2.0,1.41,-0.18,-92.5528,249.4174,30.2912,175,75
2026-05-09 17:13:40.015,5,2.0,1.64,0.33,-94.2128,249.4174,250.3412,175,75
2026-05-09 17:13:40.026,5,0.78,2.0,1.88,-120.3728,215.3974,250.3412,175,75
2026-05-09 17:13:40.050,5,1.29,0.24,1.86,-191.3928,249.4174,164.2112,175,75
2026-05-09 17:13:40.050,5,0.98,-0.75,1.6,-201.6628,249.4174,250.3412,175,75
2026-05-09 17:13:40.062,5,-0.38,-1.06,1.14,-195.5028,249.4174,250.3412,175,75
2026-05-09 17:13:40.074,5,-2.0,-1.23,1.11,-139.3328,249.4174,250.3412,175,75
2026-05-09 17:13:40.109,5,-2.0,-1.4,1.62,34.8172,-250.8526,-45.8388,175,75
2026-05-09 17:13:40.120,5,-0.94,-1.25,2.0,107.07719999999999,-171.6626,-249.9288,175,75
2026-05-09 17:13:40.130,5,-1.14,-0.73,2.0,141.4972,-123.2126,-249.9288,175,75
2026-05-09 17:13:40.141,5,-0.56,-0.06,1.58,188.8372,-164.7426,-249.9288,175,75
2026-05-09 17:13:40.152,5,0.33,0.51,1.41,224.81719999999999,-176.11260000000001,-249.9288,175,75
2026-05-09 17:13:40.164,5,0.51,0.65,1.25,235.3072,-165.76260000000002,-249.9288,175,75
2026-05-09 17:13:40.193,5,0.21,0.8,0.85,195.8372,-153.2726,-249.9288,175,75
2026-05-09 17:13:40.203,5,0.15,0.67,0.64,157.2672,-138.7426,-249.9288,175,75
2026-05-09 17:13:40.214,5,0.29,0.57,0.45,126.9072,-129.92260000000002,-169.7688,175,75
2026-05-09 17:13:40.225,5,0.15,0.66,0.4,93.7772,-125.5426,-66.3688,175,75
2026-05-09 17:13:40.235,5,0.04,0.81,0.36,49.447199999999995,-143.9926,15.251199999999999,175,75
2026-05-09 17:13:40.236,5,0.18,0.88,0.36,-1.8728000000000002,-151.73260000000002,73.0712,175,75
2026-05-09 17:13:40.246,5,1.06,0.77,0.38,-47.082800000000006,-101.6326,147.60119999999998,175,75
2026-05-09 17:13:40.267,5,2.0,0.62,0.02,-69.2128,132.60739999999998,250.3412,175,75
2026-05-09 17:13:40.278,5,1.46,0.5,-0.01,-49.0028,249.4174,250.3412,175,75
2026-05-09 17:13:40.298,5,0.85,0.78,1.49,-56.8528,117.7774,250.3412,175,75
2026-05-09 17:13:40.309,5,0.61,-0.53,2.0,-115.11280000000001,-215.6526,250.3412,175,75
2026-05-09 17:13:40.309,5,2.0,-1.25,2.0,-59.662800000000004,-113.2526,250.3412,175,75
2026-05-09 17:13:40.323,5,1.14,-0.99,2.0,26.0272,190.5374,250.3412,175,75
2026-05-09 17:13:40.333,5,-0.13,-0.72,2.0,70.0372,249.4174,72.9612,175,75
2026-05-09 17:13:40.345,5,-1.08,-0.74,2.0,79.10719999999999,249.4174,-222.7688,175,75
2026-05-09 17:13:40.377,5,-1.5,-0.68,2.0,47.52719999999999,249.4174,-249.9288,175,75
2026-05-09 17:13:40.377,5,-1.78,-0.43,2.0,56.5472,180.82739999999998,-249.9288,175,75
2026-05-09 17:13:40.404,5,-0.78,0.45,2.0,85.8472,-116.28259999999999,-145.2588,175,75
2026-05-09 17:13:40.404,5,-0.56,0.32,2.0,56.407199999999996,-184.45260000000002,-1.8187999999999998,175,75
2026-05-09 17:13:40.415,5,-0.07,0.18,1.68,36.337199999999996,-207.4026,146.13119999999998,175,75
2026-05-09 17:13:40.426,5,0.29,-0.04,1.35,29.0472,-191.14260000000002,250.3412,175,75
2026-05-09 17:13:40.426,5,0.5,-0.22,0.96,36.0472,-156.6026,250.3412,175,75
2026-05-09 17:13:40.435,5,0.58,-0.18,0.67,54.597199999999994,-130.86260000000001,250.3412,175,75
2026-05-09 17:13:40.448,5,0.54,-0.35,0.29,73.2872,-157.5526,250.3412,175,75
2026-05-09 17:13:40.448,5,0.25,-0.42,0.13,74.8172,-243.3726,250.3412,175,75
2026-05-09 17:13:40.468,5,1.04,-0.86,-0.26,54.5472,-250.8526,250.3412,175,75
2026-05-09 17:13:40.478,5,0.33,-1.25,-0.94,44.6472,-6.4426000000000005,224.03119999999998,175,75
2026-05-09 17:13:40.500,5,-1.01,-1.02,-0.76,58.267199999999995,18.517400000000002,57.3212,175,75
2026-05-09 17:13:40.500,5,-1.29,-0.93,-0.65,74.5572,-15.922600000000001,-54.7288,175,75
2026-05-09 17:13:40.509,5,-1.2,-0.78,-0.37,107.3972,-40.592600000000004,-155.74880000000002,175,75
2026-05-09 17:13:40.532,5,-0.91,-0.49,-0.31,101.7872,-52.052600000000005,-234.1288,175,75
2026-05-09 17:13:40.532,5,-0.64,-0.32,-0.21,80.1572,-53.1826,-249.9288,175,75
2026-05-09 17:13:40.559,5,-0.45,-0.12,-0.07,47.557199999999995,-50.8326,-249.9288,175,75
2026-05-09 17:13:40.559,5,-0.38,0.09,0.08,1.0872,-45.9226,-249.9288,175,75
2026-05-09 17:13:40.588,5,-0.15,0.44,0.22,-135.7628,-11.172600000000001,-249.9288,175,75
2026-05-09 17:13:40.612,5,0.25,0.55,0.12,-173.0828,40.517399999999995,-249.9288,175,75
2026-05-09 17:13:40.627,5,2.0,0.77,-0.16,-167.0428,173.76739999999998,-249.9288,175,75
2026-05-09 17:13:40.627,5,1.87,1.14,-0.26,-161.8928,249.4174,-171.11880000000002,175,75
2026-05-09 17:13:40.639,5,0.51,0.95,-0.04,-151.9428,249.4174,-90.0688,175,75
2026-05-09 17:13:40.654,5,1.27,1.12,0.4,-124.53280000000001,249.4174,21.3612,175,75
2026-05-09 17:13:40.667,5,2.0,2.0,1.53,-103.9928,107.7874,250.3412,175,75
2026-05-09 17:13:40.668,5,1.57,2.0,2.0,-136.1628,-36.1926,250.3412,175,75
2026-05-09 17:13:40.688,5,1.21,1.72,2.0,-192.9528,36.017399999999995,250.3412,175,75
2026-05-09 17:13:40.698,5,1.7,0.95,2.0,-216.3828,188.04739999999998,250.3412,175,75
2026-05-09 17:13:40.698,5,1.07,-0.39,2.0,-216.0028,240.98739999999998,242.25119999999998,175,75
2026-05-09 17:13:40.710,5,0.27,-1.25,1.52,-198.6428,249.4174,213.2712,175,75
2026-05-09 17:13:40.723,5,0.33,-1.54,1.2,-134.3328,225.2774,250.3412,175,75
2026-05-09 17:13:40.736,5,-1.01,-1.79,0.39,-29.7628,117.7874,250.3412,175,75
2026-05-09 17:13:40.748,5,-1.59,-1.51,0.48,63.52719999999999,7.5974,250.3412,175,75
2026-05-09 17:13:40.748,5,-2.0,-1.09,1.0,105.9472,-100.2726,250.3412,175,75
2026-05-09 17:13:40.765,5,-2.0,-0.8,1.68,79.5972,-144.9426,250.3412,175,75
2026-05-09 17:13:40.776,5,-1.67,-0.95,2.0,24.3872,-112.34259999999999,3.1212,175,75
2026-05-09 17:13:40.788,5,-0.98,-1.33,2.0,15.4672,-41.4926,-249.9288,175,75
2026-05-09 17:13:40.799,5,-0.12,-1.22,2.0,64.4172,67.4574,-249.9288,175,75
2026-05-09 17:13:40.817,5,-0.24,-0.12,1.55,155.31719999999999,193.6274,-249.9288,175,75
2026-05-09 17:13:40.828,5,-0.23,0.16,1.39,193.1772,125.1374,-249.9288,175,75
2026-05-09 17:13:40.839,5,0.18,0.97,2.0,212.9472,-24.3826,-249.9288,175,75
2026-05-09 17:13:40.839,5,0.13,0.88,2.0,174.5872,-50.2626,-249.9288,175,75
2026-05-09 17:13:40.869,5,-0.23,0.53,2.0,86.13719999999999,37.6274,-77.05879999999999,175,75
2026-05-09 17:13:40.869,5,-0.21,0.32,1.96,53.3872,83.1974,91.4812,175,75
2026-05-09 17:13:40.892,5,-0.71,0.46,1.86,3.2372,150.6274,250.3412,175,75
2026-05-09 17:13:40.905,5,-0.89,0.55,1.9,-16.782799999999998,148.6474,250.3412,175,75
2026-05-09 17:13:40.917,5,-1.35,0.54,2.0,-50.2528,83.1374,250.3412,175,75
2026-05-09 17:13:40.930,5,-2.0,0.52,2.0,-132.7928,-202.4426,250.3412,175,75
2026-05-09 17:13:40.945,5,-1.36,-1.37,1.54,-111.36280000000001,-250.8526,250.3412,175,75
2026-05-09 17:13:40.958,5,-1.07,-1.31,1.22,-60.72280000000001,-250.8526,192.56119999999999,175,75
2026-05-09 17:13:40.981,5,-0.71,-1.07,1.05,-20.9528,-250.8526,111.4812,175,75
2026-05-09 17:13:40.981,5,-0.45,-0.79,0.9,1.0272,-250.8526,22.6612,175,75
2026-05-09 17:13:40.991,5,-0.32,-0.52,0.68,7.8172,-226.92260000000002,-69.6588,175,75
2026-05-09 17:13:40.991,5,-0.1,-0.26,0.41,5.2972,-186.4626,-162.21880000000002,175,75
2026-05-09 17:13:41.003,5,0.17,-0.01,0.2,-2.7528,-144.0926,-242.18880000000001,175,75
2026-05-09 17:13:41.016,5,0.21,0.22,0.04,-16.5028,-107.6926,-249.9288,175,75
2026-05-09 17:13:41.026,5,0.35,0.48,-0.2,-39.552800000000005,-85.53259999999999,-249.9288,175,75
2026-05-09 17:13:41.037,5,0.89,0.68,-0.52,-68.9028,-49.9026,-249.9288,175,75
2026-05-09 17:13:41.048,5,1.44,0.05,-0.52,-47.512800000000006,0.21740000000000004,-249.9288,175,75
2026-05-09 17:13:41.048,5,1.34,0.5,-0.81,-39.762800000000006,25.497400000000003,-249.9288,175,75
2026-05-09 17:13:41.059,5,0.16,0.57,-0.47,-31.0828,14.1374,-200.0488,175,75
2026-05-09 17:13:41.071,5,-0.54,0.41,-0.28,-26.8628,-36.3326,-196.8488,175,75
2026-05-09 17:13:41.083,5,-0.57,0.16,-0.11,-20.0928,-101.2226,-180.18880000000001,175,75
2026-05-09 17:13:41.108,5,-0.32,0.1,0.11,-10.082799999999999,-145.6026,-132.02880000000002,175,75
2026-05-09 17:13:41.108,5,0.0,-0.09,0.35,1.5372,-153.79260000000002,-56.0788,175,75
2026-05-09 17:13:41.138,5,0.03,0.09,0.32,3.2272,30.4174,191.25119999999998,175,75
2026-05-09 17:13:41.156,5,-0.0,0.11,0.1,15.1072,52.0774,212.2012,175,75
2026-05-09 17:13:41.167,5,0.05,0.1,-0.05,31.127200000000002,61.3974,223.7612,175,75
2026-05-09 17:13:41.177,5,0.23,0.13,-0.15,51.6872,61.517399999999995,244.3012,175,75
2026-05-09 17:13:41.177,5,0.56,0.17,-0.23,71.0472,72.4974,250.3412,175,75
2026-05-09 17:13:41.191,5,0.28,0.18,-0.13,81.13719999999999,80.46740000000001,250.3412,175,75
2026-05-09 17:13:41.202,5,0.27,0.25,-0.14,84.1772,82.3074,250.3412,175,75
2026-05-09 17:13:41.218,5,0.37,0.23,-0.07,80.07719999999999,80.0274,250.3412,175,75
2026-05-09 17:13:41.267,5,0.36,0.31,0.33,41.9572,49.0274,250.3412,175,75
2026-05-09 17:13:41.268,5,0.09,-0.17,0.54,34.157199999999996,-6.5126,232.3912,175,75
2026-05-09 17:13:41.301,5,-0.03,-0.03,0.67,33.8872,27.9174,94.9212,175,75
2026-05-09 17:13:41.329,5,0.6,-0.22,2.0,-42.692800000000005,249.4174,-4.4388000000000005,175,75
2026-05-09 17:13:41.344,5,-2.0,-0.76,2.0,-79.64280000000001,249.4174,-201.6088,175,75
2026-05-09 17:13:41.356,5,-2.0,-0.97,1.7,-39.1328,249.4174,-234.2988,175,75
2026-05-09 17:13:41.356,5,-2.0,-0.81,1.66,18.627200000000002,18.8774,-193.61880000000002,175,75
2026-05-09 17:13:41.367,5,-2.0,-0.42,2.0,61.2572,-175.89260000000002,-142.61880000000002,175,75
2026-05-09 17:13:41.377,5,-2.0,0.01,2.0,97.1772,-250.8526,-86.35879999999999,175,75
2026-05-09 17:13:41.387,5,-1.58,0.43,2.0,116.71719999999999,-250.8526,-27.1588,175,75
2026-05-09 17:13:41.394,5,-0.81,0.36,1.92,117.3372,-250.8526,12.581199999999999,175,75
2026-05-09 17:13:41.408,5,0.2,0.34,1.27,109.18719999999999,-250.8526,50.6812,175,75
2026-05-09 17:13:41.419,5,0.98,0.37,0.67,102.60719999999999,-250.8526,106.7112,175,75
2026-05-09 17:13:41.419,5,1.47,0.23,-0.01,101.49719999999999,-250.8526,145.4012,175,75
2026-05-09 17:13:41.430,5,2.0,0.26,-2.0,130.4272,-209.2126,250.3412,175,75
2026-05-09 17:13:41.462,5,-0.67,-0.31,-0.76,161.1272,141.9474,250.3412,175,75
2026-05-09 17:13:41.474,5,-1.27,-0.34,-0.14,163.5772,16.977400000000003,250.3412,175,75
2026-05-09 17:13:41.490,5,-1.53,-0.27,0.22,157.78719999999998,-96.2426,250.3412,175,75
2026-05-09 17:13:41.506,5,-1.31,-0.23,0.73,127.5872,-148.5226,250.3412,175,75
2026-05-09 17:13:41.506,5,-0.65,-0.01,1.15,94.9572,-104.45259999999999,147.8412,175,75
2026-05-09 17:13:41.518,5,0.37,0.08,1.55,23.9972,28.1674,24.6412,175,75
2026-05-09 17:13:41.529,5,0.39,-0.2,2.0,-6.502800000000001,236.3974,-201.4188,175,75
2026-05-09 17:13:41.540,5,1.71,0.05,2.0,16.1672,215.20739999999998,-249.9288,175,75
2026-05-09 17:13:41.552,5,2.0,0.17,2.0,-6.1028,234.51739999999998,-249.9288,175,75
2026-05-09 17:13:41.552,5,0.37,0.13,2.0,21.9472,240.7874,-249.9288,175,75
2026-05-09 17:13:41.563,5,-0.8,0.3,1.77,50.307199999999995,167.1674,-244.33880000000002,175,75
2026-05-09 17:13:41.574,5,-1.83,0.61,1.64,51.0672,46.337399999999995,-162.21880000000002,175,75
2026-05-09 17:13:41.583,5,-2.0,0.65,1.57,34.2072,-93.76259999999999,-95.80879999999999,175,75
2026-05-09 17:13:41.597,5,-1.52,0.65,1.54,23.467200000000002,-197.70260000000002,-11.1588,175,75
2026-05-09 17:13:41.608,5,-0.44,0.51,1.45,36.3572,-246.6026,112.58120000000001,175,75
2026-05-09 17:13:41.608,5,0.68,0.53,1.4,61.5072,-240.8326,249.0412,175,75
2026-05-09 17:13:41.619,5,1.18,0.63,1.36,69.3472,-191.6926,250.3412,175,75
2026-05-09 17:13:41.630,5,1.52,0.56,1.12,55.737199999999994,-95.37259999999999,250.3412,175,75
2026-05-09 17:13:41.660,5,0.55,0.38,0.33,28.7672,175.5974,250.3412,175,75
2026-05-09 17:13:41.677,5,-0.09,0.35,0.28,23.717200000000002,163.63739999999999,250.3412,175,75
2026-05-09 17:13:41.701,5,-1.07,-0.51,0.81,-28.4928,-96.2726,250.3412,175,75
2026-05-09 17:13:41.701,5,-0.94,-0.97,0.78,-21.532799999999998,-182.7426,250.3412,175,75
2026-05-09 17:13:41.712,5,-0.71,-1.3,0.51,-6.8728,-231.3426,250.3412,175,75
2026-05-09 17:13:41.724,5,0.06,-1.85,-0.29,17.1772,-223.4426,250.3412,175,75
2026-05-09 17:13:41.740,5,0.55,-2.0,-1.06,67.8672,-116.2926,130.3312,175,75
2026-05-09 17:13:41.751,5,-0.02,-1.74,-1.43,110.0172,-23.662599999999998,-10.4788,175,75
2026-05-09 17:13:41.761,5,-1.01,-0.69,-0.56,138.9472,-9.2126,-183.8188,175,75
2026-05-09 17:13:41.773,5,-1.15,-0.29,-0.16,91.0572,-27.552599999999998,-249.9288,175,75
2026-05-09 17:13:41.785,5,-0.98,-0.04,0.06,29.1872,-46.482600000000005,-249.9288,175,75
2026-05-09 17:13:41.794,5,-0.71,0.21,0.2,-39.982800000000005,-59.5726,-249.9288,175,75
2026-05-09 17:13:41.815,5,-0.27,0.54,0.3,-155.1928,-47.7126,-249.9288,175,75
2026-05-09 17:13:41.827,5,0.08,0.6,0.24,-201.3428,-11.7526,-249.9288,175,75
2026-05-09 17:13:41.839,5,0.56,0.83,0.34,-240.6328,41.1374,-249.9288,175,75
2026-05-09 17:13:41.860,5,2.0,2.0,-0.16,-249.2728,249.4174,-124.8488,175,75
2026-05-09 17:13:41.860,5,2.0,2.0,1.21,-173.4228,147.8074,250.3412,175,75
2026-05-09 17:13:41.881,5,0.16,2.0,1.86,-217.5128,55.6474,250.3412,175,75
2026-05-09 17:13:41.881,5,0.63,1.99,2.0,-249.2728,191.04739999999998,143.5812,175,75
2026-05-09 17:13:41.891,5,2.0,0.74,2.0,-249.2728,249.4174,98.66120000000001,175,75
2026-05-09 17:13:41.904,5,1.66,-0.94,2.0,-249.2728,249.4174,250.3412,175,75
2026-05-09 17:13:41.917,5,0.58,-2.0,1.36,-224.2828,249.4174,250.3412,175,75
2026-05-09 17:13:41.929,5,-2.0,-0.87,1.34,-69.61280000000001,-65.6926,250.3412,175,75
2026-05-09 17:13:41.971,5,-2.0,-1.29,1.99,-110.3528,-250.8526,250.3412,175,75
2026-05-09 17:13:42.001,5,-0.16,-1.68,1.44,-48.082800000000006,-228.61260000000001,-249.9288,175,75
2026-05-09 17:13:42.029,5,0.94,-0.56,0.74,27.2572,47.367399999999996,-249.9288,175,75
2026-05-09 17:13:42.029,5,0.92,-0.02,0.71,79.2872,146.6474,-249.9288,175,75
2026-05-09 17:13:42.039,5,0.55,0.37,0.71,104.43719999999999,209.38739999999999,-249.9288,175,75
2026-05-09 17:13:42.048,5,2.0,1.46,1.07,152.6772,-67.0426,-226.1988,175,75
2026-05-09 17:13:42.076,5,0.28,0.82,0.77,75.43719999999999,27.747400000000003,-92.83879999999999,175,75
2026-05-09 17:13:42.076,5,-0.06,0.41,0.5,69.38719999999999,46.117399999999996,-21.4488,175,75
2026-05-09 17:13:42.098,5,-0.64,0.35,0.42,72.1272,5.8073999999999995,96.5112,175,75
2026-05-09 17:13:42.109,5,-0.52,0.44,0.25,59.8872,-66.95259999999999,148.66119999999998,175,75
2026-05-09 17:13:42.120,5,0.0,0.37,0.08,66.7672,-77.78259999999999,178.72119999999998,175,75
2026-05-09 17:13:42.131,5,0.47,0.25,-0.03,85.0472,-59.4426,227.6412,175,75
2026-05-09 17:13:42.143,5,0.26,0.18,0.08,107.0372,-23.2426,250.3412,175,75
2026-05-09 17:13:42.159,5,0.61,0.08,-0.05,125.7572,25.3474,250.3412,175,75
2026-05-09 17:13:42.172,5,0.75,-0.15,0.06,146.0172,79.12740000000001,250.3412,175,75
2026-05-09 17:13:42.185,5,0.37,-0.74,0.26,166.4772,132.82739999999998,250.3412,175,75
2026-05-09 17:13:42.185,5,1.04,-0.31,0.13,201.4672,203.13739999999999,250.3412,175,75
2026-05-09 17:13:42.206,5,1.81,-0.35,0.52,236.1072,249.4174,250.3412,175,75
2026-05-09 17:13:42.206,5,2.0,-0.35,2.0,231.2672,249.4174,250.3412,175,75
2026-05-09 17:13:42.218,5,0.99,-1.11,2.0,152.9772,195.26739999999998,250.3412,175,75
2026-05-09 17:13:42.249,5,-2.0,-0.43,2.0,-6.752800000000001,249.4174,-249.9288,175,75
2026-05-09 17:13:42.259,5,-2.0,-0.71,1.8,-16.8428,249.4174,-249.9288,175,75
2026-05-09 17:13:42.270,5,-2.0,-1.1,1.7,38.6772,158.9974,-249.9288,175,75
2026-05-09 17:13:42.290,5,-0.98,0.62,2.0,38.657199999999996,-250.8526,-33.6888,175,75
2026-05-09 17:13:42.300,5,-0.38,0.26,1.95,26.9572,-250.8526,58.9212,175,75
2026-05-09 17:13:42.312,5,0.21,0.15,1.48,14.077200000000001,-250.8526,154.7712,175,75
2026-05-09 17:13:42.322,5,0.33,0.13,1.32,-8.5628,-250.8526,226.3312,175,75
2026-05-09 17:13:42.333,5,0.6,0.01,0.94,-29.962799999999998,-250.8526,250.3412,175,75
2026-05-09 17:13:42.339,5,0.44,-0.1,0.62,-40.1828,-250.8526,250.3412,175,75
2026-05-09 17:13:42.375,5,0.32,-0.41,-0.09,-41.772800000000004,-250.8526,250.3412,175,75
2026-05-09 17:13:42.392,5,1.94,-1.16,-1.13,-17.6028,-162.32260000000002,217.50119999999998,175,75
2026-05-09 17:13:42.402,5,0.88,-0.77,-0.9,5.607200000000001,-49.482600000000005,158.3912,175,75
2026-05-09 17:13:42.414,5,-0.5,-0.37,-0.49,31.7772,-23.662599999999998,93.36120000000001,175,75
2026-05-09 17:13:42.424,5,-0.67,-0.33,-0.18,21.1672,-37.1526,42.8912,175,75
2026-05-09 17:13:42.436,5,-0.69,-0.25,-0.14,1.2372,-44.6226,-22.6388,175,75
2026-05-09 17:13:42.447,5,-0.46,-0.21,-0.23,-25.6728,-40.522600000000004,-82.5988,175,75
2026-05-09 17:13:42.462,5,-0.15,-0.06,-0.47,-74.0728,-21.392599999999998,-158.5088,175,75
2026-05-09 17:13:42.469,5,-0.18,-0.01,-0.49,-86.6828,-21.2426,-189.61880000000002,175,75
2026-05-09 17:13:42.516,5,-0.24,0.19,-0.08,-88.1828,-27.7426,-249.9288,175,75
2026-05-09 17:13:42.516,5,-0.03,0.15,0.06,-77.0228,-6.5226,-249.9288,175,75
2026-05-09 17:13:42.539,5,0.4,0.3,0.09,-52.692800000000005,64.5074,-249.9288,175,75
2026-05-09 17:13:42.567,5,2.0,0.86,0.13,-63.75280000000001,219.6474,-148.4788,175,75
2026-05-09 17:13:42.567,5,2.0,1.51,0.43,-103.3228,249.4174,30.581200000000003,175,75
2026-05-09 17:13:42.578,5,2.0,1.78,1.03,-178.2928,249.4174,250.3412,175,75
2026-05-09 17:13:42.593,5,1.61,2.0,2.0,-249.2728,249.4174,250.3412,175,75
2026-05-09 17:13:42.613,5,0.56,1.49,1.86,-249.2728,249.4174,250.3412,175,75
2026-05-09 17:13:42.662,5,-0.59,-0.64,1.8,-249.2728,249.4174,250.3412,175,75
2026-05-09 17:13:42.662,5,-2.0,-0.96,1.5,-248.7328,249.4174,250.3412,175,75
2026-05-09 17:13:42.662,5,-2.0,-1.23,1.54,-196.4028,170.6474,250.3412,175,75
2026-05-09 17:13:42.662,5,-2.0,-1.55,1.45,-128.8228,-45.7526,250.3412,175,75
2026-05-09 17:13:42.686,5,-2.0,-1.72,1.6,-65.75280000000001,-250.8526,250.3412,175,75
2026-05-09 17:13:42.714,5,-1.49,-1.71,2.0,-52.052800000000005,-250.8526,94.8412,175,75
2026-05-09 17:13:42.726,5,-0.98,-1.77,2.0,-93.4428,-250.8526,16.5512,175,75
2026-05-09 17:13:42.738,5,-0.45,-1.43,2.0,-76.4428,-250.8526,-163.05880000000002,175,75
2026-05-09 17:13:42.752,5,0.2,-0.98,1.51,-40.5728,-250.8526,-249.9288,175,75
2026-05-09 17:13:42.764,5,0.77,-0.61,1.25,0.41719999999999996,-189.86260000000001,-249.9288,175,75
2026-05-09 17:13:42.775,5,1.07,-0.34,1.13,39.917199999999994,-88.2226,-249.9288,175,75
2026-05-09 17:13:42.775,5,1.23,-0.11,1.18,66.0572,-5.9126,-249.9288,175,75
2026-05-09 17:13:42.801,5,1.6,0.04,1.6,76.3772,51.1374,-236.9888,175,75
2026-05-09 17:13:42.809,5,1.43,0.13,1.76,82.0172,90.0274,-84.9888,175,75
2026-05-09 17:13:42.819,5,1.05,0.08,1.81,91.3672,139.6274,49.511199999999995,175,75
2026-05-09 17:13:42.830,5,0.56,0.15,2.0,98.3372,146.10739999999998,174.6812,175,75
2026-05-09 17:13:42.830,5,0.17,0.31,2.0,83.68719999999999,90.40740000000001,250.3412,175,75
2026-05-09 17:13:42.842,5,-0.51,-0.84,2.0,63.7172,-68.1126,250.3412,175,75
2026-05-09 17:13:42.852,5,-0.7,-1.29,2.0,85.4772,-150.6026,250.3412,175,75
2026-05-09 17:13:42.862,5,-0.25,-0.96,1.35,83.5872,-213.7226,196.2712,175,75
2026-05-09 17:13:42.862,5,-0.08,-0.89,0.96,83.2272,-212.73260000000002,167.81119999999999,175,75
2026-05-09 17:13:42.874,5,-0.0,-0.76,0.63,88.9272,-211.98260000000002,141.6112,175,75
2026-05-09 17:13:42.884,5,0.02,-0.58,0.37,90.5072,-212.8026,102.3212,175,75
2026-05-09 17:13:42.884,5,0.14,-0.38,0.12,85.07719999999999,-209.1626,34.7012,175,75
2026-05-09 17:13:42.908,5,1.64,-0.25,-0.87,33.597199999999994,-9.9526,-207.3788,175,75
2026-05-09 17:13:42.920,5,1.58,-0.07,-1.36,0.24719999999999998,105.4474,-244.2988,175,75
2026-05-09 17:13:42.920,5,1.05,-0.28,-1.15,21.6572,157.57739999999998,-208.08880000000002,175,75
2026-05-09 17:13:42.934,5,0.3,-0.16,-0.91,22.7772,146.7574,-155.80880000000002,175,75
2026-05-09 17:13:42.946,5,-0.33,0.06,-0.81,17.0072,81.84740000000001,-118.4088,175,75
2026-05-09 17:13:42.970,5,-0.29,0.4,-0.37,-67.3828,-162.8726,-156.8788,175,75
2026-05-09 17:13:42.981,5,0.19,0.22,-0.24,-86.89280000000001,-170.6526,-151.7088,175,75
2026-05-09 17:13:42.995,5,0.29,0.13,-0.12,-94.89280000000001,-149.9626,-134.1588,175,75
2026-05-09 17:13:43.012,5,0.24,0.03,-0.02,-93.9528,-118.59259999999999,-119.44879999999999,175,75
2026-05-09 17:13:43.012,5,0.11,0.01,0.1,-89.5728,-87.15259999999999,-110.1888,175,75
2026-05-09 17:13:43.033,5,-0.01,0.02,0.08,-68.8828,-36.632600000000004,-103.9888,175,75
2026-05-09 17:13:43.044,5,-0.07,-0.15,0.14,-62.412800000000004,-17.642599999999998,-98.3688,175,75
2026-05-09 17:13:43.063,5,-0.11,-0.07,0.13,-51.5028,-1.9325999999999999,-91.7088,175,75
2026-05-09 17:13:43.063,5,-0.11,-0.0,0.12,-43.7828,6.9674,-85.6788,175,75
2026-05-09 17:13:43.080,5,-0.04,0.04,0.11,-38.272800000000004,13.7174,-79.3988,175,75
2026-05-09 17:13:43.080,5,0.04,0.05,0.12,-32.9928,21.1674,-72.5388,175,75
2026-05-09 17:13:43.091,5,0.19,0.03,0.15,-25.3028,35.1674,-63.6388,175,75
2026-05-09 17:13:43.102,5,0.46,0.06,0.21,-17.5128,70.1074,-45.8188,175,75
2026-05-09 17:13:43.115,5,0.77,0.05,0.44,-11.0628,141.7874,-24.618799999999997,175,75
2026-05-09 17:13:43.119,5,1.2,0.15,0.68,-12.1128,223.4074,8.3712,175,75
2026-05-09 17:13:43.133,5,1.51,0.56,1.49,-24.9828,186.17739999999998,148.8612,175,75
2026-05-09 17:13:43.148,5,1.46,0.76,2.0,-34.232800000000005,-0.36260000000000003,250.3412,175,75
2026-05-09 17:13:43.158,5,0.96,0.31,1.78,-28.4928,-47.732600000000005,250.3412,175,75
2026-05-09 17:13:43.158,5,0.58,0.09,1.49,-11.6928,15.977400000000001,212.6212,175,75
2026-05-09 17:13:43.170,5,0.29,0.01,1.5,4.1472,89.34740000000001,89.77120000000001,175,75
2026-05-09 17:13:43.182,5,0.36,-0.06,1.71,-5.8628,117.1074,-0.45880000000000004,175,75
2026-05-09 17:13:43.192,5,0.87,-0.43,1.84,-31.2028,85.8674,8.1312,175,75
2026-05-09 17:13:43.207,5,1.19,-0.29,1.84,-41.6328,68.21740000000001,83.4312,175,75
2026-05-09 17:13:43.226,5,0.32,-0.92,1.19,10.2372,36.6374,226.69119999999998,175,75
2026-05-09 17:13:43.237,5,0.07,-0.66,1.35,19.1972,5.1774,204.2312,175,75
2026-05-09 17:13:43.249,5,0.15,-0.59,1.45,7.597200000000001,13.1274,147.72119999999998,175,75
2026-05-09 17:13:43.249,5,0.2,-0.61,1.42,-4.9328,61.117399999999996,74.1212,175,75
2026-05-09 17:13:43.260,5,0.14,-0.71,1.39,-11.4028,117.7774,3.5511999999999997,175,75
2026-05-09 17:13:43.271,5,-0.01,-0.87,1.4,-5.9528,158.60739999999998,-58.8888,175,75
2026-05-09 17:13:43.283,5,-0.2,-0.94,1.48,9.9572,179.5674,-116.58879999999999,175,75
2026-05-09 17:13:43.295,5,-0.39,-0.81,1.58,24.8872,185.79739999999998,-176.68880000000001,175,75
2026-05-09 17:13:43.311,5,-0.52,-0.61,1.57,30.4772,182.6874,-234.6288,175,75
2026-05-09 17:13:43.322,5,-0.61,-0.29,1.53,37.0372,157.2574,-249.9288,175,75
2026-05-09 17:13:43.346,5,-0.46,0.17,1.69,51.597199999999994,43.9174,-249.9288,175,75
2026-05-09 17:13:43.357,5,-0.18,0.3,1.82,50.197199999999995,-29.7626,-247.7288,175,75
2026-05-09 17:13:43.357,5,-0.06,0.48,1.78,40.4272,-77.1926,-176.83880000000002,175,75
2026-05-09 17:13:43.369,5,0.13,0.42,1.58,26.0672,-100.2426,-99.8188,175,75
2026-05-09 17:13:43.383,5,0.33,0.25,1.37,13.8072,-100.3326,-15.9488,175,75
2026-05-09 17:13:43.396,5,0.57,0.06,1.27,7.417199999999999,-68.45259999999999,60.0612,175,75
2026-05-09 17:13:43.407,5,0.33,0.27,1.36,-0.4728000000000001,-27.322599999999998,129.13119999999998,175,75
2026-05-09 17:13:43.446,5,-0.15,-0.57,2.0,14.177200000000001,61.2374,112.3812,175,75
2026-05-09 17:13:43.457,5,-0.42,-0.63,2.0,38.2572,88.9174,44.5212,175,75
2026-05-09 17:13:43.506,5,-1.07,-0.34,2.0,69.3372,-6.4426000000000005,-103.1588,175,75
2026-05-09 17:13:43.516,5,-0.94,-0.22,1.87,77.0272,-65.0226,-81.9688,175,75
2026-05-09 17:13:43.531,5,-0.76,-0.17,1.66,83.4872,-111.1126,-52.418800000000005,175,75
2026-05-09 17:13:43.542,5,-0.33,0.03,1.34,83.0372,-177.17260000000002,-7.1588,175,75
2026-05-09 17:13:43.557,5,-0.15,0.07,1.15,78.1672,-195.9026,6.7112,175,75
2026-05-09 17:13:43.557,5,0.03,0.11,0.93,72.2072,-210.36260000000001,20.061200000000003,175,75
2026-05-09 17:13:43.568,5,0.14,0.18,0.77,67.1672,-214.4026,14.8712,175,75
2026-05-09 17:13:43.580,5,0.23,0.2,0.59,59.057199999999995,-204.29260000000002,3.1512,175,75
2026-05-09 17:13:43.590,5,0.27,0.25,0.42,46.9572,-182.7226,-16.7688,175,75
2026-05-09 17:13:43.590,5,0.21,0.32,0.25,32.6872,-165.6026,-39.7488,175,75
2026-05-09 17:13:43.601,5,0.17,0.32,0.06,15.4872,-157.9626,-54.8188,175,75
2026-05-09 17:13:43.623,5,0.1,0.36,-0.14,-6.4528,-164.4326,-65.5688,175,75
2026-05-09 17:13:43.623,5,0.22,0.27,-0.36,-24.7228,-172.7126,-59.8388,175,75
2026-05-09 17:13:43.639,5,0.52,0.25,-0.77,-19.282799999999998,-177.8026,-29.1288,175,75
2026-05-09 17:13:43.645,5,0.63,0.16,-0.8,-7.642799999999999,-176.86260000000001,26.5712,175,75
2026-05-09 17:13:43.655,5,0.35,0.13,-0.75,-1.8628,-178.9126,63.7312,175,75
2026-05-09 17:13:43.667,5,0.09,0.01,-0.7,6.757199999999999,-186.9726,84.0912,175,75
2026-05-09 17:13:43.676,5,-0.1,-0.03,-0.51,14.5272,-204.98260000000002,91.5912,175,75
2026-05-09 17:13:43.689,5,-0.1,-0.04,-0.16,12.6272,-203.36260000000001,84.8112,175,75
2026-05-09 17:13:43.702,5,-0.13,-0.11,0.06,8.917200000000001,-176.57260000000002,76.4312,175,75
2026-05-09 17:13:43.702,5,-0.12,0.51,0.41,1.3072,-140.14260000000002,62.0512,175,75
2026-05-09 17:13:43.713,5,-0.14,-0.13,0.32,5.527200000000001,-97.3226,55.7012,175,75
2026-05-09 17:13:43.726,5,-0.13,-0.0,0.22,-6.6228,-53.8326,51.0312,175,75
2026-05-09 17:13:43.748,5,0.05,-0.14,-0.03,-10.5328,30.1274,32.1912,175,75
2026-05-09 17:13:43.759,5,0.28,-0.03,-0.19,-10.752799999999999,76.7474,18.7512,175,75
2026-05-09 17:13:43.774,5,0.28,0.41,-0.31,-18.6028,186.9074,-29.0488,175,75
2026-05-09 17:13:43.780,5,0.52,0.07,-0.22,-13.4428,232.3674,-38.6588,175,75
2026-05-09 17:13:43.797,5,0.47,0.12,-0.09,-8.4428,249.4174,-35.808800000000005,175,75
2026-05-09 17:13:43.810,5,0.52,0.17,0.43,-19.5628,249.4174,-68.0988,175,75
2026-05-09 17:13:43.824,5,1.03,-0.29,1.22,-40.8928,249.4174,-63.878800000000005,175,75
2026-05-09 17:13:43.840,5,1.53,0.53,2.0,-91.9828,249.4174,246.81119999999999,175,75
2026-05-09 17:13:43.862,5,0.44,0.3,1.76,-104.9128,249.4174,229.4612,175,75
2026-05-09 17:13:43.873,5,-0.31,0.17,2.0,-114.7128,249.4174,136.03119999999998,175,75
2026-05-09 17:13:43.884,5,-1.08,-0.04,2.0,-132.2228,249.4174,54.7812,175,75
2026-05-09 17:13:43.884,5,-1.83,-0.5,2.0,-148.6528,249.4174,-15.868799999999998,175,75
2026-05-09 17:13:43.935,5,-2.0,-1.18,2.0,-48.3228,149.5574,-7.0388,175,75
2026-05-09 17:13:43.935,5,-2.0,-1.04,2.0,16.1072,-109.8526,-13.3388,175,75
2026-05-09 17:13:43.960,5,-2.0,-0.44,2.0,73.5372,-250.8526,-133.0188,175,75
2026-05-09 17:13:43.960,5,-1.86,-0.23,1.96,104.7572,-250.8526,-162.11880000000002,175,75
2026-05-09 17:13:43.971,5,-0.77,-0.02,1.28,133.2772,-250.8526,-168.0988,175,75
2026-05-09 17:13:43.971,5,0.09,0.21,0.84,143.9172,-250.8526,-163.4288,175,75
2026-05-09 17:13:43.981,5,0.09,0.42,0.5,145.8872,-250.8526,-140.24880000000002,175,75
2026-05-09 17:13:43.992,5,0.77,0.34,0.2,144.3972,-250.8526,-126.08879999999999,175,75
2026-05-09 17:13:44.005,5,1.29,0.15,-0.36,152.7272,-250.8526,-64.1288,175,75
2026-05-09 17:13:44.005,5,2.0,0.08,-1.8,194.8872,-250.8526,189.8712,175,75
2026-05-09 17:13:44.018,5,2.0,1.33,-2.0,182.9872,3.7274000000000003,250.3412,175,75
2026-05-09 17:13:44.018,5,0.22,0.74,-1.12,100.74719999999999,105.6074,247.9612,175,75
2026-05-09 17:13:44.028,5,-0.67,0.19,-0.73,36.847199999999994,41.0074,181.56119999999999,175,75
2026-05-09 17:13:44.073,5,-0.71,-0.44,-0.19,-1.2227999999999999,-129.92260000000002,138.0912,175,75
2026-05-09 17:13:44.084,5,-0.12,-0.35,0.03,-11.2328,-161.8126,141.5812,175,75
2026-05-09 17:13:44.084,5,0.36,-0.76,0.46,-5.9528,-104.53259999999999,130.5412,175,75
2026-05-09 17:13:44.096,5,1.93,-1.2,1.06,31.7972,88.68740000000001,52.5312,175,75
2026-05-09 17:13:44.110,5,2.0,-0.84,1.64,17.6072,249.4174,-91.60879999999999,175,75
2026-05-09 17:13:44.110,5,0.23,-0.49,2.0,0.9872,249.4174,-249.9288,175,75
2026-05-09 17:13:44.132,5,1.0,0.69,2.0,-77.1628,249.4174,-249.9288,175,75
2026-05-09 17:13:44.139,5,-0.78,0.4,2.0,-70.00280000000001,249.4174,-249.9288,175,75
2026-05-09 17:13:44.157,5,-1.72,0.46,1.82,-25.1428,192.3174,-249.9288,175,75
2026-05-09 17:13:44.157,5,-2.0,0.49,1.66,2.7572,2.0274,-249.9288,175,75
2026-05-09 17:13:44.178,5,-2.0,0.83,1.81,15.2972,-161.1526,-200.6088,175,75
2026-05-09 17:13:44.189,5,-1.68,0.94,2.0,19.717200000000002,-250.8526,-97.2388,175,75
2026-05-09 17:13:44.199,5,-0.34,1.0,2.0,31.7472,-250.8526,52.191199999999995,175,75
2026-05-09 17:13:44.199,5,0.84,0.8,2.0,61.2072,-250.8526,250.3412,175,75
2026-05-09 17:13:44.218,5,1.46,0.59,1.59,78.7872,-210.5026,250.3412,175,75
2026-05-09 17:13:44.218,5,1.66,0.55,1.28,72.2872,-105.37259999999999,250.3412,175,75
2026-05-09 17:13:44.239,5,1.41,0.39,0.8,64.9472,12.2074,250.3412,175,75
2026-05-09 17:13:44.239,5,1.27,0.17,0.39,77.9172,104.9474,250.3412,175,75
2026-05-09 17:13:44.261,5,0.77,0.01,0.32,90.3972,95.3574,250.3412,175,75
2026-05-09 17:13:44.261,5,-0.67,-0.41,1.06,8.1072,-157.73260000000002,250.3412,175,75
2026-05-09 17:13:44.275,5,1.0,-2.0,0.51,-46.2528,-216.3426,250.3412,175,75
2026-05-09 17:13:44.287,5,-0.17,-1.74,0.22,-23.0528,-103.53259999999999,250.3412,175,75
2026-05-09 17:13:44.297,5,-1.61,-1.25,0.2,-9.3728,-36.8226,235.6712,175,75
2026-05-09 17:13:44.297,5,-1.98,-1.18,0.11,16.5472,-8.7626,-19.668799999999997,175,75
2026-05-09 17:13:44.310,5,-1.51,-1.36,-0.32,57.1872,-26.022599999999997,-217.6088,175,75
2026-05-09 17:13:44.310,5,-0.44,-0.9,-0.48,89.5272,-12.4826,-249.9288,175,75
2026-05-09 17:13:44.322,5,0.5,-0.19,-0.52,62.2572,64.6474,-249.9288,175,75
2026-05-09 17:13:44.333,5,0.6,0.28,-0.73,31.627200000000002,155.1874,-249.9288,175,75
2026-05-09 17:13:44.337,5,0.33,0.2,-0.39,-19.212799999999998,195.60739999999998,-249.9288,175,75
2026-05-09 17:13:44.372,5,-0.1,0.28,-0.41,-59.162800000000004,178.1674,-249.9288,175,75
2026-05-09 17:13:44.372,5,-0.35,0.41,-0.39,-90.89280000000001,122.0274,-249.9288,175,75
2026-05-09 17:13:44.382,5,-0.34,0.5,-0.34,-115.56280000000001,55.657399999999996,-249.9288,175,75
2026-05-09 17:13:44.394,5,0.21,0.31,-0.24,-128.6028,-33.2226,-249.9288,175,75
2026-05-09 17:13:44.405,5,0.49,0.43,-0.04,-122.42280000000001,-35.4426,-249.9288,175,75
2026-05-09 17:13:44.433,5,1.06,0.38,0.08,-115.6228,-7.9826,-249.9288,175,75
2026-05-09 17:13:44.448,5,1.52,0.55,0.28,-117.14280000000001,45.2374,-128.18880000000001,175,75
2026-05-09 17:13:44.448,5,1.86,0.84,0.14,-110.53280000000001,60.2074,67.9312,175,75
2026-05-09 17:13:44.458,5,1.28,0.95,0.42,-86.4628,13.4974,250.3412,175,75
2026-05-09 17:13:44.475,5,0.82,1.02,1.32,-83.36280000000001,-24.822599999999998,250.3412,175,75
2026-05-09 17:13:44.485,5,1.49,0.49,1.74,-104.92280000000001,32.8474,239.06119999999999,175,75
2026-05-09 17:13:44.486,5,2.0,-0.45,1.85,-109.6928,188.4674,250.3412,175,75
2026-05-09 17:13:44.498,5,2.0,-1.23,2.0,-89.4928,249.4174,250.3412,175,75
2026-05-09 17:13:44.508,5,0.6,-1.66,2.0,-68.8528,249.4174,250.3412,175,75
2026-05-09 17:13:44.526,5,-1.53,-1.62,2.0,-40.5328,249.4174,250.3412,175,75
2026-05-09 17:13:44.526,5,-2.0,-1.33,1.87,-6.142799999999999,236.13739999999999,250.3412,175,75
2026-05-09 17:13:44.533,5,-2.0,-1.31,1.53,19.717200000000002,131.9474,-23.2988,175,75
2026-05-09 17:13:44.550,5,-2.0,-1.32,1.33,58.6472,7.1674,-249.9288,175,75
2026-05-09 17:13:44.550,5,-2.0,-1.23,1.36,113.6572,-60.4726,-249.9288,175,75
2026-05-09 17:13:44.576,5,-1.82,-0.87,1.66,154.4372,-56.952600000000004,-249.9288,175,75
2026-05-09 17:13:44.597,5,-0.26,0.58,1.59,250.9972,-208.29260000000002,-249.9288,175,75
2026-05-09 17:13:44.597,5,0.48,1.4,1.61,250.9972,-250.8526,-249.9288,175,75
2026-05-09 17:13:44.608,5,0.7,1.54,1.52,226.9972,-220.61260000000001,-249.9288,175,75
2026-05-09 17:13:44.622,5,0.56,1.4,1.22,174.25719999999998,-172.6626,-249.9288,175,75
2026-05-09 17:13:44.631,5,0.46,1.02,0.95,120.82719999999999,-118.53259999999999,-249.9288,175,75
2026-05-09 17:13:44.645,5,0.5,0.73,0.75,79.2372,-74.40259999999999,-249.9288,175,75
2026-05-09 17:13:44.656,5,-0.06,0.62,0.54,14.247200000000001,-56.6026,-104.0188,175,75
2026-05-09 17:13:44.683,5,0.46,1.11,0.04,-117.9828,-113.4126,108.5412,175,75
2026-05-09 17:13:44.709,5,1.42,1.28,-0.61,-107.53280000000001,64.6374,250.3412,175,75
2026-05-09 17:13:44.730,5,0.36,1.08,-0.61,-90.7628,122.09740000000001,250.3412,175,75
2026-05-09 17:13:44.730,5,0.07,0.6,-0.48,-66.6928,138.82739999999998,250.3412,175,75
2026-05-09 17:13:44.742,5,0.21,0.15,-0.28,-39.442800000000005,142.26739999999998,242.0512,175,75
2026-05-09 17:13:44.756,5,1.79,1.28,-0.34,-16.1628,122.6474,250.3412,175,75
2026-05-09 17:13:44.767,5,2.0,0.16,2.0,-54.4928,92.8874,250.3412,175,75
2026-05-09 17:13:44.779,5,2.0,-1.11,2.0,-1.8628,132.6474,250.3412,175,75
2026-05-09 17:13:44.793,5,1.14,-1.18,2.0,109.1772,222.13739999999999,250.3412,175,75
2026-05-09 17:13:44.804,5,-2.0,-0.16,2.0,121.18719999999999,249.4174,-92.2388,175,75
2026-05-09 17:13:44.816,5,-2.0,-0.4,1.91,78.7672,249.4174,-249.9288,175,75
2026-05-09 17:13:44.828,5,-2.0,-0.22,1.82,50.2072,236.3474,-249.9288,175,75
2026-05-09 17:13:44.828,5,-2.0,-0.13,1.89,82.6172,-69.53259999999999,-249.9288,175,75
2026-05-09 17:13:44.840,5,-1.21,0.51,2.0,95.9772,-250.8526,-215.30880000000002,175,75
2026-05-09 17:13:44.850,5,-0.61,0.78,2.0,76.8772,-250.8526,-84.60879999999999,175,75
2026-05-09 17:13:44.860,5,0.03,0.5,2.0,57.3572,-250.8526,46.621199999999995,175,75
2026-05-09 17:13:44.870,5,0.58,0.21,1.47,36.837199999999996,-250.8526,202.22119999999998,175,75
2026-05-09 17:13:44.894,5,0.98,-0.05,1.07,24.3072,-250.8526,250.3412,175,75
2026-05-09 17:13:44.918,5,1.01,-0.27,0.25,52.8872,-141.3526,250.3412,175,75
2026-05-09 17:13:44.928,5,0.74,-0.37,0.07,76.3072,-137.29260000000002,250.3412,175,75
2026-05-09 17:13:44.928,5,0.53,-0.41,0.14,70.7872,-208.1526,250.3412,175,75
2026-05-09 17:13:44.941,5,2.0,-1.22,-0.29,3.7572,-218.0026,250.3412,175,75
2026-05-09 17:13:44.951,5,1.39,-1.44,-0.62,-26.1528,-63.8626,250.3412,175,75
2026-05-09 17:13:44.977,5,-0.09,-1.05,-0.64,-12.672799999999999,40.5274,191.6112,175,75
2026-05-09 17:13:44.994,5,-1.71,-0.45,-0.4,-9.1128,-0.2126,-113.83879999999999,175,75
2026-05-09 17:13:45.007,5,-1.59,-0.5,-0.27,8.2372,-63.9626,-243.6388,175,75
2026-05-09 17:13:45.007,5,-0.93,-0.29,-0.4,3.9772,-119.31259999999999,-249.9288,175,75
2026-05-09 17:13:45.020,5,-0.28,-0.13,-0.36,-9.502799999999999,-143.1026,-249.9288,175,75
2026-05-09 17:13:45.031,5,0.21,0.06,-0.32,-34.262800000000006,-131.54260000000002,-249.9288,175,75
2026-05-09 17:13:45.042,5,0.46,0.26,-0.27,-72.1328,-95.31259999999999,-249.9288,175,75
2026-05-09 17:13:45.042,5,0.52,0.4,-0.23,-112.64280000000001,-48.1926,-249.9288,175,75
2026-05-09 17:13:45.054,5,0.42,0.36,-0.26,-143.9128,-4.8626000000000005,-249.9288,175,75
2026-05-09 17:13:45.066,5,0.28,0.21,-0.27,-152.3828,27.3074,-249.9288,175,75
2026-05-09 17:13:45.066,5,0.16,0.17,-0.2,-142.0828,48.797399999999996,-243.9788,175,75
2026-05-09 17:13:45.078,5,0.19,0.15,-0.09,-126.5828,73.57740000000001,-239.7988,175,75
2026-05-09 17:13:45.088,5,0.3,0.16,-0.05,-106.67280000000001,99.84740000000001,-231.1788,175,75
2026-05-09 17:13:45.088,5,0.48,0.2,-0.05,-84.6828,128.3074,-208.2088,175,75
2026-05-09 17:13:45.099,5,0.65,0.33,0.02,-71.0428,173.13739999999999,-180.1288,175,75
2026-05-09 17:13:45.123,5,1.34,0.72,0.24,-70.8228,232.8774,-121.3788,175,75
2026-05-09 17:13:45.134,5,2.0,1.49,0.64,-97.50280000000001,249.4174,29.5712,175,75
2026-05-09 17:13:45.134,5,2.0,2.0,2.0,-193.5728,249.4174,250.3412,175,75
2026-05-09 17:13:45.147,5,1.27,1.66,1.98,-249.2728,249.4174,250.3412,175,75
2026-05-09 17:13:45.158,5,1.6,0.72,2.0,-249.2728,249.4174,250.3412,175,75
2026-05-09 17:13:45.158,5,0.63,-0.65,2.0,-249.2728,249.4174,250.3412,175,75
2026-05-09 17:13:45.177,5,-1.58,-1.87,1.76,-248.5328,249.4174,250.3412,175,75
2026-05-09 17:13:45.187,5,-2.0,-1.62,1.16,-137.7928,249.4174,250.3412,175,75
2026-05-09 17:13:45.203,5,-2.0,-1.77,1.04,52.447199999999995,-196.1926,194.4812,175,75
2026-05-09 17:13:45.251,5,-2.0,-1.55,2.0,155.9772,-250.8526,-245.68880000000001,175,75
2026-05-09 17:13:45.262,5,-0.84,-1.26,2.0,121.3072,-232.6326,-249.9288,175,75
2026-05-09 17:13:45.262,5,-1.31,-0.85,2.0,91.7972,-243.4926,-249.9288,175,75
2026-05-09 17:13:45.275,5,-0.38,-0.34,1.57,119.0472,-225.4726,-249.9288,175,75
2026-05-09 17:13:45.286,5,0.63,0.03,1.26,153.4072,-127.03259999999999,-249.9288,175,75
2026-05-09 17:13:45.286,5,0.69,0.31,1.08,173.2672,-17.7126,-249.9288,175,75
2026-05-09 17:13:45.310,5,0.11,0.58,0.75,175.4972,31.7274,-249.9288,175,75
2026-05-09 17:13:45.321,5,-0.43,0.69,0.3,180.1372,-40.552600000000005,-249.9288,175,75
2026-05-09 17:13:45.349,5,0.67,1.13,0.22,135.3472,-250.8526,-223.7888,175,75
2026-05-09 17:13:45.357,5,1.75,1.86,0.34,63.347199999999994,-216.5926,-77.5688,175,75
2026-05-09 17:13:45.369,5,1.88,1.7,0.33,-3.5728000000000004,-126.5226,104.36120000000001,175,75
2026-05-09 17:13:45.379,5,0.9,0.61,0.5,-62.4528,71.3574,250.3412,175,75
2026-05-09 17:13:45.379,5,0.79,0.28,0.38,-48.402800000000006,177.3474,250.3412,175,75
2026-05-09 17:13:45.391,5,0.57,0.39,0.28,-33.2028,249.4174,250.3412,175,75
2026-05-09 17:13:45.405,5,0.86,0.32,0.54,-24.1828,249.4174,250.3412,175,75
2026-05-09 17:13:45.405,5,1.88,1.32,2.0,-67.7928,174.0974,250.3412,175,75
2026-05-09 17:13:45.418,5,1.73,1.45,2.0,-154.0128,-10.8226,250.3412,175,75
2026-05-09 17:13:45.427,5,0.9,-0.81,2.0,-130.5728,-15.5026,250.3412,175,75
2026-05-09 17:13:45.441,5,0.19,-1.26,2.0,-61.842800000000004,90.84740000000001,250.3412,175,75
2026-05-09 17:13:45.458,5,-2.0,-0.83,2.0,-32.5028,185.4974,89.6212,175,75
2026-05-09 17:13:45.473,5,-2.0,-1.35,1.71,-46.592800000000004,14.2074,-192.02880000000002,175,75
2026-05-09 17:13:45.484,5,-1.31,-1.26,1.58,12.1472,-74.8526,-209.0088,175,75
2026-05-09 17:13:45.495,5,-0.77,-0.7,1.61,47.77719999999999,-139.95260000000002,-211.68880000000001,175,75
2026-05-09 17:13:45.511,5,-0.16,-0.28,1.54,47.237199999999994,-187.86260000000001,-203.2888,175,75
2026-05-09 17:13:45.525,5,0.33,-0.08,1.31,32.5772,-223.1626,-157.7088,175,75
2026-05-09 17:13:45.525,5,0.71,-0.14,0.97,22.6172,-220.04260000000002,-91.2588,175,75
2026-05-09 17:13:45.539,5,1.08,-0.21,0.58,27.7472,-191.8726,-7.8187999999999995,175,75
2026-05-09 17:13:45.550,5,1.07,-0.24,0.3,41.1772,-151.7226,80.7612,175,75
2026-05-09 17:13:45.550,5,0.91,-0.31,-0.02,60.6772,-119.8226,160.2712,175,75
2026-05-09 17:13:45.561,5,0.94,-0.35,-0.37,89.68719999999999,-100.8226,232.06119999999999,175,75
2026-05-09 17:13:45.572,5,1.06,-0.33,-0.54,115.8672,-71.87259999999999,250.3412,175,75
2026-05-09 17:13:45.582,5,1.35,-0.34,-0.76,118.8072,-27.8126,250.3412,175,75
2026-05-09 17:13:45.596,5,1.1,-0.82,-0.31,104.6972,25.067400000000003,250.3412,175,75
2026-05-09 17:13:45.601,5,0.38,-0.37,-0.5,55.5072,52.047399999999996,213.6512,175,75
2026-05-09 17:13:45.615,5,-0.42,-0.49,-0.42,13.8472,39.6374,132.88119999999998,175,75
2026-05-09 17:13:45.630,5,-1.0,-0.49,-0.37,-13.582799999999999,0.1774,40.9812,175,75
2026-05-09 17:13:45.645,5,-1.34,-0.49,-0.44,-23.4228,-63.1026,-61.5688,175,75
2026-05-09 17:13:45.645,5,-1.14,-0.45,-0.46,-24.0128,-121.40259999999999,-163.5688,175,75
2026-05-09 17:13:45.655,5,-0.67,-0.38,-0.43,-25.0128,-138.89260000000002,-236.0388,175,75
2026-05-09 17:13:45.667,5,-0.2,-0.19,-0.33,-38.2128,-117.7526,-249.9288,175,75
2026-05-09 17:13:45.667,5,0.04,-0.02,-0.24,-63.6528,-76.5726,-249.9288,175,75
2026-05-09 17:13:45.678,5,-0.02,0.13,-0.15,-91.2028,-40.0326,-249.9288,175,75
2026-05-09 17:13:45.700,5,-0.36,0.38,0.04,-137.4428,-5.9826,-249.9288,175,75
2026-05-09 17:13:45.725,5,-0.13,0.51,0.2,-146.7628,29.4674,-249.9288,175,75
2026-05-09 17:13:45.738,5,0.14,0.55,0.21,-144.1928,56.9574,-249.9288,175,75
2026-05-09 17:13:45.738,5,1.42,0.8,0.15,-146.9528,128.8774,-249.9288,175,75
2026-05-09 17:13:45.749,5,1.6,1.01,0.09,-156.2028,230.57739999999998,-249.9288,175,75
2026-05-09 17:13:45.759,5,0.25,0.77,0.18,-166.5028,249.4174,-136.7688,175,75
2026-05-09 17:13:45.774,5,-0.23,0.71,0.25,-159.2928,249.4174,-56.3188,175,75
2026-05-09 17:13:45.791,5,0.54,0.83,0.36,-141.4428,249.4174,37.6412,175,75
2026-05-09 17:13:45.802,5,2.0,1.78,1.02,-94.8228,211.6874,250.3412,175,75
2026-05-09 17:13:45.802,5,1.73,2.0,1.83,-80.7128,76.68740000000001,250.3412,175,75
2026-05-09 17:13:45.811,5,1.42,2.0,2.0,-113.7728,-59.202600000000004,250.3412,175,75
2026-05-09 17:13:45.821,5,1.27,1.54,2.0,-169.3028,-236.0226,250.3412,175,75
2026-05-09 17:13:45.834,5,2.0,-0.88,2.0,-181.2528,-164.79260000000002,250.3412,175,75
2026-05-09 17:13:45.851,5,2.0,-1.89,2.0,-123.7328,85.15740000000001,250.3412,175,75
2026-05-09 17:13:45.871,5,0.97,-1.96,1.83,-88.1528,227.13739999999999,250.3412,175,75
2026-05-09 17:13:45.883,5,-1.23,-2.0,0.99,-60.7028,190.17739999999998,250.3412,175,75
2026-05-09 17:13:45.883,5,-2.0,-2.0,0.56,3.4772,58.4374,250.3412,175,75
2026-05-09 17:13:45.894,5,-2.0,-2.0,0.35,98.6572,-79.3026,250.3412,175,75
2026-05-09 17:13:45.908,5,-2.0,-2.0,0.52,178.2172,-159.17260000000002,68.0312,175,75
2026-05-09 17:13:45.926,5,-1.63,-2.0,0.92,216.4272,-112.70259999999999,-208.8788,175,75
2026-05-09 17:13:45.939,5,-0.69,-1.5,1.61,196.4672,69.1374,-249.9288,175,75
2026-05-09 17:13:45.952,5,-0.29,-0.96,2.0,137.9772,224.8974,-249.9288,175,75
2026-05-09 17:13:45.962,5,-0.59,-0.55,1.94,109.1972,249.4174,-249.9288,175,75
2026-05-09 17:13:45.973,5,-0.25,-0.16,1.64,123.88719999999999,249.4174,-249.9288,175,75
2026-05-09 17:13:45.992,5,-0.34,0.03,1.46,154.3372,249.4174,-249.9288,175,75
2026-05-09 17:13:45.993,5,0.07,0.47,1.74,196.4572,160.0074,-249.9288,175,75
2026-05-09 17:13:46.006,5,-0.44,0.7,1.97,169.25719999999998,-33.022600000000004,-249.9288,175,75
2026-05-09 17:13:46.019,5,-0.77,0.82,1.79,130.1972,-36.0826,-249.9288,175,75
2026-05-09 17:13:46.032,5,-0.83,0.52,1.59,93.0172,-31.3726,-165.6788,175,75
2026-05-09 17:13:46.032,5,-0.62,0.48,1.56,56.017199999999995,-34.4926,-41.0688,175,75
2026-05-09 17:13:46.043,5,-0.33,0.47,1.57,23.0172,-31.412599999999998,93.7012,175,75
2026-05-09 17:13:46.046,5,0.09,0.5,1.62,-4.5328,-17.6926,229.6712,175,75
2026-05-09 17:13:46.071,5,0.59,0.45,1.64,-53.5028,24.017400000000002,250.3412,175,75
2026-05-09 17:13:46.083,5,-0.3,0.5,1.79,-73.6928,24.197400000000002,250.3412,175,75
2026-05-09 17:13:46.083,5,-0.59,0.27,2.0,-107.81280000000001,-51.6526,250.3412,175,75
2026-05-09 17:13:46.101,5,-0.89,-0.78,2.0,-129.8328,-166.8326,250.3412,175,75
2026-05-09 17:13:46.113,5,-0.47,-1.31,1.74,-112.86280000000001,-187.3826,250.3412,175,75
2026-05-09 17:13:46.113,5,-0.83,-1.39,1.17,-60.762800000000006,-152.51260000000002,250.3412,175,75
2026-05-09 17:13:46.123,5,-1.28,-1.19,0.93,-11.1328,-119.0026,146.6112,175,75
2026-05-09 17:13:46.136,5,-1.41,-1.01,0.89,28.0872,-81.56259999999999,-10.8988,175,75
2026-05-09 17:13:46.148,5,-1.23,-0.8,0.87,55.307199999999995,-34.162600000000005,-174.5788,175,75
2026-05-09 17:13:46.162,5,-0.93,-0.62,0.84,69.7272,1.0074,-249.9288,175,75
2026-05-09 17:13:46.178,5,-0.68,-0.45,0.76,83.5872,10.2674,-249.9288,175,75
2026-05-09 17:13:46.189,5,-0.33,-0.2,0.7,106.9272,14.407399999999999,-249.9288,175,75
2026-05-09 17:13:46.189,5,0.01,0.21,0.7,128.6372,26.457400000000003,-249.9288,175,75
2026-05-09 17:13:46.201,5,0.6,1.0,0.75,150.4272,-83.37259999999999,-249.9288,175,75
2026-05-09 17:13:46.208,5,0.65,0.91,0.63,144.8772,-164.45260000000002,-249.9288,175,75
2026-05-09 17:13:46.222,5,0.55,1.11,0.57,121.35719999999999,-179.07260000000002,-249.9288,175,75
2026-05-09 17:13:46.227,5,0.39,0.84,0.39,89.2072,-165.6026,-234.74880000000002,175,75
2026-05-09 17:13:46.246,5,0.16,0.4,0.23,71.5172,-171.8026,-125.85879999999999,175,75
2026-05-09 17:13:46.268,5,-0.23,0.23,0.19,71.5872,-205.42260000000002,-3.8688000000000002,175,75
2026-05-09 17:13:46.279,5,-0.47,0.2,0.15,68.5472,-250.8526,95.55120000000001,175,75
2026-05-09 17:13:46.293,5,-0.57,0.15,0.12,61.477199999999996,-250.8526,167.06119999999999,175,75
2026-05-09 17:13:46.293,5,-0.41,0.09,0.03,56.447199999999995,-250.8526,214.8712,175,75
2026-05-09 17:13:46.304,5,-0.13,0.09,-0.05,55.227199999999996,-250.8526,238.2312,175,75
2026-05-09 17:13:46.315,5,0.16,0.06,-0.14,56.8872,-250.8526,238.94119999999998,175,75
2026-05-09 17:13:46.324,5,0.37,0.01,-0.25,63.4972,-250.8526,231.3312,175,75
2026-05-09 17:13:46.335,5,0.58,0.11,-0.33,72.5972,-161.6526,215.8312,175,75
2026-05-09 17:13:46.335,5,0.25,0.02,-0.14,84.38719999999999,-82.15259999999999,174.9212,175,75
2026-05-09 17:13:46.346,5,-0.2,0.12,-0.28,75.9772,-34.5626,121.2912,175,75
2026-05-09 17:13:46.359,5,-0.37,0.07,-0.17,65.4172,-5.8226,76.4912,175,75
2026-05-09 17:13:46.373,5,-0.21,0.13,-0.11,50.9972,19.2774,37.0512,175,75
2026-05-09 17:13:46.385,5,0.09,0.24,-0.05,28.0472,63.0574,2.2312,175,75
2026-05-09 17:13:46.385,5,0.33,0.32,0.04,0.007199999999999984,123.8174,-23.7088,175,75
2026-05-09 17:13:46.395,5,0.43,0.21,0.04,-19.4228,184.29739999999998,-37.8988,175,75
2026-05-09 17:13:46.406,5,0.56,0.06,-0.03,-19.4928,246.3074,-18.8788,175,75
2026-05-09 17:13:46.406,5,0.47,0.13,0.1,-15.872799999999998,249.4174,5.521199999999999,175,75
2026-05-09 17:13:46.431,5,0.86,-0.15,0.7,-34.7928,249.4174,26.081200000000003,175,75
2026-05-09 17:13:46.431,5,1.93,0.29,0.66,-55.162800000000004,249.4174,77.9612,175,75
2026-05-09 17:13:46.456,5,2.0,1.26,2.0,-126.3428,249.4174,250.3412,175,75
2026-05-09 17:13:46.469,5,2.0,1.6,2.0,-229.9528,249.4174,250.3412,175,75
2026-05-09 17:13:46.469,5,-0.76,0.29,2.0,-171.4028,249.4174,250.3412,175,75
2026-05-09 17:13:46.480,5,-2.0,-0.54,2.0,-109.5928,249.4174,250.3412,175,75
2026-05-09 17:13:46.480,5,-2.0,-1.02,2.0,-76.64280000000001,249.4174,102.61120000000001,175,75
2026-05-09 17:13:46.500,5,-2.0,-1.16,1.43,-38.342800000000004,172.9074,-55.0188,175,75
2026-05-09 17:13:46.500,5,-2.0,-1.67,1.24,35.267199999999995,-63.1126,-128.4288,175,75
2026-05-09 17:13:46.542,5,-2.0,-1.43,1.88,105.7072,-222.6326,-154.96880000000002,175,75
2026-05-09 17:13:46.542,5,-2.0,-0.9,2.0,142.1772,-250.8526,-224.99880000000002,175,75
2026-05-09 17:13:46.542,5,-1.55,-0.17,2.0,166.78719999999998,-250.8526,-249.9288,175,75
2026-05-09 17:13:46.563,5,-0.25,0.26,1.17,174.9372,-250.8526,-249.9288,175,75
2026-05-09 17:13:46.563,5,0.62,0.45,0.72,174.5772,-250.8526,-249.9288,175,75
2026-05-09 17:13:46.581,5,0.79,0.48,0.24,164.4772,-250.8526,-249.9288,175,75
2026-05-09 17:13:46.581,5,1.17,0.56,-0.49,157.3972,-250.8526,-234.1788,175,75
2026-05-09 17:13:46.591,5,2.0,1.14,-2.0,172.4572,-250.8526,2.2312,175,75
2026-05-09 17:13:46.591,5,2.0,1.24,-1.76,198.9472,-125.8326,242.9312,175,75
2026-05-09 17:13:46.602,5,0.93,1.24,-1.92,123.21719999999999,8.577399999999999,197.6512,175,75
2026-05-09 17:13:46.618,5,-0.49,0.58,-1.26,66.0472,-7.4226,89.19120000000001,175,75
2026-05-09 17:13:46.630,5,-0.27,-0.38,-0.43,28.8572,-156.9926,17.901200000000003,175,75
2026-05-09 17:13:46.645,5,0.43,-0.72,-0.32,60.4672,-179.7226,79.3212,175,75
2026-05-09 17:13:46.674,5,1.82,-1.07,0.47,78.7972,-109.01259999999999,205.6712,175,75
2026-05-09 17:13:46.688,5,2.0,-0.72,1.47,96.6572,127.39740000000002,250.3412,175,75
2026-05-09 17:13:46.688,5,2.0,-0.17,2.0,109.2072,249.4174,250.3412,175,75
2026-05-09 17:13:46.699,5,0.16,-0.1,2.0,99.0172,249.4174,-99.1588,175,75
2026-05-09 17:13:46.714,5,0.36,0.77,2.0,51.52719999999999,249.4174,-249.9288,175,75
2026-05-09 17:13:46.714,5,-1.41,0.65,2.0,-24.0228,249.4174,-249.9288,175,75
2026-05-09 17:13:46.723,5,-1.73,0.12,2.0,5.437200000000001,249.4174,-249.9288,175,75
2026-05-09 17:13:46.764,5,-2.0,0.7,2.0,82.7872,-164.4026,-249.9288,175,75
2026-05-09 17:13:46.774,5,-2.0,1.11,2.0,79.63719999999999,-250.8526,-158.8288,175,75
2026-05-09 17:13:46.785,5,-0.86,1.11,2.0,92.63719999999999,-250.8526,-9.2188,175,75
2026-05-09 17:13:46.785,5,0.3,1.03,2.0,110.63719999999999,-250.8526,172.85119999999998,175,75
2026-05-09 17:13:46.796,5,1.5,0.93,2.0,82.0272,-250.8526,250.3412,175,75
2026-05-09 17:13:46.806,5,2.0,0.35,0.88,-3.3028,-147.8126,250.3412,175,75
2026-05-09 17:13:46.816,5,1.92,0.06,0.21,5.497199999999999,-18.6926,250.3412,175,75
2026-05-09 17:13:46.816,5,1.49,0.38,0.11,24.2372,41.8074,250.3412,175,75
2026-05-09 17:13:46.825,5,1.14,-0.99,-0.67,-3.7327999999999997,31.5174,250.3412,175,75
2026-05-09 17:13:46.829,5,0.55,-1.01,-0.18,-58.2528,40.7374,250.3412,175,75
2026-05-09 17:13:46.846,5,-0.48,-0.5,0.15,-65.39280000000001,88.0374,243.6112,175,75
2026-05-09 17:13:46.870,5,-0.96,-0.43,0.3,-57.8228,99.87740000000001,150.5812,175,75
2026-05-09 17:13:46.880,5,-1.14,-0.65,0.29,-47.332800000000006,88.3974,70.7112,175,75
2026-05-09 17:13:46.893,5,-1.13,-0.77,0.15,-25.9728,60.5974,5.3412,175,75
2026-05-09 17:13:46.908,5,-0.71,-0.77,0.03,-6.1728000000000005,32.7474,-35.6488,175,75
2026-05-09 17:13:46.929,5,0.47,-0.53,-0.37,-12.082799999999999,80.2274,-195.4588,175,75
2026-05-09 17:13:46.933,5,0.54,-0.39,-0.58,-22.5228,123.7874,-249.9288,175,75
2026-05-09 17:13:46.947,5,0.21,-0.08,-0.63,-34.1328,130.3174,-249.9288,175,75
2026-05-09 17:13:46.958,5,-0.21,0.46,-0.83,-25.4028,100.5274,-249.9288,175,75
2026-05-09 17:13:46.958,5,-0.5,0.2,-0.33,-44.082800000000006,40.4974,-249.9288,175,75
2026-05-09 17:13:46.973,5,-0.48,0.27,-0.31,-62.8528,-29.7426,-249.9288,175,75
2026-05-09 17:13:46.985,5,-0.29,0.24,-0.22,-79.78280000000001,-88.1326,-249.9288,175,75
2026-05-09 17:13:46.997,5,-0.04,0.18,-0.13,-90.2728,-123.3626,-249.9288,175,75
2026-05-09 17:13:46.997,5,0.08,0.14,-0.03,-94.92280000000001,-135.36260000000001,-244.49880000000002,175,75
2026-05-09 17:13:47.022,5,0.1,0.09,0.03,-95.2328,-130.6926,-209.1588,175,75
2026-05-09 17:13:47.025,5,0.07,0.16,0.14,-93.11280000000001,-114.2426,-184.9088,175,75
2026-05-09 17:13:47.039,5,0.0,0.29,0.18,-100.8728,-92.2126,-185.9788,175,75
2026-05-09 17:13:47.043,5,0.08,0.37,0.2,-111.0428,-62.3326,-198.68880000000001,175,75
2026-05-09 17:13:47.063,5,0.36,0.41,0.11,-121.1028,-22.202599999999997,-202.9288,175,75
2026-05-09 17:13:47.086,5,1.03,0.45,0.04,-124.03280000000001,38.867399999999996,-179.6388,175,75
2026-05-09 17:13:47.086,5,2.0,0.85,-0.08,-124.6328,151.7874,-57.0488,175,75
2026-05-09 17:13:47.108,5,2.0,1.52,-0.01,-123.89280000000001,239.4174,125.61120000000001,175,75
2026-05-09 17:13:47.118,5,1.47,1.88,2.0,-165.8328,56.2474,250.3412,175,75
2026-05-09 17:13:47.131,5,2.0,0.66,2.0,-222.5328,249.4174,250.3412,175,75
2026-05-09 17:13:47.131,5,2.0,-0.67,2.0,-245.3628,249.4174,250.3412,175,75
2026-05-09 17:13:47.158,5,0.19,-1.13,2.0,-220.9028,249.4174,250.3412,175,75
2026-05-09 17:13:47.158,5,-2.0,-1.56,1.97,-155.8628,249.4174,250.3412,175,75
2026-05-09 17:13:47.172,5,-2.0,-1.39,1.6,-83.3328,107.3974,250.3412,175,75
2026-05-09 17:13:47.187,5,-2.0,-1.53,1.43,-28.4728,-82.2926,250.3412,175,75
2026-05-09 17:13:47.187,5,-2.0,-1.64,1.3,27.8372,-220.4626,135.28119999999998,175,75
2026-05-09 17:13:47.208,5,-2.0,-1.72,1.52,70.9872,-250.8526,29.0412,175,75
2026-05-09 17:13:47.208,5,-1.49,-1.47,1.97,58.347199999999994,-250.8526,-25.7988,175,75
2026-05-09 17:13:47.221,5,-0.76,-1.02,2.0,-24.4228,-250.8526,-143.89880000000002,175,75
2026-05-09 17:13:47.231,5,0.41,-0.79,1.42,-50.152800000000006,-250.8526,-249.9288,175,75
2026-05-09 17:13:47.231,5,1.84,-0.46,1.01,-26.6028,-185.3326,-249.9288,175,75
2026-05-09 17:13:47.246,5,1.81,0.01,0.94,-4.312799999999999,33.337399999999995,-249.9288,175,75
2026-05-09 17:13:47.246,5,1.25,0.36,0.86,11.3872,169.4674,-249.9288,175,75
2026-05-09 17:13:47.257,5,0.74,0.77,0.78,10.247200000000001,223.3674,-249.9288,175,75
2026-05-09 17:13:47.268,5,1.34,0.74,0.27,54.0772,116.4274,-249.9288,175,75
2026-05-09 17:13:47.284,5,1.14,0.82,0.79,105.3072,27.2874,-249.9288,175,75
2026-05-09 17:13:47.284,5,0.35,0.97,1.06,80.7872,45.227399999999996,-233.3488,175,75
2026-05-09 17:13:47.306,5,-0.09,0.42,0.9,49.27719999999999,78.7874,-178.39880000000002,175,75
2026-05-09 17:13:47.306,5,-0.29,0.23,0.77,40.9572,97.51740000000001,-110.24879999999999,175,75
2026-05-09 17:13:47.317,5,-0.44,-0.01,0.59,47.587199999999996,87.2574,-16.898799999999998,175,75
2026-05-09 17:13:47.328,5,-0.65,0.13,0.53,54.197199999999995,57.5074,74.97120000000001,175,75
2026-05-09 17:13:47.328,5,-0.51,0.29,0.47,56.057199999999995,23.017400000000002,134.8412,175,75
2026-05-09 17:13:47.357,5,0.16,0.33,0.41,64.9172,2.4674,187.0512,175,75
2026-05-09 17:13:47.374,5,1.12,0.49,0.65,58.1772,-25.8526,250.3412,175,75
2026-05-09 17:13:47.374,5,0.91,0.22,0.68,38.597199999999994,-53.5626,250.3412,175,75
2026-05-09 17:13:47.374,5,0.53,-0.07,0.76,20.3072,-142.3426,250.3412,175,75
2026-05-09 17:13:47.394,5,0.7,-0.51,1.02,-28.7728,-231.5526,250.3412,175,75
2026-05-09 17:13:47.394,5,1.31,-1.67,0.88,-17.4428,-151.2426,250.3412,175,75
2026-05-09 17:13:47.407,5,0.83,-1.5,0.68,45.487199999999994,22.297400000000003,250.3412,175,75
2026-05-09 17:13:47.407,5,-0.4,-0.96,0.86,108.9772,173.98739999999998,154.6812,175,75
2026-05-09 17:13:47.418,5,-1.03,-0.6,1.18,132.4872,249.4174,-17.3788,175,75
2026-05-09 17:13:47.429,5,-1.31,-0.57,1.77,128.9172,249.4174,-229.6388,175,75
2026-05-09 17:13:47.439,5,-1.4,-0.66,2.0,118.1572,249.4174,-249.9288,175,75
2026-05-09 17:13:47.451,5,-1.37,-0.62,2.0,116.3072,249.4174,-249.9288,175,75
2026-05-09 17:13:47.451,5,-0.85,0.08,2.0,129.7172,134.51739999999998,-249.9288,175,75
2026-05-09 17:13:47.461,5,-0.66,0.64,2.0,128.1972,-33.272600000000004,-249.9288,175,75
2026-05-09 17:13:47.473,5,-0.98,1.01,2.0,98.8172,-125.4326,-249.9288,175,75
2026-05-09 17:13:47.492,5,-1.05,0.86,1.91,66.4772,-203.0526,-249.9288,175,75
2026-05-09 17:13:47.492,5,-0.65,0.61,1.65,51.8172,-250.8526,-113.85879999999999,175,75
2026-05-09 17:13:47.503,5,-0.01,0.42,1.47,51.3672,-250.8526,42.6412,175,75
2026-05-09 17:13:47.515,5,0.47,0.39,1.37,52.907199999999996,-250.8526,193.16119999999998,175,75
2026-05-09 17:13:47.528,5,1.02,0.39,1.21,39.917199999999994,-245.32260000000002,250.3412,175,75
2026-05-09 17:13:47.538,5,0.8,0.7,0.99,19.377200000000002,-193.57260000000002,250.3412,175,75
2026-05-09 17:13:47.538,5,1.42,0.12,0.7,9.2772,-125.45259999999999,250.3412,175,75
2026-05-09 17:13:47.549,5,1.0,0.63,0.65,2.9472,-96.0526,250.3412,175,75
2026-05-09 17:13:47.560,5,0.11,-0.17,0.58,-17.212799999999998,-221.6226,250.3412,175,75
2026-05-09 17:13:47.574,5,2.0,-1.38,0.02,-73.4428,-250.8526,250.3412,175,75
2026-05-09 17:13:47.585,5,1.07,-1.16,-0.17,-74.4528,-109.06259999999999,250.3412,175,75
2026-05-09 17:13:47.597,5,-0.11,-0.78,-0.22,-52.152800000000006,-2.7426,173.5512,175,75
2026-05-09 17:13:47.609,5,-0.9,-0.69,-0.29,-25.5728,16.7874,57.8112,175,75
2026-05-09 17:13:47.620,5,-1.08,-0.55,-0.45,-5.812799999999999,-17.862599999999997,-29.0488,175,75
2026-05-09 17:13:47.631,5,-0.76,-0.5,-0.52,3.6772,-47.732600000000005,-109.5988,175,75
2026-05-09 17:13:47.643,5,-0.44,-0.32,-0.49,16.6272,-63.1426,-168.58880000000002,175,75
2026-05-09 17:13:47.643,5,-0.08,-0.14,-0.68,-1.3528000000000002,-52.1126,-209.5188,175,75
2026-05-09 17:13:47.668,5,0.03,-0.05,-0.74,-25.4128,-41.552600000000005,-230.3188,175,75
2026-05-09 17:13:47.668,5,-0.19,0.11,-0.61,-50.1128,-50.6726,-242.1288,175,75
2026-05-09 17:13:47.678,5,-0.31,0.11,-0.5,-71.28280000000001,-75.3626,-249.9288,175,75
2026-05-09 17:13:47.689,5,-0.34,0.12,-0.34,-87.0428,-105.7526,-249.9288,175,75
2026-05-09 17:13:47.701,5,-0.22,0.09,-0.18,-96.9928,-120.6926,-249.9288,175,75
2026-05-09 17:13:47.711,5,-0.07,0.11,0.02,-104.5928,-111.84259999999999,-246.6788,175,75
2026-05-09 17:13:47.711,5,0.0,0.11,0.16,-108.0528,-82.12259999999999,-235.0988,175,75
2026-05-09 17:13:47.740,5,0.14,0.07,0.22,-106.67280000000001,-47.4726,-222.3888,175,75
2026-05-09 17:13:47.740,5,0.25,0.2,0.2,-104.7728,-3.5126,-209.61880000000002,175,75
2026-05-09 17:13:47.750,5,0.36,0.27,0.18,-112.1228,48.7074,-202.43880000000001,175,75
2026-05-09 17:13:47.762,5,0.65,0.48,0.3,-119.2328,109.6674,-190.21880000000002,175,75
2026-05-09 17:13:47.772,5,2.0,1.24,0.71,-152.0428,232.2874,-117.1788,175,75
2026-05-09 17:13:47.772,5,2.0,2.0,1.71,-249.2728,249.4174,66.7312,175,75
2026-05-09 17:13:47.793,5,2.0,2.0,2.0,-249.2728,249.4174,250.3412,175,75
2026-05-09 17:13:47.793,5,0.89,1.71,2.0,-249.2728,249.4174,250.3412,175,75
2026-05-09 17:13:47.805,5,-0.54,0.33,1.99,-249.2728,249.4174,250.3412,175,75
2026-05-09 17:13:47.815,5,-1.57,-0.85,2.0,-194.2628,249.4174,250.3412,175,75
2026-05-09 17:13:47.826,5,-2.0,-0.48,2.0,-170.6928,249.4174,250.3412,175,75
2026-05-09 17:13:47.842,5,-2.0,-1.49,1.61,-131.2528,78.5374,250.3412,175,75
2026-05-09 17:13:47.842,5,-2.0,-1.7,1.56,-71.7928,-155.7126,250.3412,175,75
2026-05-09 17:13:47.855,5,-2.0,-1.84,1.76,-15.602799999999998,-250.8526,250.3412,175,75
2026-05-09 17:13:47.867,5,-2.0,-1.72,2.0,-7.082800000000001,-250.8526,215.4812,175,75
2026-05-09 17:13:47.867,5,-1.44,-1.69,2.0,-59.232800000000005,-250.8526,124.69120000000001,175,75
2026-05-09 17:13:47.879,5,-0.88,-1.84,2.0,-98.4828,-250.8526,4.2912,175,75
2026-05-09 17:13:47.903,5,-0.42,-1.54,1.77,-47.692800000000005,-250.8526,-171.9588,175,75
2026-05-09 17:13:47.903,5,0.22,-1.15,1.31,18.787200000000002,-250.8526,-249.9288,175,75
2026-05-09 17:13:47.910,5,0.85,-0.8,1.04,93.74719999999999,-173.5326,-249.9288,175,75
2026-05-09 17:13:47.921,5,1.04,-0.43,1.01,160.8472,-44.1026,-249.9288,175,75
2026-05-09 17:13:47.932,5,0.79,-0.1,0.95,206.4972,66.73740000000001,-249.9288,175,75
2026-05-09 17:13:47.954,5,0.76,0.32,1.14,240.6172,2.9574,-249.9288,175,75
2026-05-09 17:13:47.954,5,2.0,1.18,2.0,227.0572,-173.8426,-18.2088,175,75
2026-05-09 17:13:47.967,5,2.0,0.61,2.0,161.7272,-146.26260000000002,199.85119999999998,175,75
2026-05-09 17:13:47.979,5,2.0,0.0,2.0,120.3972,-5.7826,250.3412,175,75
2026-05-09 17:13:47.992,5,2.0,2.0,2.0,104.6972,136.0274,250.3412,175,75
2026-05-09 17:13:47.992,5,0.87,-0.75,1.86,97.5472,100.4274,250.3412,175,75
2026-05-09 17:13:48.015,5,-1.3,-0.65,1.86,69.3072,-43.272600000000004,250.3412,175,75
2026-05-09 17:13:48.015,5,-2.0,-0.54,1.82,30.8072,-148.5326,250.3412,175,75
2026-05-09 17:13:48.022,5,-2.0,-0.7,1.43,7.497199999999999,-192.0626,250.3412,175,75
2026-05-09 17:13:48.035,5,-2.0,-1.01,0.98,6.9772,-227.4926,250.3412,175,75
2026-05-09 17:13:48.046,5,-2.0,-1.12,0.65,23.1372,-250.8526,79.66120000000001,175,75
2026-05-09 17:13:48.064,5,-1.23,-1.19,0.32,44.1772,-250.8526,-91.5488,175,75
2026-05-09 17:13:48.075,5,-0.05,-1.07,0.0,60.557199999999995,-250.8526,-219.9888,175,75
2026-05-09 17:13:48.085,5,1.19,-0.84,-0.39,79.71719999999999,-189.14260000000002,-249.9288,175,75
2026-05-09 17:13:48.085,5,1.95,-0.49,-0.74,99.49719999999999,-42.662600000000005,-249.9288,175,75
2026-05-09 17:13:48.105,5,2.0,-0.34,-1.39,105.0572,102.26740000000001,-249.9288,175,75
2026-05-09 17:13:48.105,5,1.58,0.33,-1.85,136.2672,180.3974,-168.3788,175,75
2026-05-09 17:13:48.121,5,0.63,0.07,-1.23,146.6772,168.5074,-69.99879999999999,175,75
2026-05-09 17:13:48.141,5,-0.29,0.25,-1.03,135.06719999999999,87.62740000000001,-13.8388,175,75
2026-05-09 17:13:48.151,5,-0.81,0.45,-0.79,111.0672,-22.702599999999997,-7.518800000000001,175,75
2026-05-09 17:13:48.157,5,-1.01,0.67,-0.54,73.9872,-133.8826,-44.3388,175,75
2026-05-09 17:13:48.173,5,-0.74,0.81,-0.34,24.4572,-219.61260000000001,-99.44879999999999,175,75
2026-05-09 17:13:48.186,5,-0.09,0.69,-0.19,-25.4528,-250.8526,-130.2688,175,75
2026-05-09 17:13:48.186,5,0.3,0.44,-0.11,-52.9528,-238.04260000000002,-124.2888,175,75
2026-05-09 17:13:48.192,5,0.61,0.32,0.05,-60.22280000000001,-185.1026,-88.0088,175,75
2026-05-09 17:13:48.205,5,0.47,0.13,0.17,-54.912800000000004,-116.31259999999999,-56.5488,175,75
2026-05-09 17:13:48.205,5,0.13,0.09,0.14,-39.8128,-64.62259999999999,-19.1788,175,75
2026-05-09 17:13:48.228,5,0.12,-0.0,0.07,-12.8928,-17.0326,21.4512,175,75
2026-05-09 17:13:48.238,5,0.26,-0.12,0.01,26.5272,21.387400000000003,83.5312,175,75
2026-05-09 17:13:48.238,5,0.36,0.01,-0.03,59.9972,49.1774,144.5512,175,75
2026-05-09 17:13:48.249,5,0.47,0.13,-0.07,84.1472,76.26740000000001,200.97119999999998,175,75
2026-05-09 17:13:48.249,5,0.42,0.27,-0.09,95.2872,95.73740000000001,249.4912,175,75
2026-05-09 17:13:48.271,5,0.16,0.28,-0.05,94.49719999999999,99.9174,250.3412,175,75
2026-05-09 17:13:48.271,5,0.07,0.25,0.02,90.8172,99.32740000000001,250.3412,175,75
2026-05-09 17:13:48.282,5,0.02,0.25,0.1,79.0572,90.5874,250.3412,175,75
2026-05-09 17:13:48.310,5,0.14,0.23,0.2,65.3072,88.23740000000001,250.3412,175,75
2026-05-09 17:13:48.310,5,0.33,0.17,0.41,48.3972,96.3174,250.3412,175,75
2026-05-09 17:13:48.319,5,0.36,0.3,0.88,30.127200000000002,75.6674,250.3412,175,75
2026-05-09 17:13:48.331,5,0.34,0.03,1.46,-14.3028,-22.112599999999997,250.3412,175,75
2026-05-09 17:13:48.331,5,0.69,-0.12,1.67,-31.0128,-97.3026,218.97119999999998,175,75
2026-05-09 17:13:48.351,5,1.07,-0.1,1.56,-36.152800000000006,-81.76259999999999,165.06119999999999,175,75
2026-05-09 17:13:48.351,5,1.11,-0.0,1.45,-33.8228,17.5274,112.8712,175,75
2026-05-09 17:13:48.373,5,1.07,-0.15,1.53,-29.282799999999998,249.4174,23.491200000000003,175,75
2026-05-09 17:13:48.393,5,1.1,-0.45,1.94,-37.662800000000004,249.4174,82.1812,175,75
2026-05-09 17:13:48.405,5,1.0,-0.79,2.0,-53.9228,198.8074,204.7012,175,75
2026-05-09 17:13:48.406,5,0.51,-0.8,1.95,-50.012800000000006,175.8774,250.3412,175,75
2026-05-09 17:13:48.416,5,-0.08,-0.88,1.84,-35.5728,150.4374,250.3412,175,75
2026-05-09 17:13:48.437,5,-1.01,-0.88,1.87,-34.6428,73.9774,250.3412,175,75
2026-05-09 17:13:48.446,5,-1.3,-0.95,1.79,-39.9628,4.7174,250.3412,175,75
2026-05-09 17:13:48.462,5,-1.29,-1.07,1.58,-39.5428,-38.9226,201.9512,175,75
2026-05-09 17:13:48.462,5,-0.98,-1.19,1.4,-31.6328,-52.6926,127.6512,175,75
2026-05-09 17:13:48.474,5,-0.62,-1.38,1.34,-8.7628,-40.6426,70.16120000000001,175,75
2026-05-09 17:13:48.485,5,-0.44,-1.47,1.49,21.3872,-20.502599999999997,15.3612,175,75
2026-05-09 17:13:48.485,5,-0.32,-1.4,1.72,47.2172,6.3674,-65.2188,175,75
2026-05-09 17:13:48.506,5,-0.27,-1.07,1.95,54.1072,48.4974,-174.36880000000002,175,75
2026-05-09 17:13:48.506,5,-0.33,-0.69,1.94,43.267199999999995,99.07740000000001,-249.9288,175,75
2026-05-09 17:13:48.518,5,-0.43,-0.46,1.73,37.657199999999996,127.2074,-249.9288,175,75
2026-05-09 17:13:48.529,5,-0.35,-0.33,1.59,47.1072,124.1474,-249.9288,175,75
2026-05-09 17:13:48.563,5,0.12,0.2,1.86,92.0672,1.6073999999999997,-249.9288,175,75
2026-05-09 17:13:48.575,5,0.2,0.4,1.94,86.88719999999999,-50.272600000000004,-249.9288,175,75
2026-05-09 17:13:48.586,5,-0.02,0.45,1.8,76.7772,-61.2426,-175.1288,175,75
2026-05-09 17:13:48.596,5,-0.17,0.31,1.58,71.2372,-77.12259999999999,-78.49879999999999,175,75
2026-05-09 17:13:48.607,5,-0.08,0.22,1.47,72.49719999999999,-91.78259999999999,24.4312,175,75
2026-05-09 17:13:48.607,5,0.05,0.22,1.48,70.2972,-104.98259999999999,113.16120000000001,175,75
2026-05-09 17:13:48.628,5,0.15,0.23,1.49,58.8872,-122.4326,170.7012,175,75
2026-05-09 17:13:48.645,5,0.28,0.09,1.48,42.02719999999999,-149.0226,205.4912,175,75
2026-05-09 17:13:48.666,5,0.14,0.03,1.47,27.2372,-176.3726,206.7112,175,75
2026-05-09 17:13:48.693,5,0.38,-0.18,1.41,15.7872,-187.32260000000002,173.2612,175,75
2026-05-09 17:13:48.693,5,0.57,-0.37,1.25,14.6972,-171.6226,132.25119999999998,175,75
2026-05-09 17:13:48.705,5,0.64,-0.45,1.04,25.5272,-138.7426,94.94120000000001,175,75
2026-05-09 17:13:48.717,5,0.64,-0.48,0.89,40.627199999999995,-95.7726,60.0312,175,75
2026-05-09 17:13:48.728,5,0.58,-0.44,0.8,55.0072,-53.8626,23.061200000000003,175,75
2026-05-09 17:13:48.728,5,0.49,-0.36,0.73,62.2572,-16.862599999999997,-15.7388,175,75
2026-05-09 17:13:48.740,5,0.39,-0.31,0.68,64.4372,10.5174,-53.0688,175,75
2026-05-09 17:13:48.756,5,0.29,-0.23,0.63,63.8172,31.527400000000004,-87.0688,175,75
2026-05-09 17:13:48.762,5,0.2,-0.15,0.6,60.917199999999994,51.4974,-119.55879999999999,175,75
2026-05-09 17:13:48.775,5,0.1,-0.06,0.57,55.1772,68.8074,-149.6788,175,75
2026-05-09 17:13:48.786,5,0.01,0.0,0.51,46.52719999999999,80.37740000000001,-176.02880000000002,175,75
2026-05-09 17:13:48.797,5,-0.05,0.06,0.44,35.6172,83.5874,-196.58880000000002,175,75
2026-05-09 17:13:48.797,5,-0.08,0.09,0.36,25.5172,75.04740000000001,-205.2988,175,75
2026-05-09 17:13:48.807,5,-0.06,0.08,0.24,16.4572,54.9874,-198.2288,175,75
2026-05-09 17:13:48.818,5,-0.02,0.06,0.15,9.6572,22.9674,-173.2888,175,75
2026-05-09 17:13:48.818,5,0.06,0.06,0.02,5.4772,-6.4026000000000005,-128.7388,175,75
2026-05-09 17:13:48.829,5,0.02,0.11,-0.04,-1.8428,-37.8126,-85.1588,175,75
2026-05-09 17:13:48.839,5,0.06,0.02,-0.13,-11.1328,-61.6726,-46.7688,175,75
2026-05-09 17:13:48.870,5,-0.07,0.04,-0.12,-11.662799999999999,-114.95259999999999,11.1012,175,75
2026-05-09 17:13:48.882,5,-0.18,0.15,-0.17,-21.7628,-143.1626,23.7012,175,75
2026-05-09 17:13:48.882,5,-0.19,0.13,-0.1,-31.6728,-164.76260000000002,28.2912,175,75
2026-05-09 17:13:48.893,5,-0.15,0.08,-0.01,-39.1828,-170.6626,29.901200000000003,175,75
2026-05-09 17:13:48.904,5,-0.11,-0.02,0.1,-40.302800000000005,-157.86260000000001,36.5312,175,75
2026-05-09 17:13:48.904,5,-0.09,-0.08,0.2,-37.082800000000006,-137.0326,37.9812,175,75
2026-05-09 17:13:48.904,5,-0.02,-0.04,0.22,-30.3428,-104.5826,43.581199999999995,175,75
2026-05-09 17:13:48.922,5,0.05,0.0,0.14,-31.572799999999997,-62.482600000000005,43.6712,175,75
2026-05-09 17:13:48.932,5,0.08,-0.01,0.18,-23.7328,-15.5226,34.9112,175,75
2026-05-09 17:13:48.956,5,0.16,0.04,0.16,-15.982800000000001,32.1474,20.9112,175,75
2026-05-09 17:13:48.967,5,0.21,0.14,0.19,-10.0428,81.40740000000001,-1.2087999999999999,175,75
2026-05-09 17:13:48.967,5,0.24,0.21,0.27,-11.4028,136.6974,-29.118799999999997,175,75
2026-05-09 17:13:48.984,5,0.46,0.26,0.4,-15.692799999999998,201.5974,-61.028800000000004,175,75
2026-05-09 17:13:48.984,5,1.67,0.5,0.73,-30.0828,249.4174,-25.578799999999998,175,75
2026-05-09 17:13:48.995,5,2.0,0.95,1.47,-65.5828,249.4174,155.3212,175,75
2026-05-09 17:13:48.995,5,2.0,1.21,2.0,-132.5528,249.4174,250.3412,175,75
2026-05-09 17:13:49.007,5,1.51,0.83,2.0,-151.2728,249.4174,250.3412,175,75
2026-05-09 17:13:49.017,5,0.13,0.23,2.0,-133.6928,249.4174,250.3412,175,75
2026-05-09 17:13:49.017,5,-2.0,-0.27,2.0,-117.0728,249.4174,250.3412,175,75
2026-05-09 17:13:49.028,5,-2.0,-0.57,1.65,-116.0528,249.4174,237.1712,175,75
2026-05-09 17:13:49.038,5,-2.0,-1.09,1.08,-69.6928,211.3774,103.16120000000001,175,75
2026-05-09 17:13:49.038,5,-2.0,-1.78,0.82,18.8272,-35.0426,37.941199999999995,175,75
2026-05-09 17:13:49.047,5,-2.0,-1.98,1.06,127.85719999999999,-231.9426,50.0512,175,75
2026-05-09 17:13:49.057,5,-2.0,-1.76,2.0,190.00719999999998,-250.8526,91.8412,175,75
2026-05-09 17:13:49.073,5,-1.54,-1.18,2.0,128.5072,-250.8526,96.6312,175,75
2026-05-09 17:13:49.073,5,-1.98,-0.81,2.0,-34.1028,-250.8526,-51.6388,175,75
2026-05-09 17:13:49.084,5,-1.46,-0.7,2.0,-66.6628,-250.8526,-249.9288,175,75
2026-05-09 17:13:49.097,5,-0.47,-0.8,1.59,-21.3928,-250.8526,-249.9288,175,75
2026-05-09 17:13:49.125,5,0.25,-0.59,1.27,38.8972,-193.6326,-249.9288,175,75
2026-05-09 17:13:49.125,5,-0.03,-0.1,1.32,80.1972,-96.0026,-249.9288,175,75
2026-05-09 17:13:49.136,5,-0.37,0.31,1.14,103.1672,-57.052600000000005,-249.9288,175,75
2026-05-09 17:13:49.147,5,-0.71,0.69,0.96,111.0672,-97.8226,-249.9288,175,75
2026-05-09 17:13:49.151,5,-0.89,1.0,0.62,119.0372,-204.1226,-249.9288,175,75
2026-05-09 17:13:49.164,5,-0.68,1.21,0.15,154.9772,-250.8526,-249.9288,175,75
2026-05-09 17:13:49.175,5,0.66,1.48,0.0,178.1172,-250.8526,-249.9288,175,75
2026-05-09 17:13:49.188,5,2.0,2.0,0.0,167.8772,-250.8526,-144.6788,175,75
2026-05-09 17:13:49.189,5,2.0,1.89,-0.2,120.46719999999999,-220.9126,112.89120000000001,175,75
2026-05-09 17:13:49.200,5,0.22,1.12,-0.19,83.3772,-157.2226,180.8212,175,75
2026-05-09 17:13:49.200,5,-0.39,0.45,-0.19,77.3072,-165.67260000000002,164.0512,175,75
2026-05-09 17:13:49.228,5,0.07,-0.02,-0.4,96.3972,-161.8026,141.78119999999998,175,75
2026-05-09 17:13:49.228,5,0.75,-0.13,-0.35,127.4072,-109.3626,154.72119999999998,175,75
2026-05-09 17:13:49.239,5,1.08,0.04,-0.19,151.6672,-31.0626,203.13119999999998,175,75
2026-05-09 17:13:49.249,5,0.84,-0.02,-0.2,166.6272,32.4674,240.9312,175,75
2026-05-09 17:13:49.261,5,0.91,-0.38,0.2,170.5972,89.87740000000001,250.3412,175,75
2026-05-09 17:13:49.261,5,1.14,-0.19,0.43,171.8772,160.2874,250.3412,175,75
2026-05-09 17:13:49.274,5,1.55,0.2,0.83,144.8772,249.4174,250.3412,175,75
2026-05-09 17:13:49.288,5,2.0,0.75,1.68,100.5272,249.4174,250.3412,175,75
2026-05-09 17:13:49.288,5,0.89,0.96,2.0,25.6772,249.4174,250.3412,175,75
2026-05-09 17:13:49.299,5,0.66,0.35,2.0,-31.3428,242.45739999999998,163.81119999999999,175,75
2026-05-09 17:13:49.324,5,-2.0,-0.35,1.05,-82.6028,249.4174,-161.7388,175,75
2026-05-09 17:13:49.342,5,-2.0,-0.57,0.82,-29.8128,40.9674,-191.58880000000002,175,75
2026-05-09 17:13:49.353,5,-1.37,-0.07,1.46,7.6272,-102.6026,-105.2588,175,75
2026-05-09 17:13:49.368,5,-0.43,0.43,2.0,5.4072,-182.20260000000002,-11.2388,175,75
2026-05-09 17:13:49.378,5,0.2,0.44,2.0,-2.9528,-208.6526,79.30120000000001,175,75
2026-05-09 17:13:49.389,5,0.63,0.21,1.6,8.9772,-191.8326,183.7412,175,75
2026-05-09 17:13:49.389,5,0.78,0.12,1.23,11.327200000000001,-158.79260000000002,250.3412,175,75
2026-05-09 17:13:49.405,5,0.91,0.11,0.86,7.4672,-105.7726,250.3412,175,75
2026-05-09 17:13:49.415,5,0.75,-0.03,0.6,8.0072,-52.342600000000004,250.3412,175,75
2026-05-09 17:13:49.435,5,0.5,-0.14,0.42,15.3972,-38.6126,250.3412,175,75
2026-05-09 17:13:49.435,5,0.27,-0.27,0.37,25.1372,-73.56259999999999,250.3412,175,75
2026-05-09 17:13:49.445,5,0.27,-0.48,0.36,32.1072,-126.2726,250.3412,175,75
2026-05-09 17:13:49.456,5,0.53,-0.71,0.25,39.0472,-161.73260000000002,250.3412,175,75
2026-05-09 17:13:49.460,5,1.16,-1.04,-0.15,58.6072,-117.53259999999999,250.3412,175,75
2026-05-09 17:13:49.488,5,1.01,-1.18,-0.52,95.2572,-13.5026,232.0512,175,75
2026-05-09 17:13:49.488,5,0.44,-0.99,-0.55,127.38719999999999,57.977399999999996,151.66119999999998,175,75
2026-05-09 17:13:49.505,5,-0.21,-0.83,-0.55,150.28719999999998,84.3674,91.58120000000001,175,75
2026-05-09 17:13:49.516,5,-0.63,-0.64,-0.52,152.6572,69.3974,42.4912,175,75
2026-05-09 17:13:49.516,5,-0.74,-1.15,0.12,167.1872,34.9274,-1.2388,175,75
2026-05-09 17:13:49.527,5,-0.73,-0.55,-0.31,131.0472,-8.0526,-41.5488,175,75
2026-05-09 17:13:49.535,5,-0.22,-0.45,-0.1,82.6672,-23.522599999999997,-68.72879999999999,175,75
2026-05-09 17:13:49.548,5,0.21,-0.36,0.17,13.497200000000001,4.7974,-87.10879999999999,175,75
2026-05-09 17:13:49.558,5,0.25,-0.4,0.27,-48.3628,59.697399999999995,-136.08880000000002,175,75
2026-05-09 17:13:49.569,5,-0.35,-0.48,0.37,-78.86280000000001,76.68740000000001,-238.9188,175,75
2026-05-09 17:13:49.584,5,-0.33,-0.48,0.48,-73.53280000000001,-11.6926,-249.9288,175,75
2026-05-09 17:13:49.595,5,0.46,-0.19,0.75,-55.1128,-71.37259999999999,-249.9288,175,75
2026-05-09 17:13:49.595,5,1.28,0.73,1.51,-66.0128,-66.7926,-249.9288,175,75
2026-05-09 17:13:49.612,5,2.0,1.69,2.0,-182.2228,7.0674,-249.9288,175,75
2026-05-09 17:13:49.626,5,2.0,1.85,2.0,-249.2728,142.13739999999999,-249.9288,175,75
2026-05-09 17:13:49.642,5,2.0,0.44,2.0,-249.2728,249.4174,-233.0988,175,75
2026-05-09 17:13:49.652,5,1.59,-0.99,1.01,-249.2728,249.4174,-58.5888,175,75
2026-05-09 17:13:49.667,5,0.48,-1.37,0.68,-196.5928,249.4174,136.2312,175,75
2026-05-09 17:13:49.667,5,-0.81,-0.92,0.53,-80.06280000000001,249.4174,250.3412,175,75
2026-05-09 17:13:49.667,5,-2.0,-0.58,0.94,12.9072,249.4174,250.3412,175,75
2026-05-09 17:13:49.704,5,-1.35,-0.61,2.0,24.3572,-74.3326,-151.99880000000002,175,75
2026-05-09 17:13:49.714,5,-1.02,-0.56,1.71,54.8272,-109.9126,-230.1388,175,75
2026-05-09 17:13:49.720,5,-0.72,-0.29,1.3,89.9072,-148.4726,-249.9288,175,75
2026-05-09 17:13:49.732,5,-0.49,0.04,1.15,114.3972,-165.3026,-249.9288,175,75
2026-05-09 17:13:49.743,5,0.15,0.3,1.07,119.5572,-149.9126,-249.9288,175,75
2026-05-09 17:13:49.744,5,0.48,0.43,1.04,107.7972,-106.28259999999999,-249.9288,175,75
2026-05-09 17:13:49.754,5,0.6,0.49,0.97,82.0472,-52.0326,-249.9288,175,75
2026-05-09 17:13:49.768,5,0.64,0.42,0.84,54.5672,-0.23260000000000003,-249.9288,175,75
2026-05-09 17:13:49.768,5,0.54,0.3,0.68,29.6672,50.1374,-208.8488,175,75
2026-05-09 17:13:49.779,5,0.27,0.22,0.55,7.1372,88.6974,-170.24880000000002,175,75
2026-05-09 17:13:49.807,5,-0.17,0.26,0.5,-17.0728,100.26740000000001,-137.8788,175,75
2026-05-09 17:13:49.807,5,-0.36,0.24,0.45,-44.122800000000005,92.07740000000001,-129.8788,175,75
2026-05-09 17:13:49.818,5,-0.66,0.43,0.48,-72.6328,62.447399999999995,-130.5488,175,75
2026-05-09 17:13:49.818,5,-0.66,0.49,0.48,-101.28280000000001,30.907400000000003,-143.0088,175,75
2026-05-09 17:13:49.832,5,-0.36,0.63,0.47,-125.1828,11.4974,-158.1688,175,75
2026-05-09 17:13:49.856,5,0.87,0.75,0.27,-121.3428,17.4374,-119.0988,175,75
2026-05-09 17:13:49.856,5,2.0,0.72,0.13,-58.582800000000006,6.7274,125.5612,175,75
2026-05-09 17:13:49.872,5,2.0,1.31,0.32,-0.04280000000000006,14.5074,250.3412,175,75
2026-05-09 17:13:49.881,5,1.05,1.28,0.44,33.597199999999994,26.9374,250.3412,175,75
2026-05-09 17:13:49.895,5,0.58,0.84,0.7,26.3372,11.3574,250.3412,175,75
2026-05-09 17:13:49.907,5,0.82,0.08,0.69,-2.3428,-28.052599999999998,250.3412,175,75
2026-05-09 17:13:49.907,5,1.1,1.0,1.63,-27.1728,-44.9626,250.3412,175,75
2026-05-09 17:13:49.922,5,1.94,-0.91,1.1,-12.332799999999999,33.7574,250.3412,175,75
2026-05-09 17:13:49.934,5,1.53,-1.84,1.95,63.6172,146.1174,250.3412,175,75
2026-05-09 17:13:49.943,5,-0.47,-1.76,2.0,170.1772,198.5874,250.3412,175,75
2026-05-09 17:13:49.943,5,-1.83,-0.59,2.0,192.2472,225.8074,92.97120000000001,175,75
2026-05-09 17:13:49.958,5,-2.0,-0.16,2.0,156.6572,249.4174,-249.9288,175,75
2026-05-09 17:13:49.962,5,-2.0,-0.19,2.0,102.0172,249.4174,-249.9288,175,75
2026-05-09 17:13:49.970,5,-2.0,-0.25,1.89,87.46719999999999,249.4174,-249.9288,175,75
2026-05-09 17:13:49.988,5,-1.31,0.08,2.0,128.5172,40.8974,-249.9288,175,75
2026-05-09 17:13:49.998,5,-0.42,1.12,2.0,130.9772,-191.73260000000002,-249.9288,175,75
2026-05-09 17:13:50.012,5,-0.5,1.2,2.0,92.07719999999999,-250.8526,-249.9288,175,75
2026-05-09 17:13:50.012,5,-0.28,0.83,2.0,63.8272,-250.8526,-192.2288,175,75
2026-05-09 17:13:50.039,5,0.21,0.27,1.38,60.487199999999994,-223.2126,118.0612,175,75
2026-05-09 17:13:50.039,5,0.37,0.28,1.19,53.307199999999995,-165.7826,221.4012,175,75
2026-05-09 17:13:50.060,5,0.53,0.31,0.87,44.9372,-123.92259999999999,250.3412,175,75
2026-05-09 17:13:50.060,5,0.65,0.19,0.56,40.7172,-93.6026,250.3412,175,75
2026-05-09 17:13:50.070,5,0.69,0.25,0.35,39.517199999999995,-76.3226,250.3412,175,75
2026-05-09 17:13:50.083,5,0.72,0.11,0.2,37.517199999999995,-64.65259999999999,250.3412,175,75
2026-05-09 17:13:50.099,5,0.68,-0.09,0.18,31.8272,-68.6026,250.3412,175,75
2026-05-09 17:13:50.099,5,0.56,-0.11,0.38,12.5372,-120.9626,250.3412,175,75
2026-05-09 17:13:50.113,5,1.0,-0.93,0.38,-7.072800000000001,-105.7126,250.3412,175,75
2026-05-09 17:13:50.125,5,0.45,-0.98,0.36,-0.6828000000000001,-45.2826,250.3412,175,75
2026-05-09 17:13:50.139,5,-0.42,-0.6,0.38,5.257199999999999,1.2273999999999998,193.2612,175,75
2026-05-09 17:13:50.151,5,-0.88,-0.43,0.37,7.4672,23.047400000000003,74.8812,175,75
2026-05-09 17:13:50.151,5,-1.06,-0.5,0.25,10.9472,19.767400000000002,-26.7088,175,75
2026-05-09 17:13:50.167,5,-0.86,-0.69,0.05,27.5172,0.8374,-97.3788,175,75
2026-05-09 17:13:50.178,5,-0.31,-0.65,-0.13,48.0772,-10.0826,-120.10879999999999,175,75
2026-05-09 17:13:50.178,5,0.24,-0.43,-0.37,46.8972,7.8474,-129.8788,175,75
2026-05-09 17:13:50.199,5,0.6,-0.28,-0.64,19.9372,55.697399999999995,-135.18880000000001,175,75
2026-05-09 17:13:50.215,5,0.42,-0.35,-0.7,13.7372,90.26740000000001,-156.6788,175,75
2026-05-09 17:13:50.245,5,-0.28,0.07,-0.5,-43.122800000000005,27.957400000000003,-216.4288,175,75
2026-05-09 17:13:50.245,5,-0.2,0.14,-0.33,-57.592800000000004,-2.8326000000000002,-241.46880000000002,175,75
2026-05-09 17:13:50.257,5,-0.02,0.14,-0.18,-65.7228,-12.9926,-249.9288,175,75
2026-05-09 17:13:50.269,5,0.1,0.18,-0.02,-69.3728,-5.4326,-249.9288,175,75
2026-05-09 17:13:50.269,5,0.32,0.19,0.09,-67.0228,19.177400000000002,-249.9288,175,75
2026-05-09 17:13:50.287,5,0.51,0.14,0.31,-60.22280000000001,56.697399999999995,-249.9288,175,75
2026-05-09 17:13:50.298,5,0.9,0.21,0.34,-56.4628,91.9774,-235.4788,175,75
2026-05-09 17:13:50.299,5,2.0,0.86,0.73,-7.922799999999999,-205.3526,163.53119999999998,175,75
2026-05-09 17:13:50.310,5,2.0,1.88,2.0,-4.892799999999999,-250.8526,250.3412,175,75
2026-05-09 17:13:50.321,5,2.0,2.0,2.0,-154.8228,-87.7926,250.3412,175,75
2026-05-09 17:13:50.338,5,2.0,1.51,2.0,-249.2728,249.4174,2.9911999999999996,175,75
2026-05-09 17:13:50.350,5,2.0,-0.06,2.0,-249.2728,249.4174,-116.74879999999999,175,75
2026-05-09 17:13:50.363,5,1.67,-1.57,1.07,-249.2728,249.4174,18.4812,175,75
2026-05-09 17:13:50.373,5,-0.14,-1.45,1.02,-177.6528,249.4174,250.3412,175,75
2026-05-09 17:13:50.373,5,-1.96,-0.93,1.53,-82.6628,228.42739999999998,250.3412,175,75
2026-05-09 17:13:50.386,5,-2.0,-0.71,1.78,-61.8828,9.3874,250.3412,175,75
2026-05-09 17:13:50.397,5,-2.0,-0.87,2.0,-82.6028,-161.70260000000002,250.3412,175,75
2026-05-09 17:13:50.406,5,-2.0,-1.2,2.0,-108.56280000000001,-250.8526,221.3012,175,75
2026-05-09 17:13:50.419,5,-1.94,-1.53,2.0,-122.4028,-250.8526,75.8112,175,75
2026-05-09 17:13:50.419,5,-1.26,-1.65,2.0,-106.8228,-250.8526,-75.9688,175,75
2026-05-09 17:13:50.433,5,-0.58,-1.19,1.73,-57.9928,-250.8526,-249.9288,175,75
2026-05-09 17:13:50.451,5,0.37,-0.48,1.27,-8.742799999999999,-237.3826,-249.9288,175,75
2026-05-09 17:13:50.462,5,0.99,0.1,1.1,29.6572,-141.04260000000002,-249.9288,175,75
2026-05-09 17:13:50.462,5,1.24,0.61,1.15,51.3672,-22.1926,-249.9288,175,75
2026-05-09 17:13:50.485,5,2.0,1.11,0.8,134.9172,-52.5026,-249.9288,175,75
2026-05-09 17:13:50.506,5,1.35,2.0,1.84,172.5272,-49.0026,-194.5488,175,75
2026-05-09 17:13:50.514,5,0.76,1.28,1.89,127.0172,74.40740000000001,-130.5688,175,75
2026-05-09 17:13:50.530,5,0.46,0.85,1.95,86.1272,155.1574,35.871199999999995,175,75
2026-05-09 17:13:50.543,5,0.37,1.06,2.0,63.2572,157.7574,250.3412,175,75
2026-05-09 17:13:50.557,5,0.63,1.3,2.0,36.947199999999995,172.4074,250.3412,175,75
2026-05-09 17:13:50.557,5,0.53,1.32,2.0,-8.5328,198.48739999999998,250.3412,175,75
2026-05-09 17:13:50.565,5,-1.31,1.42,2.0,-76.6228,138.8674,250.3412,175,75
2026-05-09 17:13:50.579,5,-2.0,0.17,2.0,-150.96280000000002,-48.232600000000005,250.3412,175,75
2026-05-09 17:13:50.590,5,-2.0,-0.9,2.0,-168.4128,-199.61260000000001,250.3412,175,75
2026-05-09 17:13:50.600,5,-2.0,-1.24,1.99,-141.6928,-250.8526,250.3412,175,75
2026-05-09 17:13:50.600,5,-2.0,-1.61,1.27,-87.5928,-250.8526,250.3412,175,75
2026-05-09 17:13:50.611,5,-2.0,-1.86,0.81,-1.6728,-250.8526,250.3412,175,75
2026-05-09 17:13:50.623,5,-2.0,-1.9,0.55,92.1972,-250.8526,158.7012,175,75
2026-05-09 17:13:50.637,5,-0.82,-1.65,0.38,168.9872,-250.8526,99.9012,175,75
2026-05-09 17:13:50.637,5,-0.07,-1.32,0.18,216.0272,-250.8526,83.39120000000001,175,75
2026-05-09 17:13:50.658,5,0.82,-1.1,-0.26,231.3872,-250.8526,37.261199999999995,175,75
2026-05-09 17:13:50.668,5,2.0,-0.79,-1.46,222.4372,-213.70260000000002,-63.5188,175,75
2026-05-09 17:13:50.668,5,2.0,-0.76,-2.0,221.31719999999999,17.267400000000002,-30.3188,175,75
2026-05-09 17:13:50.678,5,1.46,-0.64,-1.57,250.9972,128.01739999999998,87.4612,175,75
2026-05-09 17:13:50.690,5,0.23,-0.32,-1.36,250.9972,96.1374,192.3312,175,75
2026-05-09 17:13:50.700,5,-0.75,-0.11,-1.0,250.9972,-0.4626,238.4512,175,75
2026-05-09 17:13:50.712,5,-1.63,0.14,-0.58,244.1672,-139.3126,208.8712,175,75
2026-05-09 17:13:50.735,5,-1.76,0.29,-0.29,184.0472,-250.8526,125.2612,175,75
2026-05-09 17:13:50.735,5,-1.0,0.23,-0.12,105.7872,-250.8526,50.1812,175,75
2026-05-09 17:13:50.746,5,0.19,-0.09,-0.02,38.447199999999995,-250.8526,32.0012,175,75
2026-05-09 17:13:50.760,5,0.61,-0.2,0.05,-10.2828,-212.9026,48.7412,175,75
2026-05-09 17:13:50.770,5,0.46,-0.26,-0.04,-44.7128,-95.6426,65.6812,175,75
2026-05-09 17:13:50.782,5,0.26,-0.3,-0.16,-56.652800000000006,2.6574,66.8812,175,75
2026-05-09 17:13:50.782,5,0.13,-0.36,-0.28,-48.5028,78.6474,58.651199999999996,175,75
2026-05-09 17:13:50.794,5,0.05,-0.31,-0.3,-32.3628,140.9074,41.7312,175,75
2026-05-09 17:13:50.805,5,-0.06,-0.24,-0.26,-15.3628,184.3774,25.5012,175,75
2026-05-09 17:13:50.818,5,-0.15,-0.18,-0.21,-3.2528,204.4374,15.2312,175,75
2026-05-09 17:13:50.823,5,-0.17,-0.16,-0.14,6.437200000000001,209.7574,11.8412,175,75
2026-05-09 17:13:50.838,5,0.05,-0.12,0.01,24.7572,210.6274,41.0612,175,75
2026-05-09 17:13:50.849,5,0.45,-0.03,0.19,33.627199999999995,234.1174,57.1312,175,75
2026-05-09 17:13:50.859,5,0.54,0.15,0.51,42.3672,249.4174,54.5512,175,75
2026-05-09 17:13:50.877,5,0.8,0.53,1.47,14.6272,158.9474,137.6412,175,75
2026-05-09 17:13:50.915,5,1.21,0.93,1.88,-70.4128,-60.6926,152.47119999999998,175,75
2026-05-09 17:13:50.927,5,1.09,0.89,1.75,-132.3728,134.3174,35.5512,175,75
2026-05-09 17:13:50.966,5,0.81,-0.06,1.44,-34.3928,194.9674,201.5212,175,75
2026-05-09 17:13:50.979,5,0.03,0.12,1.45,-22.9528,158.3974,250.3412,175,75
2026-05-09 17:13:50.995,5,-0.67,-0.2,1.82,-73.1828,-9.4526,250.3412,175,75
2026-05-09 17:13:51.037,5,-0.42,-0.7,1.71,4.7172,99.7474,162.81119999999999,175,75
2026-05-09 17:13:51.043,5,-0.83,-0.64,1.73,17.4572,84.7874,131.06119999999999,175,75
2026-05-09 17:13:51.053,5,-1.06,-0.5,1.83,26.0272,54.3074,72.4512,175,75
2026-05-09 17:13:51.062,5,-1.12,-0.3,1.96,26.9972,17.6274,2.3011999999999997,175,75
2026-05-09 17:13:51.078,5,-0.9,-0.13,2.0,23.3972,-21.3126,-56.4788,175,75
2026-05-09 17:13:51.088,5,-0.66,0.03,2.0,24.8272,-63.8626,-71.24879999999999,175,75
2026-05-09 17:13:51.088,5,-0.38,0.05,1.91,32.917199999999994,-100.03259999999999,-47.9088,175,75
2026-05-09 17:13:51.103,5,-0.16,0.14,1.77,38.1072,-121.8226,8.5212,175,75
2026-05-09 17:13:51.110,5,0.05,0.06,1.61,44.237199999999994,-122.7526,89.0612,175,75
2026-05-09 17:13:51.122,5,0.19,-0.02,1.47,51.6872,-109.2126,177.85119999999998,175,75
2026-05-09 17:13:51.132,5,0.22,-0.08,1.39,57.517199999999995,-93.6126,250.3412,175,75
2026-05-09 17:13:51.144,5,0.16,-0.03,1.42,54.237199999999994,-90.5026,250.3412,175,75
2026-05-09 17:13:51.157,5,0.24,-0.04,1.5,32.2572,-118.1126,250.3412,175,75
2026-05-09 17:13:51.160,5,-0.09,-0.26,1.5,9.3572,-159.9326,250.3412,175,75
2026-05-09 17:13:51.177,5,-0.04,-0.53,1.42,-7.0428,-198.0826,250.3412,175,75
2026-05-09 17:13:51.188,5,-0.06,-0.73,1.22,-8.2828,-214.5626,250.3412,175,75
2026-05-09 17:13:51.199,5,-0.1,-0.87,1.03,2.4972,-212.3426,250.3412,175,75
2026-05-09 17:13:51.199,5,-0.16,-0.92,0.89,17.537200000000002,-202.6226,237.8012,175,75
2026-05-09 17:13:51.213,5,-0.12,-0.93,0.78,31.7572,-188.6326,164.8312,175,75
2026-05-09 17:13:51.224,5,0.11,-0.93,0.67,39.5072,-160.3526,64.64120000000001,175,75
2026-05-09 17:13:51.235,5,0.48,-0.89,0.53,46.627199999999995,-90.56259999999999,-46.8288,175,75
2026-05-09 17:13:51.246,5,0.57,-0.78,0.43,66.4472,-0.2026,-122.5488,175,75
2026-05-09 17:13:51.257,5,0.39,-0.57,0.4,90.6572,72.07740000000001,-160.93880000000001,175,75
2026-05-09 17:13:51.257,5,0.16,-0.31,0.43,104.0172,110.7274,-191.77880000000002,175,75
2026-05-09 17:13:51.277,5,0.02,-0.06,0.5,102.46719999999999,128.20739999999998,-230.27880000000002,175,75
2026-05-09 17:13:51.295,5,-0.0,0.14,0.59,88.74719999999999,134.20739999999998,-249.9288,175,75
2026-05-09 17:13:51.328,5,-0.01,0.2,0.8,42.947199999999995,5.5474,-125.85879999999999,175,75
2026-05-09 17:13:51.350,5,-0.17,0.16,0.68,41.6172,-10.0226,-77.5088,175,75
2026-05-09 17:13:51.379,5,-0.29,-0.05,0.35,48.5072,-64.5226,107.7312,175,75
2026-05-09 17:13:51.379,5,-0.32,0.0,0.26,48.167199999999994,-96.62259999999999,156.6212,175,75
2026-05-09 17:13:51.391,5,-0.33,0.02,0.14,47.1872,-133.9726,191.50119999999998,175,75
2026-05-09 17:13:51.404,5,-0.27,0.03,-0.0,45.917199999999994,-169.4426,209.2012,175,75
2026-05-09 17:13:51.417,5,-0.27,0.06,-0.14,44.02719999999999,-198.76260000000002,220.00119999999998,175,75
2026-05-09 17:13:51.421,5,-0.34,0.04,-0.14,45.237199999999994,-227.5326,227.75119999999998,175,75
2026-05-09 17:13:51.442,5,0.83,0.21,-0.33,52.917199999999994,-182.73260000000002,226.3912,175,75
2026-05-09 17:13:51.463,5,0.22,0.21,-0.19,36.197199999999995,-41.482600000000005,162.7712,175,75
2026-05-09 17:13:51.477,5,-0.12,0.23,0.07,26.5972,-2.5926,99.50120000000001,175,75
2026-05-09 17:13:51.477,5,-0.11,0.14,0.34,18.0472,36.547399999999996,33.0612,175,75
2026-05-09 17:13:51.494,5,0.05,0.15,0.58,14.3172,92.8874,-27.5688,175,75
2026-05-09 17:13:51.507,5,0.36,0.1,0.82,-9.7328,166.0074,-63.8088,175,75
2026-05-09 17:13:51.507,5,0.83,0.39,0.82,-46.692800000000005,249.4174,-96.30879999999999,175,75
2026-05-09 17:13:51.519,5,1.89,0.45,1.28,-96.5228,249.4174,-82.1188,175,75
2026-05-09 17:13:51.540,5,1.99,0.49,1.42,-158.68280000000001,249.4174,-48.6988,175,75
2026-05-09 17:13:51.540,5,2.0,1.89,2.0,-249.2728,249.4174,250.3412,175,75
2026-05-09 17:13:51.571,5,-2.0,0.68,1.19,-249.2728,249.4174,250.3412,175,75
2026-05-09 17:13:51.582,5,-2.0,-0.16,0.97,-237.3728,249.4174,250.3412,175,75
2026-05-09 17:13:51.593,5,-2.0,-0.84,0.86,-206.5228,246.9674,250.3412,175,75
2026-05-09 17:13:51.593,5,-2.0,-1.54,0.81,-130.3128,-87.6626,244.0212,175,75
2026-05-09 17:13:51.604,5,-2.0,-1.92,0.96,-26.4728,-250.8526,101.6512,175,75
2026-05-09 17:13:51.616,5,-2.0,-2.0,1.71,60.3672,-250.8526,-5.018800000000001,175,75
2026-05-09 17:13:51.631,5,-1.39,-1.26,2.0,8.7872,-250.8526,-155.6388,175,75
2026-05-09 17:13:51.646,5,-1.48,-0.92,2.0,26.4972,-250.8526,-249.9288,175,75
2026-05-09 17:13:51.657,5,-0.61,-0.3,1.62,73.7872,-250.8526,-249.9288,175,75
2026-05-09 17:13:51.686,5,-0.29,0.37,0.96,121.57719999999999,-156.3026,-249.9288,175,75
2026-05-09 17:13:51.696,5,-0.65,0.58,0.76,110.8672,-199.2126,-249.9288,175,75
2026-05-09 17:13:51.707,5,-0.96,0.78,0.47,95.9172,-250.8526,-249.9288,175,75
2026-05-09 17:13:51.707,5,-0.92,0.94,0.08,87.4172,-250.8526,-249.9288,175,75
2026-05-09 17:13:51.720,5,0.35,1.13,-0.41,108.5572,-250.8526,-249.9288,175,75
2026-05-09 17:13:51.733,5,2.0,1.81,-0.79,154.8472,-250.8526,-9.668800000000001,175,75
2026-05-09 17:13:51.765,5,0.93,0.29,-0.47,115.1572,-88.03259999999999,250.3412,175,75
2026-05-09 17:13:51.785,5,1.01,-0.53,-0.25,169.6472,46.0774,250.3412,175,75
2026-05-09 17:13:51.827,5,0.01,-0.78,1.63,148.1672,123.18740000000001,250.3412,175,75
2026-05-09 17:13:51.838,5,-0.35,-0.4,1.52,30.0472,62.5574,107.7112,175,75
2026-05-09 17:13:51.840,5,-0.79,0.14,1.44,-23.1528,81.1374,-80.63879999999999,175,75
2026-05-09 17:13:51.853,5,-0.74,0.62,1.19,-113.7628,141.4374,-249.9288,175,75
2026-05-09 17:13:51.889,5,0.89,0.95,2.0,-89.1828,-31.912599999999998,-249.9288,175,75
2026-05-09 17:13:51.907,5,-0.88,0.31,1.94,-43.372800000000005,-0.6526000000000001,-142.5388,175,75
2026-05-09 17:13:51.926,5,-1.04,0.06,1.54,1.6572,-12.2526,-2.6788000000000003,175,75
2026-05-09 17:13:51.935,5,-1.04,0.04,1.41,55.407199999999996,-71.48259999999999,180.5712,175,75
2026-05-09 17:13:51.947,5,-0.49,0.34,1.67,78.6772,-120.0526,250.3412,175,75
2026-05-09 17:13:51.958,5,0.13,0.37,1.67,65.6572,-121.5426,250.3412,175,75
2026-05-09 17:13:51.959,5,0.58,0.23,1.45,46.057199999999995,-89.6326,250.3412,175,75
2026-05-09 17:13:51.967,5,0.83,0.3,1.19,25.2272,-71.2726,250.3412,175,75
2026-05-09 17:13:51.981,5,0.15,0.25,1.4,-5.1828,-95.76259999999999,250.3412,175,75
2026-05-09 17:13:52.016,5,-0.23,-1.1,0.95,-59.9228,-250.8526,250.3412,175,75
2026-05-09 17:13:52.027,5,-0.32,-1.3,0.54,-40.6428,-219.11260000000001,250.3412,175,75
2026-05-09 17:13:52.058,5,-0.68,-1.49,-0.24,77.9772,-104.78259999999999,31.6412,175,75
2026-05-09 17:13:52.058,5,-0.35,-1.41,-0.58,155.9172,-79.95259999999999,-54.0688,175,75
2026-05-09 17:13:52.070,5,0.13,-1.18,-0.87,208.7172,-58.4626,-84.44879999999999,175,75
2026-05-09 17:13:52.070,5,0.92,-0.86,-1.2,219.1172,-7.2626,-79.4088,175,75
2026-05-09 17:13:52.097,5,-0.09,-0.4,-1.05,179.9572,79.1674,-85.7188,175,75
2026-05-09 17:13:52.108,5,-0.6,-0.11,-0.62,114.0272,51.3774,-117.9688,175,75
2026-05-09 17:13:52.129,5,0.39,-0.03,0.01,-36.7928,59.9974,-136.46880000000002,175,75
2026-05-09 17:13:52.140,5,0.8,-0.09,0.05,-86.9728,132.01739999999998,-133.5488,175,75
2026-05-09 17:13:52.153,5,-0.19,-0.11,0.1,-107.5428,249.4174,-249.9288,175,75
2026-05-09 17:13:52.167,5,-0.42,0.01,0.4,-38.6028,106.7274,-249.9288,175,75
2026-05-09 17:13:52.174,5,1.11,0.99,1.54,27.0772,-5.6426,-249.9288,175,75
2026-05-09 17:13:52.189,5,2.0,1.89,2.0,-56.1828,-75.7426,-249.9288,175,75
2026-05-09 17:13:52.206,5,2.0,0.54,2.0,-249.2728,249.4174,-188.3588,175,75
2026-05-09 17:13:52.230,5,0.57,-1.32,0.55,-175.1528,249.4174,250.3412,175,75
2026-05-09 17:13:52.240,5,-0.79,-0.66,0.44,-85.8228,249.4174,250.3412,175,75
2026-05-09 17:13:52.250,5,-2.0,0.02,0.88,-40.5328,249.4174,250.3412,175,75
2026-05-09 17:13:52.254,5,-2.0,0.01,1.81,-58.3528,82.3874,250.3412,175,75
2026-05-09 17:13:52.268,5,-2.0,-0.72,2.0,-98.9028,-139.98260000000002,250.3412,175,75
2026-05-09 17:13:52.278,5,-0.68,-1.31,2.0,-46.2428,-184.4726,-36.1888,175,75
2026-05-09 17:13:52.290,5,-0.84,-0.92,1.52,-3.1028000000000002,-118.2526,-159.0988,175,75
2026-05-09 17:13:52.304,5,-0.52,-0.6,1.16,22.9272,-87.8626,-249.9288,175,75
2026-05-09 17:13:52.312,5,0.03,-0.4,0.93,43.8872,-48.0126,-249.9288,175,75
2026-05-09 17:13:52.325,5,0.43,-0.25,0.81,64.0472,14.0174,-249.9288,175,75
2026-05-09 17:13:52.335,5,0.68,-0.05,0.74,77.38719999999999,85.6774,-249.9288,175,75
2026-05-09 17:13:52.346,5,0.51,0.08,0.66,81.88719999999999,147.1674,-249.9288,175,75
2026-05-09 17:13:52.357,5,0.23,0.18,0.65,81.1672,181.5974,-249.9288,175,75
2026-05-09 17:13:52.357,5,-0.09,0.28,0.65,77.10719999999999,186.2474,-249.9288,175,75
2026-05-09 17:13:52.369,5,-0.38,0.3,0.71,67.0272,166.3074,-249.9288,175,75
2026-05-09 17:13:52.403,5,-0.92,0.61,0.98,-0.5428,70.8574,-249.9288,175,75
2026-05-09 17:13:52.413,5,-0.8,0.64,0.97,-24.9128,17.957400000000003,-227.9488,175,75
2026-05-09 17:13:52.427,5,-0.57,0.7,0.9,-33.2028,-46.0826,-176.7088,175,75
2026-05-09 17:13:52.437,5,-0.22,0.73,0.8,-25.3428,-107.76259999999999,-101.7688,175,75
2026-05-09 17:13:52.447,5,0.62,0.69,0.57,2.3971999999999998,-149.0826,-0.8488,175,75
2026-05-09 17:13:52.447,5,1.84,0.74,0.27,47.017199999999995,-150.23260000000002,190.6112,175,75
2026-05-09 17:13:52.470,5,1.93,0.72,-0.23,125.7872,-36.6026,250.3412,175,75
2026-05-09 17:13:52.487,5,1.94,0.75,-0.19,146.3372,22.177400000000002,250.3412,175,75
2026-05-09 17:13:52.498,5,2.0,-0.3,0.74,101.5672,-40.9626,250.3412,175,75
2026-05-09 17:13:52.527,5,0.03,-1.34,1.45,115.5472,208.57739999999998,250.3412,175,75
2026-05-09 17:13:52.527,5,-1.75,-0.89,1.88,130.1672,249.4174,161.19119999999998,175,75
2026-05-09 17:13:52.538,5,-2.0,-0.66,2.0,114.6572,249.4174,-237.7888,175,75
2026-05-09 17:13:52.567,5,-1.72,-0.01,2.0,128.5572,249.4174,-249.9288,175,75
2026-05-09 17:13:52.577,5,-1.02,0.84,2.0,167.50719999999998,104.7474,-249.9288,175,75
2026-05-09 17:13:52.577,5,-0.66,1.56,2.0,157.78719999999998,-166.04260000000002,-249.9288,175,75
2026-05-09 17:13:52.611,5,-0.78,0.87,1.92,107.5572,-250.8526,-249.9288,175,75
2026-05-09 17:13:52.622,5,-0.33,0.49,1.64,96.9772,-250.8526,-106.58879999999999,175,75
2026-05-09 17:13:52.622,5,0.11,0.44,1.53,86.3372,-250.8526,84.16120000000001,175,75
2026-05-09 17:13:52.630,5,0.66,0.48,1.32,66.4772,-205.5226,223.22119999999998,175,75
2026-05-09 17:13:52.646,5,0.9,0.66,1.04,45.627199999999995,-159.4926,250.3412,175,75
2026-05-09 17:13:52.680,5,1.05,0.55,0.48,2.1372,-62.6726,250.3412,175,75
2026-05-09 17:13:52.680,5,1.07,0.31,0.19,-16.9428,-13.6826,250.3412,175,75
2026-05-09 17:13:52.691,5,1.2,0.04,0.06,-21.2428,9.8174,250.3412,175,75
2026-05-09 17:13:52.691,5,1.28,-0.44,0.31,-53.2028,-1.6026,250.3412,175,75
2026-05-09 17:13:52.704,5,0.54,-0.99,0.44,-67.7428,11.6974,250.3412,175,75
2026-05-09 17:13:52.726,5,-0.2,-0.57,0.6,-65.8728,48.0774,226.1712,175,75
2026-05-09 17:13:52.726,5,-0.85,-0.28,0.5,-73.3028,72.8074,110.2612,175,75
2026-05-09 17:13:52.737,5,-1.15,-0.53,0.41,-73.0728,75.7474,12.7212,175,75
2026-05-09 17:13:52.737,5,-1.07,-0.82,0.16,-53.8628,49.797399999999996,-51.378800000000005,175,75
2026-05-09 17:13:52.753,5,-1.0,-0.79,-0.01,-21.4028,6.0674,-81.6588,175,75
2026-05-09 17:13:52.769,5,-0.55,-0.53,-0.09,-4.0328,-25.6026,-112.0788,175,75
2026-05-09 17:13:52.779,5,0.18,-0.11,-0.38,-32.1728,2.0274,-181.9088,175,75
2026-05-09 17:13:52.790,5,0.14,-0.08,-0.44,-40.412800000000004,22.137400000000003,-227.2288,175,75
2026-05-09 17:13:52.800,5,0.06,0.0,-0.54,-58.7028,25.9174,-249.9288,175,75
2026-05-09 17:13:52.821,5,0.02,0.18,-0.51,-76.61280000000001,16.8274,-249.9288,175,75
2026-05-09 17:13:52.834,5,-0.02,0.25,-0.45,-92.92280000000001,0.8274,-249.9288,175,75
2026-05-09 17:13:52.834,5,0.08,0.23,-0.33,-101.50280000000001,-9.0526,-249.9288,175,75
2026-05-09 17:13:52.844,5,0.12,0.28,-0.14,-103.64280000000001,-6.4626,-249.9288,175,75
2026-05-09 17:13:52.859,5,0.22,0.31,0.25,-107.7328,29.7574,-249.9288,175,75
2026-05-09 17:13:52.868,5,0.34,0.3,0.33,-107.9728,63.8474,-249.9288,175,75
2026-05-09 17:13:52.884,5,0.6,0.2,0.44,-123.4728,84.9274,-249.9288,175,75
2026-05-09 17:13:52.896,5,2.0,1.39,0.64,-73.8528,-87.3226,55.8612,175,75
2026-05-09 17:13:52.907,5,1.28,1.92,1.9,-98.9028,-165.3026,250.3412,175,75
2026-05-09 17:13:52.918,5,1.35,2.0,2.0,-231.5628,42.657399999999996,114.2312,175,75
2026-05-09 17:13:52.933,5,2.0,0.18,2.0,-249.2728,249.4174,145.4812,175,75
2026-05-09 17:13:52.952,5,-1.34,-1.58,1.49,-149.3428,249.4174,250.3412,175,75
2026-05-09 17:13:52.964,5,-2.0,-0.64,1.59,-109.56280000000001,213.10739999999998,250.3412,175,75
2026-05-09 17:13:52.971,5,-2.0,-0.99,2.0,-101.89280000000001,-67.53259999999999,250.3412,175,75
2026-05-09 17:13:52.984,5,-2.0,-1.51,2.0,-104.2128,-250.8526,250.3412,175,75
2026-05-09 17:13:52.991,5,-2.0,-1.99,2.0,-90.8028,-250.8526,173.88119999999998,175,75
2026-05-09 17:13:53.001,5,-1.46,-2.0,2.0,-71.7628,-250.8526,66.2112,175,75
2026-05-09 17:13:53.025,5,-0.76,-1.69,2.0,-30.7728,-250.8526,-247.1388,175,75
2026-05-09 17:13:53.028,5,0.32,-1.08,1.64,6.8772,-217.11260000000001,-249.9288,175,75
2026-05-09 17:13:53.061,5,1.5,-0.17,1.35,104.9472,78.43740000000001,-249.9288,175,75
2026-05-09 17:13:53.072,5,1.93,-0.09,1.62,98.07719999999999,110.5274,-249.9288,175,75
2026-05-09 17:13:53.082,5,1.91,-0.08,1.7,82.5072,119.5574,-249.9288,175,75
2026-05-09 17:13:53.115,5,0.63,-0.19,1.33,95.8072,188.8774,21.631200000000003,175,75
2026-05-09 17:13:53.115,5,-0.19,-0.01,1.3,96.13719999999999,180.0274,92.14120000000001,175,75
2026-05-09 17:13:53.126,5,-0.93,0.28,1.43,78.2972,121.0074,91.8412,175,75
2026-05-09 17:13:53.138,5,-1.0,0.15,1.35,13.0172,-55.982600000000005,-47.878800000000005,175,75
2026-05-09 17:13:53.155,5,-0.43,0.27,1.11,0.5271999999999999,-115.31259999999999,-112.30879999999999,175,75
2026-05-09 17:13:53.168,5,0.0,0.27,0.8,0.9772,-149.6026,-140.6588,175,75
2026-05-09 17:13:53.168,5,0.28,0.33,0.51,7.597200000000001,-158.5626,-150.7688,175,75
2026-05-09 17:13:53.179,5,0.38,0.34,0.19,14.8472,-158.76260000000002,-146.4588,175,75
2026-05-09 17:13:53.210,5,1.24,0.46,-0.81,49.487199999999994,-166.57260000000002,-12.9088,175,75
2026-05-09 17:13:53.257,5,-0.37,0.09,-0.6,63.2872,-250.8526,11.1812,175,75
2026-05-09 17:13:53.273,5,-0.01,-0.09,0.11,74.1172,-250.8526,12.2112,175,75
2026-05-09 17:13:53.280,5,0.02,-0.22,0.19,77.68719999999999,-249.17260000000002,26.6112,175,75
2026-05-09 17:13:53.292,5,-0.03,-0.5,0.21,91.1672,-157.6026,36.511199999999995,175,75
2026-05-09 17:13:53.305,5,0.11,-0.41,0.11,108.4072,-77.76259999999999,68.66120000000001,175,75
2026-05-09 17:13:53.311,5,0.13,-0.23,0.0,118.0172,-5.0426,88.1312,175,75
2026-05-09 17:13:53.331,5,0.25,0.0,-0.16,110.6472,63.2074,97.1012,175,75
2026-05-09 17:13:53.331,5,0.39,0.12,-0.3,89.5972,127.5074,108.97120000000001,175,75
2026-05-09 17:13:53.350,5,0.06,0.06,-0.28,61.7972,209.01739999999998,105.0612,175,75
2026-05-09 17:13:53.360,5,-0.08,0.05,-0.18,40.6172,218.0074,98.69120000000001,175,75
2026-05-09 17:13:53.385,5,-0.05,0.08,0.06,-0.5127999999999999,218.2574,89.5712,175,75
2026-05-09 17:13:53.396,5,0.12,0.04,0.13,-18.9728,227.8474,92.00120000000001,175,75
2026-05-09 17:13:53.405,5,0.36,-0.0,0.24,-32.4528,248.8174,107.3712,175,75
2026-05-09 17:13:53.418,5,0.6,-0.05,0.38,-33.5428,249.4174,130.00119999999998,175,75
2026-05-09 17:13:53.429,5,0.17,0.69,1.13,-33.4928,24.267400000000002,216.00119999999998,175,75
2026-05-09 17:13:53.450,5,1.6,-0.18,1.87,-23.9128,-250.8526,177.19119999999998,175,75
2026-05-09 17:13:53.450,5,1.52,-0.29,1.3,-31.542799999999996,-229.8426,149.1512,175,75
2026-05-09 17:13:53.476,5,1.1,-0.13,1.17,-36.9228,38.517399999999995,87.77120000000001,175,75
2026-05-09 17:13:53.491,5,0.86,-0.1,1.29,-57.942800000000005,166.8674,60.721199999999996,175,75
2026-05-09 17:13:53.508,5,0.35,-0.53,1.76,-105.78280000000001,117.7874,-1.6787999999999998,175,75
2026-05-09 17:13:53.525,5,0.3,-0.88,1.43,-100.3428,76.2574,29.811200000000003,175,75
2026-05-09 17:13:53.525,5,-0.01,-0.97,1.11,-65.00280000000001,54.697399999999995,63.8212,175,75
2026-05-09 17:13:53.536,5,-0.45,-0.9,1.03,-16.1928,24.2374,66.1312,175,75
2026-05-09 17:13:53.547,5,-0.65,-0.62,1.18,11.257200000000001,-12.9026,29.5512,175,75
2026-05-09 17:13:53.560,5,-0.61,-0.35,1.33,9.0472,-47.8926,-40.6788,175,75
2026-05-09 17:13:53.577,5,-0.05,-0.1,1.18,0.4572,-68.1426,-173.2088,175,75
2026-05-09 17:13:53.587,5,0.18,0.05,1.12,0.8271999999999999,-72.5526,-211.7288,175,75
2026-05-09 17:13:53.587,5,0.49,0.16,1.09,-0.23280000000000012,-83.45259999999999,-207.0988,175,75
2026-05-09 17:13:53.610,5,1.06,0.24,1.0,8.997200000000001,-103.1326,-56.128800000000005,175,75
2026-05-09 17:13:53.620,5,1.05,0.16,0.93,16.7572,-58.8926,14.6812,175,75
2026-05-09 17:13:53.630,5,0.93,0.15,0.88,21.8872,2.1073999999999997,70.02120000000001,175,75
2026-05-09 17:13:53.645,5,0.85,0.12,0.92,26.3372,47.2574,125.91120000000001,175,75
2026-05-09 17:13:53.658,5,0.8,0.15,1.13,16.3672,76.4974,186.4012,175,75
2026-05-09 17:13:53.658,5,0.73,0.05,1.33,1.1872,92.29740000000001,239.8712,175,75
2026-05-09 17:13:53.668,5,0.55,-0.18,1.54,-10.2128,91.51740000000001,250.3412,175,75
2026-05-09 17:13:53.680,5,0.32,0.12,1.85,-20.782799999999998,75.3874,250.3412,175,75
2026-05-09 17:13:53.693,5,0.01,-0.59,1.71,-24.032799999999998,50.5574,250.3412,175,75
2026-05-09 17:13:53.704,5,-0.34,-0.78,1.71,-18.9428,25.067400000000003,250.3412,175,75
2026-05-09 17:13:53.716,5,-0.61,-0.85,1.67,-11.5328,-6.7626,201.7412,175,75
2026-05-09 17:13:53.730,5,-0.71,-0.93,1.64,-5.222799999999999,-36.4426,127.9212,175,75
2026-05-09 17:13:53.740,5,-0.54,-0.92,1.59,1.8872,-63.662600000000005,47.6012,175,75
2026-05-09 17:13:53.740,5,-0.27,-0.82,1.51,11.0472,-78.6826,-29.1088,175,75
2026-05-09 17:13:53.763,5,0.12,-0.62,1.43,16.5272,-78.56259999999999,-92.22879999999999,175,75
2026-05-09 17:13:53.774,5,0.46,-0.43,1.36,17.2972,-67.78259999999999,-134.05880000000002,175,75
2026-05-09 17:13:53.785,5,0.94,-0.17,1.3,9.7772,-31.9626,-153.3288,175,75
2026-05-09 17:13:53.797,5,1.19,-0.08,1.32,2.7372,-10.8926,-126.63879999999999,175,75
2026-05-09 17:13:53.797,5,1.27,-0.06,1.39,-3.3428,11.8474,-76.5488,175,75
2026-05-09 17:13:53.821,5,1.71,-0.18,2.0,-12.3828,125.5574,28.0012,175,75
2026-05-09 17:13:53.832,5,1.22,-0.53,1.99,-11.072799999999999,220.26739999999998,99.0412,175,75
2026-05-09 17:13:53.843,5,0.29,-0.66,1.95,8.4872,195.4374,181.88119999999998,175,75
2026-05-09 17:13:53.854,5,-0.59,-0.56,1.91,16.5972,109.07740000000001,213.06119999999999,175,75
2026-05-09 17:13:53.877,5,-1.18,-0.4,1.91,8.3672,22.337400000000002,160.78119999999998,175,75
2026-05-09 17:13:53.887,5,-1.14,-0.37,1.85,-15.802800000000001,-47.5026,72.4212,175,75
2026-05-09 17:13:53.915,5,-0.35,-0.63,1.38,-27.5928,-172.14260000000002,-25.3188,175,75
2026-05-09 17:13:53.915,5,0.18,-0.6,1.22,-15.212799999999998,-212.29260000000002,-32.1888,175,75
2026-05-09 17:13:53.926,5,0.69,-0.51,1.12,-3.1527999999999996,-213.0526,-24.328799999999998,175,75
2026-05-09 17:13:53.938,5,1.0,-0.47,1.06,8.4372,-177.7126,-8.3188,175,75
2026-05-09 17:13:53.942,5,1.3,-0.44,1.04,16.1372,-123.62259999999999,14.3912,175,75
2026-05-09 17:13:53.956,5,1.32,-0.46,1.05,21.9172,-64.5626,38.4112,175,75
2026-05-09 17:13:53.972,5,1.16,-0.5,1.12,27.4872,-4.6126,48.5012,175,75
2026-05-09 17:13:53.972,5,0.83,-0.5,1.21,30.4072,45.727399999999996,38.0912,175,75
2026-05-09 17:13:53.977,5,0.51,-0.5,1.28,28.1772,79.84740000000001,10.3612,175,75
2026-05-09 17:13:53.989,5,0.25,-0.5,1.32,23.717200000000002,96.62740000000001,-29.118799999999997,175,75
2026-05-09 17:13:53.998,5,0.03,-0.53,1.34,21.8272,97.04740000000001,-63.7688,175,75
2026-05-09 17:13:53.998,5,-0.08,-0.52,1.34,23.8872,86.26740000000001,-91.5188,175,75
2026-05-09 17:13:54.013,5,-0.14,-0.47,1.37,28.5172,65.84740000000001,-111.2988,175,75
2026-05-09 17:13:54.021,5,-0.13,-0.39,1.41,33.9972,42.5574,-125.2188,175,75
2026-05-09 17:13:54.033,5,-0.05,-0.28,1.46,39.267199999999995,17.8974,-131.4488,175,75
2026-05-09 17:13:54.047,5,0.04,-0.15,1.46,43.4972,-3.6926,-126.8688,175,75
2026-05-09 17:13:54.047,5,0.11,-0.01,1.43,45.8172,-18.752599999999997,-114.52879999999999,175,75
2026-05-09 17:13:54.059,5,0.17,0.11,1.39,43.4672,-26.8326,-96.1588,175,75
2026-05-09 17:13:54.068,5,0.25,0.15,1.34,39.237199999999994,-27.892599999999998,-69.7088,175,75
2026-05-09 17:13:54.089,5,0.29,0.16,1.3,35.0072,-24.412599999999998,-36.1988,175,75
2026-05-09 17:13:54.089,5,0.3,0.14,1.24,34.977199999999996,-18.862599999999997,2.5812,175,75
2026-05-09 17:13:54.110,5,0.15,0.03,1.19,44.557199999999995,-0.18259999999999998,62.3212,175,75
2026-05-09 17:13:54.144,5,0.04,-0.07,1.21,58.2972,-3.7926,82.8712,175,75
2026-05-09 17:13:54.144,5,0.0,-0.09,1.21,66.49719999999999,-12.0826,85.0912,175,75
2026-05-09 17:13:54.149,5,0.01,-0.06,1.18,71.96719999999999,-23.4926,86.00120000000001,175,75
2026-05-09 17:13:54.164,5,0.08,-0.05,1.11,75.46719999999999,-39.7226,91.86120000000001,175,75
2026-05-09 17:13:54.195,5,0.34,0.03,0.93,64.3772,-100.5526,115.69120000000001,175,75
2026-05-09 17:13:54.210,5,0.52,0.01,0.86,54.767199999999995,-123.4726,132.1412,175,75
2026-05-09 17:13:54.210,5,0.7,-0.07,0.7,45.6772,-138.4926,157.6212,175,75
2026-05-09 17:13:54.223,5,0.79,-0.21,0.49,42.597199999999994,-140.1526,187.7112,175,75
2026-05-09 17:13:54.260,5,0.76,-0.35,0.04,65.0272,-78.15259999999999,250.3412,175,75
2026-05-09 17:13:54.286,5,0.19,-0.3,0.28,57.417199999999994,-9.6326,250.3412,175,75
2026-05-09 17:13:54.293,5,-0.04,-0.3,0.44,44.3572,-7.3426,249.91119999999998,175,75
2026-05-09 17:13:54.309,5,-0.2,-0.45,0.64,24.3972,-42.3726,148.4912,175,75
2026-05-09 17:13:54.337,5,-0.04,-0.5,0.68,28.2672,-60.8126,82.97120000000001,175,75
2026-05-09 17:13:54.337,5,0.16,-0.44,0.73,39.1072,-73.17259999999999,21.5212,175,75
2026-05-09 17:13:54.348,5,0.41,-0.34,0.81,53.0472,-71.0226,-30.188799999999997,175,75
2026-05-09 17:13:54.358,5,0.75,-0.15,0.94,66.71719999999999,-43.1126,-69.97879999999999,175,75
2026-05-09 17:13:54.369,5,0.94,0.03,1.08,73.5972,0.8774000000000001,-94.3488,175,75
2026-05-09 17:13:54.396,5,1.03,0.14,1.17,74.9472,49.087399999999995,-103.5788,175,75
2026-05-09 17:13:54.410,5,0.88,0.24,1.1,101.5972,69.82740000000001,-31.838799999999996,175,75
2026-05-09 17:13:54.428,5,0.54,0.45,1.26,133.3372,79.4774,76.3712,175,75
2026-05-09 17:13:54.451,5,0.53,0.57,1.56,142.1872,101.0074,179.2712,175,75
2026-05-09 17:13:54.462,5,0.52,0.57,1.68,140.7272,108.6674,250.3412,175,75
2026-05-09 17:13:54.473,5,0.48,0.55,1.74,143.2472,131.0374,250.3412,175,75
2026-05-09 17:13:54.498,5,-0.43,0.57,1.93,148.25719999999998,115.54740000000001,250.3412,175,75
2026-05-09 17:13:54.519,5,-0.85,0.25,1.71,114.2772,9.1074,250.3412,175,75
2026-05-09 17:13:54.519,5,-0.76,0.02,1.45,113.07719999999999,-37.1426,250.3412,175,75
2026-05-09 17:13:54.535,5,-0.55,-0.09,1.27,123.24719999999999,-67.4726,250.3412,175,75
2026-05-09 17:13:54.546,5,-0.31,0.37,1.29,129.1572,-81.8526,250.3412,175,75
2026-05-09 17:13:54.558,5,-0.14,-0.19,0.83,144.2172,-80.4426,250.3412,175,75
2026-05-09 17:13:54.569,5,-0.06,-0.17,0.64,163.3972,-68.3026,250.3412,175,75
2026-05-09 17:13:54.569,5,-0.1,-0.19,0.48,184.1572,-60.0826,250.3412,175,75
2026-05-09 17:13:54.580,5,-0.19,-0.18,0.36,203.7672,-65.9426,250.3412,175,75
2026-05-09 17:13:54.590,5,-0.3,-0.18,0.29,219.7972,-86.73259999999999,250.3412,175,75
2026-05-09 17:13:54.608,5,-0.28,-0.17,0.27,231.8472,-113.4326,250.3412,175,75
2026-05-09 17:13:54.608,5,-0.4,-0.19,0.27,237.0172,-142.23260000000002,250.3412,175,75
2026-05-09 17:13:54.619,5,-0.49,-0.21,0.27,236.6672,-168.32260000000002,250.3412,175,75
2026-05-09 17:13:54.644,5,-0.62,-0.29,0.24,232.4772,-194.07260000000002,250.3412,175,75
2026-05-09 17:13:54.644,5,-0.61,-0.4,0.14,228.78719999999998,-212.4026,250.3412,175,75
2026-05-09 17:13:54.656,5,-0.47,-0.56,-0.04,225.3672,-206.0226,250.3412,175,75
2026-05-09 17:13:54.670,5,-0.38,-0.66,-0.19,222.7072,-160.7226,250.3412,175,75
2026-05-09 17:13:54.682,5,-0.51,-0.66,-0.29,215.8672,-100.06259999999999,250.3412,175,75
2026-05-09 17:13:54.682,5,-0.68,-0.54,-0.19,194.6672,-40.2126,181.8212,175,75
2026-05-09 17:13:54.702,5,-0.36,-0.35,0.02,137.1072,60.7874,39.4312,175,75
2026-05-09 17:13:54.713,5,-0.12,-0.26,0.0,102.43719999999999,101.37740000000001,23.691200000000002,175,75
2026-05-09 17:13:54.727,5,0.12,-0.14,-0.03,72.3172,143.01739999999998,16.5212,175,75
2026-05-09 17:13:54.727,5,0.32,-0.05,-0.01,49.597199999999994,189.6574,11.8112,175,75
2026-05-09 17:13:54.735,5,0.5,0.08,0.0,28.877200000000002,242.5874,7.7112,175,75
2026-05-09 17:13:54.749,5,0.4,0.21,0.11,9.7172,249.4174,0.9912000000000001,175,75
2026-05-09 17:13:54.760,5,0.9,0.36,1.83,50.337199999999996,-2.3226,52.3912,175,75
2026-05-09 17:13:54.771,5,1.41,0.87,1.82,34.5772,-241.9026,179.3312,175,75
2026-05-09 17:13:54.780,5,1.46,0.79,1.71,-7.7828,-136.2526,139.3612,175,75
2026-05-09 17:13:54.793,5,1.73,0.54,1.78,-59.982800000000005,64.32740000000001,100.2312,175,75
2026-05-09 17:13:54.808,5,2.0,0.65,2.0,-134.7628,249.4174,202.0512,175,75
2026-05-09 17:13:54.819,5,0.84,0.74,2.0,-109.3428,249.4174,250.3412,175,75
2026-05-09 17:13:54.833,5,-0.68,0.71,1.91,-79.89280000000001,249.4174,250.3412,175,75
2026-05-09 17:13:54.843,5,-1.68,0.49,1.7,-99.78280000000001,231.2574,250.3412,175,75
2026-05-09 17:13:54.860,5,-2.0,0.01,1.5,-122.7928,136.3674,250.3412,175,75
2026-05-09 17:13:54.860,5,-1.69,-0.56,1.36,-111.4428,52.1774,250.3412,175,75
2026-05-09 17:13:54.885,5,-1.2,0.05,1.88,-77.6328,-21.0826,250.3412,175,75
2026-05-09 17:13:54.895,5,-0.95,-0.93,1.82,-28.8928,-95.7726,250.3412,175,75
2026-05-09 17:13:54.895,5,-0.71,-0.72,2.0,2.6172,-155.1626,250.3412,175,75
2026-05-09 17:13:54.910,5,-0.55,-0.47,1.9,16.6172,-178.98260000000002,186.0412,175,75
2026-05-09 17:13:54.910,5,-0.22,-0.31,1.57,25.7372,-146.98260000000002,82.16120000000001,175,75
2026-05-09 17:13:54.922,5,0.05,-0.13,1.36,33.2072,-102.37259999999999,-3.3488,175,75
2026-05-09 17:13:54.936,5,0.15,-0.04,1.21,40.4272,-69.4926,-55.238800000000005,175,75
2026-05-09 17:13:54.948,5,0.36,0.09,1.18,50.1772,-52.2926,-62.9688,175,75
2026-05-09 17:13:54.958,5,0.58,0.26,1.32,59.057199999999995,-41.1226,-32.7688,175,75
2026-05-09 17:13:54.959,5,0.7,0.35,1.46,61.947199999999995,-18.862599999999997,29.811200000000003,175,75
2026-05-09 17:13:54.968,5,0.56,0.35,1.47,60.8672,7.3073999999999995,101.7412,175,75
2026-05-09 17:13:54.979,5,0.32,0.38,1.45,54.2072,32.017399999999995,166.50119999999998,175,75
2026-05-09 17:13:54.991,5,0.06,0.26,1.34,45.667199999999994,47.1474,237.97119999999998,175,75
2026-05-09 17:13:55.002,5,-0.03,0.2,1.3,41.2572,60.8974,250.3412,175,75
2026-05-09 17:13:55.013,5,-0.23,0.19,1.29,37.5072,63.2874,250.3412,175,75
2026-05-09 17:13:55.022,5,-0.32,0.2,1.42,29.0972,52.907399999999996,250.3412,175,75
2026-05-09 17:13:55.038,5,-0.4,0.09,1.55,16.307199999999998,24.3674,250.3412,175,75
2026-05-09 17:13:55.038,5,-0.81,0.34,1.68,4.6272,-16.662599999999998,250.3412,175,75
2026-05-09 17:13:55.049,5,-0.58,-0.17,1.68,1.8172,-51.0826,250.3412,175,75
2026-05-09 17:13:55.068,5,-0.68,-0.48,1.5,13.5572,-70.5726,250.3412,175,75
2026-05-09 17:13:55.078,5,-0.72,-0.55,1.37,29.9972,-79.2126,250.3412,175,75
2026-05-09 17:13:55.078,5,-0.72,-0.5,1.29,44.8272,-79.0226,204.63119999999998,175,75
2026-05-09 17:13:55.087,5,-0.59,-0.43,1.21,55.7872,-69.0826,135.28119999999998,175,75
2026-05-09 17:13:55.105,5,-0.41,-0.36,1.16,67.3372,-52.6026,79.52120000000001,175,75
2026-05-09 17:13:55.121,5,-0.14,-0.15,1.1,90.0072,-34.1826,24.131200000000003,175,75
2026-05-09 17:13:55.133,5,-0.01,-0.02,1.12,98.07719999999999,-39.1126,33.2312,175,75
2026-05-09 17:13:55.153,5,0.05,0.11,1.15,100.85719999999999,-43.5026,64.4212,175,75
2026-05-09 17:13:55.158,5,0.02,0.14,1.11,99.5972,-45.5626,111.1012,175,75
2026-05-09 17:13:55.166,5,-0.04,0.21,1.09,98.2972,-42.132600000000004,155.6812,175,75
2026-05-09 17:13:55.173,5,-0.13,0.15,1.0,93.8372,-41.702600000000004,204.10119999999998,175,75
2026-05-09 17:13:55.186,5,-0.22,0.1,0.9,91.6572,-40.3526,247.2712,175,75
2026-05-09 17:13:55.211,5,-0.3,0.01,0.72,93.5972,-38.1726,250.3412,175,75
2026-05-09 17:13:55.224,5,-0.29,-0.02,0.64,97.3772,-36.8626,250.3412,175,75
2026-05-09 17:13:55.233,5,-0.26,-0.05,0.58,102.1772,-35.662600000000005,250.3412,175,75
2026-05-09 17:13:55.257,5,-0.19,0.04,0.55,95.7372,-22.7626,250.3412,175,75
2026-05-09 17:13:55.280,5,-0.21,0.07,0.56,85.74719999999999,-12.6026,250.3412,175,75
2026-05-09 17:13:55.280,5,-0.25,0.09,0.58,71.5272,-1.2726000000000002,250.3412,175,75
2026-05-09 17:13:55.298,5,-0.31,0.09,0.57,54.77719999999999,9.827399999999999,250.3412,175,75
2026-05-09 17:13:55.298,5,-0.37,0.04,0.55,43.767199999999995,13.9474,250.3412,175,75
2026-05-09 17:13:55.309,5,-0.34,-0.02,0.52,40.9972,14.4874,250.3412,175,75
2026-05-09 17:13:55.324,5,-0.2,-0.02,0.59,47.7872,8.7374,232.5812,175,75
2026-05-09 17:13:55.335,5,-0.16,0.02,0.62,47.017199999999995,2.8674,225.3912,175,75
2026-05-09 17:13:55.346,5,-0.15,0.07,0.63,44.307199999999995,-4.7626,228.60119999999998,175,75
2026-05-09 17:13:55.360,5,-0.14,0.09,0.63,40.8872,-12.8926,239.3212,175,75
2026-05-09 17:13:55.372,5,-0.12,0.09,0.6,38.02719999999999,-17.862599999999997,250.3412,175,75
2026-05-09 17:13:55.397,5,-0.11,0.1,0.57,36.1072,-18.2126,250.3412,175,75
2026-05-09 17:13:55.429,5,-0.15,0.1,0.52,35.017199999999995,-13.8026,250.3412,175,75
2026-05-09 17:13:55.450,5,-0.27,0.04,0.51,37.837199999999996,0.5574,250.3412,175,75
2026-05-09 17:13:55.463,5,-0.1,0.0,0.59,41.597199999999994,17.5774,250.3412,175,75
2026-05-09 17:13:55.474,5,0.37,0.24,0.93,27.8472,63.717400000000005,250.3412,175,75
2026-05-09 17:13:55.486,5,0.4,0.47,1.14,8.5172,46.6274,250.3412,175,75
2026-05-09 17:13:55.496,5,0.42,0.27,1.71,-3.2428000000000003,57.9674,250.3412,175,75
2026-05-09 17:13:55.507,5,0.55,-0.04,1.82,-16.0728,128.0674,250.3412,175,75
2026-05-09 17:13:55.517,5,0.31,-0.56,1.69,-35.7828,184.4374,250.3412,175,75
2026-05-09 17:13:55.517,5,-0.15,-0.77,1.75,-49.272800000000004,188.0874,250.3412,175,75
2026-05-09 17:13:55.529,5,-1.05,-1.02,1.87,-47.272800000000004,136.8374,250.3412,175,75
2026-05-09 17:13:55.529,5,-1.72,-1.18,2.0,-40.482800000000005,51.1774,250.3412,175,75
2026-05-09 17:13:55.541,5,-2.0,-1.41,2.0,-37.512800000000006,-25.5626,250.3412,175,75
2026-05-09 17:13:55.554,5,-2.0,-1.67,2.0,-36.8228,-61.232600000000005,182.63119999999998,175,75
2026-05-09 17:13:55.568,5,-1.73,-1.9,2.0,-37.442800000000005,-70.26259999999999,-1.7488,175,75
2026-05-09 17:13:55.580,5,-0.9,-2.0,2.0,-33.2128,-38.1926,-139.4888,175,75
2026-05-09 17:13:55.591,5,-0.35,-2.0,2.0,-18.4128,23.947400000000002,-241.5988,175,75
2026-05-09 17:13:55.603,5,-0.77,-1.51,2.0,9.6172,59.837399999999995,-249.9288,175,75
2026-05-09 17:13:55.603,5,-0.75,-1.08,2.0,44.627199999999995,61.907399999999996,-249.9288,175,75
2026-05-09 17:13:55.614,5,-0.62,-0.73,2.0,77.7572,60.047399999999996,-249.9288,175,75
2026-05-09 17:13:55.624,5,-0.43,-0.42,2.0,108.6572,40.5074,-249.9288,175,75
2026-05-09 17:13:55.635,5,-0.23,0.02,2.0,128.4372,-5.5326,-249.9288,175,75
2026-05-09 17:13:55.645,5,-0.2,0.37,2.0,126.6572,-47.2426,-249.9288,175,75
2026-05-09 17:13:55.657,5,-0.29,0.42,1.98,115.0372,-71.6626,-249.9288,175,75
2026-05-09 17:13:55.657,5,-0.34,0.59,1.74,98.9172,-98.1826,-235.9588,175,75
2026-05-09 17:13:55.689,5,-0.15,0.86,1.13,17.967200000000002,-180.8126,-160.5688,175,75
2026-05-09 17:13:55.705,5,0.02,1.08,0.47,-41.902800000000006,-242.23260000000002,-190.6988,175,75
2026-05-09 17:13:55.715,5,0.82,1.13,-0.09,-56.72280000000001,-250.8526,-168.86880000000002,175,75
2026-05-09 17:13:55.718,5,2.0,1.31,-1.12,-33.6328,-220.01260000000002,25.9612,175,75
2026-05-09 17:13:55.729,5,1.85,1.12,-1.04,-0.3628,-125.34259999999999,187.19119999999998,175,75
2026-05-09 17:13:55.772,5,-0.68,-0.23,-0.86,68.18719999999999,-250.8526,185.2612,175,75
2026-05-09 17:13:55.783,5,-0.34,-0.22,-0.64,111.8672,-250.8526,203.16119999999998,175,75
2026-05-09 17:13:55.793,5,-0.04,-0.21,-0.2,128.7572,-250.8526,212.2412,175,75
2026-05-09 17:13:55.804,5,0.05,-0.25,0.18,126.3172,-250.8526,203.7312,175,75
2026-05-09 17:13:55.804,5,-0.16,-0.08,0.19,115.0472,-201.8826,141.31119999999999,175,75
2026-05-09 17:13:55.817,5,-0.16,-0.28,0.2,98.1172,-113.6626,120.91120000000001,175,75
2026-05-09 17:13:55.817,5,-0.16,-0.16,0.13,85.6272,-44.0126,94.50120000000001,175,75
2026-05-09 17:13:55.834,5,-0.2,-0.18,-0.01,68.7572,12.3374,73.2412,175,75
2026-05-09 17:13:55.847,5,-0.16,-0.13,-0.14,47.4272,55.117399999999996,56.901199999999996,175,75
2026-05-09 17:13:55.860,5,-0.09,-0.03,-0.11,6.347200000000001,118.62740000000001,34.331199999999995,175,75
2026-05-09 17:13:55.887,5,-0.02,0.01,-0.07,-34.5728,156.7574,14.0112,175,75
2026-05-09 17:13:55.901,5,0.04,0.02,-0.03,-54.4628,180.1274,-4.6288,175,75
2026-05-09 17:13:55.913,5,0.11,0.02,-0.02,-54.872800000000005,189.4674,-13.6588,175,75
2026-05-09 17:13:55.927,5,0.15,0.03,0.06,-50.802800000000005,202.9774,-17.188799999999997,175,75
2026-05-09 17:13:55.943,5,0.21,0.03,0.14,-42.2128,220.5074,-14.0588,175,75
2026-05-09 17:13:55.943,5,0.23,0.05,0.16,-32.9228,239.51739999999998,-11.5188,175,75
2026-05-09 17:13:55.955,5,0.23,-0.12,0.3,-32.2428,249.4174,-9.0988,175,75
2026-05-09 17:13:55.967,5,0.4,0.27,0.41,-12.162799999999999,160.5974,80.1012,175,75
2026-05-09 17:13:55.983,5,0.47,0.49,1.0,5.497199999999999,-18.822599999999998,206.5212,175,75
2026-05-09 17:13:55.983,5,0.47,0.37,1.01,4.9872,-84.5226,228.7112,175,75
2026-05-09 17:13:55.993,5,0.33,0.02,0.78,7.9072,-111.5526,223.2412,175,75
2026-05-09 17:13:56.009,5,0.27,-0.23,0.55,15.0572,-150.2726,208.53119999999998,175,75
2026-05-09 17:13:56.018,5,0.46,0.18,0.83,5.337199999999999,-156.3726,215.94119999999998,175,75
2026-05-09 17:13:56.053,5,0.5,-0.23,0.95,3.9172,-97.3926,160.1112,175,75
2026-05-09 17:13:56.075,5,0.96,-0.32,1.27,1.2172,-28.052599999999998,81.39120000000001,175,75
2026-05-09 17:13:56.075,5,1.49,-0.47,1.64,0.42719999999999997,106.68740000000001,24.7912,175,75
2026-05-09 17:13:56.088,5,1.8,-0.59,1.98,-6.0128,249.4174,18.7512,175,75
2026-05-09 17:13:56.099,5,1.4,-0.88,2.0,-20.1728,249.4174,40.581199999999995,175,75
2026-05-09 17:13:56.099,5,0.21,-1.21,2.0,-8.2728,249.4174,52.1812,175,75
2026-05-09 17:13:56.110,5,-0.97,-1.12,1.83,44.7172,249.4174,28.7012,175,75
2026-05-09 17:13:56.131,5,-2.0,-0.63,1.72,69.7872,205.4474,-28.278799999999997,175,75
2026-05-09 17:13:56.133,5,-2.0,-0.32,1.74,55.2072,74.62740000000001,-142.7388,175,75
2026-05-09 17:13:56.152,5,-1.4,-0.1,1.67,47.2572,-171.86260000000001,-242.86880000000002,175,75
2026-05-09 17:13:56.177,5,-0.1,0.26,1.35,70.8472,-250.8526,-172.8888,175,75
2026-05-09 17:13:56.188,5,0.68,0.65,1.2,60.6872,-250.8526,-124.77879999999999,175,75
2026-05-09 17:13:56.199,5,1.06,0.61,1.05,34.2972,-250.8526,-83.38879999999999,175,75
2026-05-09 17:13:56.199,5,1.52,0.54,0.93,8.1772,-213.26260000000002,-18.5388,175,75
2026-05-09 17:13:56.211,5,1.79,0.37,0.85,-9.5328,-126.15259999999999,76.0612,175,75
2026-05-09 17:13:56.220,5,2.0,0.15,0.77,-9.8628,-14.8026,187.5212,175,75
2026-05-09 17:13:56.232,5,1.8,0.05,0.85,-3.6028,92.1974,250.3412,175,75
2026-05-09 17:13:56.248,5,1.6,-0.06,0.96,6.357200000000001,187.9474,250.3412,175,75
2026-05-09 17:13:56.274,5,0.41,-0.07,1.68,-3.2428000000000003,186.42739999999998,250.3412,175,75
2026-05-09 17:13:56.274,5,-0.09,-0.34,1.79,-24.032799999999998,155.70739999999998,250.3412,175,75
2026-05-09 17:13:56.289,5,-0.58,0.11,1.86,-43.4528,149.2874,158.3612,175,75
2026-05-09 17:13:56.289,5,-0.98,-0.74,1.48,-47.3628,134.26739999999998,54.691199999999995,175,75
2026-05-09 17:13:56.307,5,-1.13,-0.91,1.38,-27.6528,82.51740000000001,-36.708800000000004,175,75
2026-05-09 17:13:56.318,5,-0.88,-0.87,1.52,2.0172,18.857400000000002,-106.5188,175,75
2026-05-09 17:13:56.318,5,-0.51,-0.58,1.82,16.8172,-41.2426,-169.1988,175,75
2026-05-09 17:13:56.330,5,0.2,-0.34,2.0,23.9372,-126.9126,-249.9288,175,75
2026-05-09 17:13:56.356,5,2.0,-0.49,2.0,3.7572,109.6674,-167.96880000000002,175,75
2026-05-09 17:13:56.380,5,0.05,-0.07,1.9,82.7872,101.73740000000001,126.39120000000001,175,75
2026-05-09 17:13:56.391,5,-0.86,0.36,1.84,50.267199999999995,34.2874,119.00120000000001,175,75
2026-05-09 17:13:56.391,5,-0.99,0.33,1.77,-10.8728,-48.5026,45.4212,175,75
2026-05-09 17:13:56.402,5,-0.47,0.03,1.54,-50.1828,-117.3326,-3.4488000000000003,175,75
2026-05-09 17:13:56.411,5,0.05,-0.22,1.38,-55.802800000000005,-169.2426,-5.5988,175,75
2026-05-09 17:13:56.423,5,0.53,-0.3,1.32,-49.762800000000006,-196.36260000000001,17.761200000000002,175,75
2026-05-09 17:13:56.433,5,0.91,-0.44,1.23,-33.0428,-188.3826,49.8612,175,75
2026-05-09 17:13:56.447,5,1.16,-0.52,1.18,-11.672799999999999,-149.6626,82.7012,175,75
2026-05-09 17:13:56.447,5,1.24,-0.58,1.16,8.6872,-95.37259999999999,113.30120000000001,175,75
2026-05-09 17:13:56.491,5,0.64,-0.4,1.2,31.4872,-2.8426,76.4312,175,75
2026-05-09 17:13:56.502,5,0.31,-0.31,1.22,20.7572,24.067400000000003,8.151200000000001,175,75
2026-05-09 17:13:56.502,5,0.12,-0.3,1.21,6.247199999999999,42.2874,-68.83879999999999,175,75
2026-05-09 17:13:56.513,5,0.13,-0.36,1.19,0.5072,55.5674,-132.8288,175,75
2026-05-09 17:13:56.524,5,0.22,-0.37,1.24,5.7072,66.3574,-173.8888,175,75
2026-05-09 17:13:56.535,5,0.34,-0.31,1.35,15.2372,72.9774,-194.55880000000002,175,75
2026-05-09 17:13:56.540,5,0.39,-0.23,1.44,23.0772,71.34740000000001,-194.1088,175,75
2026-05-09 17:13:56.553,5,0.43,-0.11,1.5,32.1272,60.4274,-169.6388,175,75
2026-05-09 17:13:56.553,5,0.38,0.06,1.52,39.5472,48.3774,-128.3288,175,75
2026-05-09 17:13:56.562,5,0.18,0.17,1.49,41.9272,40.0674,-89.38879999999999,175,75
2026-05-09 17:13:56.583,5,-0.1,0.27,1.44,38.267199999999995,23.3974,-47.4488,175,75
2026-05-09 17:13:56.603,5,-0.13,0.3,1.43,32.6272,6.8473999999999995,-33.5788,175,75
2026-05-09 17:13:56.603,5,-0.09,0.29,1.43,27.8972,-9.5726,-17.028799999999997,175,75
2026-05-09 17:13:56.613,5,-0.02,0.26,1.42,24.8072,-20.4426,5.7212,175,75
2026-05-09 17:13:56.627,5,0.05,0.2,1.41,24.2572,-24.802599999999998,32.5512,175,75
2026-05-09 17:13:56.627,5,0.09,0.13,1.4,26.8672,-25.732599999999998,61.9512,175,75
2026-05-09 17:13:56.643,5,0.07,0.06,1.36,31.4272,-26.892599999999998,88.8712,175,75
2026-05-09 17:13:56.659,5,-0.0,0.0,1.31,36.1372,-31.662599999999998,107.8512,175,75
2026-05-09 17:13:56.659,5,-0.06,-0.05,1.26,39.7872,-40.0726,118.7812,175,75
2026-05-09 17:13:56.687,5,0.02,-0.15,1.19,43.0772,-66.2126,135.4512,175,75
2026-05-09 17:13:56.697,5,0.09,-0.21,1.11,44.8272,-84.6926,145.47119999999998,175,75
2026-05-09 17:13:56.722,5,0.25,-0.29,0.86,44.987199999999994,-130.8726,158.8212,175,75
2026-05-09 17:13:56.722,5,0.37,-0.35,0.66,47.127199999999995,-152.0626,164.2312,175,75
2026-05-09 17:13:56.738,5,0.45,-0.36,0.48,54.6772,-168.8026,168.6112,175,75
2026-05-09 17:13:56.750,5,0.59,-0.38,0.29,65.7572,-170.8426,171.16119999999998,175,75
2026-05-09 17:13:56.758,5,0.77,-0.33,0.13,77.1172,-152.70260000000002,169.5512,175,75
2026-05-09 17:13:56.777,5,0.9,-0.25,-0.17,68.0672,-16.2826,108.97120000000001,175,75
2026-05-09 17:13:56.796,5,0.22,-0.14,0.18,31.6472,30.607400000000002,84.9012,175,75
2026-05-09 17:13:56.818,5,0.17,-0.1,0.38,11.827200000000001,42.867399999999996,82.7312,175,75
2026-05-09 17:13:56.831,5,0.19,-0.11,0.52,-6.0428,57.7874,72.27120000000001,175,75
2026-05-09 17:13:56.842,5,0.22,-0.19,0.64,-15.2928,63.7374,54.761199999999995,175,75
2026-05-09 17:13:56.842,5,0.28,-0.27,0.76,-13.9728,39.2374,38.901199999999996,175,75
2026-05-09 17:13:56.852,5,0.43,-0.28,0.86,-3.0228,-2.7226,36.1312,175,75
2026-05-09 17:13:56.866,5,0.56,-0.13,0.86,29.1972,-51.452600000000004,43.6112,175,75
2026-05-09 17:13:56.875,5,0.53,-0.07,0.8,40.057199999999995,-44.0826,48.2512,175,75
2026-05-09 17:13:56.887,5,0.5,-0.02,0.74,48.657199999999996,-25.662599999999998,50.8412,175,75
2026-05-09 17:13:56.910,5,0.61,0.12,0.86,74.2972,1.4373999999999998,49.3212,175,75
2026-05-09 17:13:56.910,5,0.76,0.22,1.01,89.2272,-3.0926,66.3512,175,75
2026-05-09 17:13:56.925,5,0.77,0.35,1.09,97.0872,-7.3426,91.00120000000001,175,75
2026-05-09 17:13:56.935,5,0.67,0.38,1.04,104.0572,-2.0426,105.2612,175,75
2026-05-09 17:13:56.941,5,0.61,0.4,1.03,110.3072,8.6274,113.4612,175,75
2026-05-09 17:13:56.959,5,0.63,0.42,1.1,116.3172,18.7574,128.0012,175,75
2026-05-09 17:13:56.970,5,0.7,0.48,1.25,117.8172,29.4674,155.7712,175,75
2026-05-09 17:13:56.980,5,0.75,0.51,1.4,115.6972,44.297399999999996,186.06119999999999,175,75
2026-05-09 17:13:56.980,5,0.77,0.49,1.53,115.3772,64.9174,213.9812,175,75
2026-05-09 17:13:57.028,5,0.79,0.45,1.66,119.6772,90.09740000000001,245.3612,175,75
2026-05-09 17:13:57.028,5,0.75,0.38,1.78,129.9772,115.2574,250.3412,175,75
2026-05-09 17:13:57.052,5,0.17,0.29,1.82,163.7172,132.5574,250.3412,175,75
2026-05-09 17:13:57.063,5,-0.3,0.27,1.76,169.8872,97.26740000000001,250.3412,175,75
2026-05-09 17:13:57.063,5,-0.55,0.26,1.65,162.1372,48.0374,250.3412,175,75
2026-05-09 17:13:57.075,5,-0.45,0.09,1.49,155.6772,5.1174,250.3412,175,75
2026-05-09 17:13:57.075,5,-0.17,0.05,1.35,160.7272,-24.1226,250.3412,175,75
2026-05-09 17:13:57.095,5,0.09,-0.05,1.19,172.1872,-35.6926,250.3412,175,75
2026-05-09 17:13:57.095,5,0.22,-0.02,1.05,185.9272,-27.5826,250.3412,175,75
2026-05-09 17:13:57.124,5,0.22,0.1,0.85,192.56719999999999,22.657400000000003,250.3412,175,75
2026-05-09 17:13:57.124,5,0.08,0.12,0.75,185.9372,51.8474,250.3412,175,75
2026-05-09 17:13:57.146,5,-0.1,0.1,0.62,177.0772,71.57740000000001,250.3412,175,75
2026-05-09 17:13:57.156,5,-0.27,0.14,0.55,168.2272,70.1074,250.3412,175,75
2026-05-09 17:13:57.167,5,-0.45,0.06,0.42,159.8672,50.3774,250.3412,175,75
2026-05-09 17:13:57.181,5,-0.54,0.06,0.37,150.9172,14.8874,250.3412,175,75
2026-05-09 17:13:57.181,5,-0.51,0.03,0.34,142.5272,-25.092599999999997,250.3412,175,75
2026-05-09 17:13:57.192,5,-0.39,-0.0,0.33,134.2972,-60.1026,250.3412,175,75
2026-05-09 17:13:57.207,5,-0.28,-0.03,0.31,126.3672,-85.0526,250.3412,175,75
2026-05-09 17:13:57.224,5,-0.2,-0.07,0.27,121.5872,-102.0426,250.3412,175,75
2026-05-09 17:13:57.224,5,-0.11,-0.14,0.21,122.0472,-112.8226,250.3412,175,75
2026-05-09 17:13:57.246,5,-0.01,-0.2,0.12,128.4972,-114.62259999999999,250.3412,175,75
2026-05-09 17:13:57.258,5,-0.0,-0.24,0.06,140.00719999999998,-107.7526,250.3412,175,75
2026-05-09 17:13:57.258,5,-0.07,-0.24,0.02,150.9572,-95.65259999999999,250.3412,175,75
2026-05-09 17:13:57.269,5,-0.19,-0.26,-0.02,158.2172,-80.0826,250.3412,175,75
2026-05-09 17:13:57.269,5,-0.25,-0.29,-0.0,162.4672,-61.662600000000005,250.3412,175,75
2026-05-09 17:13:57.280,5,-0.38,-0.34,0.0,164.3972,-44.982600000000005,250.3412,175,75
2026-05-09 17:13:57.280,5,-0.42,-0.32,0.06,160.7672,-25.502599999999997,218.19119999999998,175,75
2026-05-09 17:13:57.292,5,-0.41,-0.24,0.15,146.9372,-1.9325999999999999,164.9212,175,75
2026-05-09 17:13:57.303,5,-0.29,-0.09,0.23,120.7972,27.2174,118.6512,175,75
2026-05-09 17:13:57.317,5,-0.04,-0.0,0.25,87.13719999999999,71.7874,75.3512,175,75
2026-05-09 17:13:57.327,5,0.23,0.05,0.2,59.6172,123.23740000000001,52.5212,175,75
2026-05-09 17:13:57.347,5,0.41,0.11,0.17,39.1372,181.82739999999998,32.2512,175,75
2026-05-09 17:13:57.347,5,0.54,0.27,0.17,21.2572,244.5074,15.0312,175,75
2026-05-09 17:13:57.347,5,0.54,0.42,0.25,0.6772,249.4174,-20.648799999999998,175,75
2026-05-09 17:13:57.358,5,0.36,0.61,0.7,13.2672,186.3674,-4.6788,175,75
2026-05-09 17:13:57.358,5,2.0,1.21,2.0,51.417199999999994,-177.6626,208.3612,175,75
2026-05-09 17:13:57.368,5,1.34,1.21,1.88,14.2172,-157.3726,178.9512,175,75
2026-05-09 17:13:57.379,5,1.58,0.82,1.89,-48.0728,41.977399999999996,95.0612,175,75
2026-05-09 17:13:57.399,5,1.85,0.51,1.95,-94.8528,249.4174,58.7112,175,75
2026-05-09 17:13:57.419,5,2.0,0.62,2.0,-141.0828,249.4174,117.3212,175,75
2026-05-09 17:13:57.431,5,1.01,0.65,1.95,-132.4428,249.4174,250.3412,175,75
2026-05-09 17:13:57.431,5,-0.64,0.76,1.89,-94.4028,249.4174,250.3412,175,75
2026-05-09 17:13:57.452,5,-1.83,0.67,1.9,-112.7028,234.5574,250.3412,175,75
2026-05-09 17:13:57.460,5,-2.0,0.24,1.68,-142.8328,137.6274,250.3412,175,75
2026-05-09 17:13:57.474,5,-1.88,-0.36,1.57,-135.99280000000002,56.1774,250.3412,175,75
2026-05-09 17:13:57.487,5,-1.33,-0.76,1.73,-92.3428,-3.9926,250.3412,175,75
2026-05-09 17:13:57.498,5,-1.01,0.17,2.0,-55.622800000000005,-56.5726,250.3412,175,75
2026-05-09 17:13:57.498,5,-1.02,-0.11,2.0,-31.402800000000003,-85.95259999999999,250.3412,175,75
2026-05-09 17:13:57.509,5,-0.8,-0.25,2.0,-15.8628,-96.6026,208.0812,175,75
2026-05-09 17:13:57.521,5,-0.66,-0.29,1.73,5.107200000000001,-103.9726,135.6712,175,75
2026-05-09 17:13:57.535,5,-0.6,-0.15,1.47,34.2872,-119.62259999999999,104.2012,175,75
2026-05-09 17:13:57.546,5,-0.38,0.02,1.41,61.27719999999999,-133.20260000000002,99.36120000000001,175,75
2026-05-09 17:13:57.546,5,-0.19,0.18,1.41,81.8672,-141.2126,126.69120000000001,175,75
2026-05-09 17:13:57.558,5,0.08,0.23,1.46,93.7672,-144.07260000000002,188.5712,175,75
2026-05-09 17:13:57.569,5,0.27,0.2,1.43,104.8372,-130.2526,250.3412,175,75
2026-05-09 17:13:57.570,5,0.32,0.15,1.37,117.6572,-95.15259999999999,250.3412,175,75
2026-05-09 17:13:57.582,5,0.25,0.16,1.32,125.8372,-44.5626,250.3412,175,75
2026-05-09 17:13:57.592,5,0.13,0.14,1.26,126.4472,8.7374,250.3412,175,75
2026-05-09 17:13:57.606,5,-0.02,0.15,1.21,124.63719999999999,56.2774,250.3412,175,75
2026-05-09 17:13:57.606,5,-0.1,0.33,1.24,120.3172,94.01740000000001,250.3412,175,75
2026-05-09 17:13:57.625,5,-0.44,0.17,1.35,105.3972,99.7774,250.3412,175,75
2026-05-09 17:13:57.637,5,-1.57,-0.12,1.91,2.0772,-50.3326,250.3412,175,75
2026-05-09 17:13:57.650,5,-1.76,-0.63,1.71,-20.4028,-127.3026,250.3412,175,75
2026-05-09 17:13:57.650,5,-1.7,-0.97,1.38,-9.322799999999999,-176.4326,250.3412,175,75
2026-05-09 17:13:57.665,5,-1.55,-1.09,1.06,16.6872,-207.57260000000002,250.3412,175,75
2026-05-09 17:13:57.679,5,-1.16,-1.03,0.92,51.8172,-213.01260000000002,235.6712,175,75
2026-05-09 17:13:57.679,5,-0.71,-0.87,0.84,83.3672,-189.82260000000002,148.0412,175,75
2026-05-09 17:13:57.700,5,-0.05,-0.44,0.69,120.8672,-133.4426,15.1312,175,75
2026-05-09 17:13:57.711,5,0.24,-0.19,0.62,127.0572,-98.6326,-42.9288,175,75
2026-05-09 17:13:57.723,5,0.39,-0.02,0.58,130.0972,-64.7026,-87.33879999999999,175,75
2026-05-09 17:13:57.744,5,0.57,0.29,0.62,122.1172,18.4874,-145.5788,175,75
2026-05-09 17:13:57.759,5,0.55,0.4,0.71,117.2372,25.317400000000003,-57.058800000000005,175,75
2026-05-09 17:13:57.772,5,0.29,0.33,0.83,112.6772,23.997400000000003,4.6411999999999995,175,75
2026-05-09 17:13:57.787,5,0.03,0.41,0.94,101.21719999999999,39.0074,43.7312,175,75
2026-05-09 17:13:57.797,5,-0.12,0.28,0.89,90.2872,50.1374,97.1812,175,75
2026-05-09 17:13:57.801,5,-0.35,0.18,0.86,85.7972,58.1374,154.78119999999998,175,75
2026-05-09 17:13:57.813,5,-0.35,0.19,0.86,85.3372,55.797399999999996,223.19119999999998,175,75
2026-05-09 17:13:57.824,5,-0.4,0.26,0.88,84.8472,46.7574,250.3412,175,75
2026-05-09 17:13:57.830,5,-0.28,0.36,0.93,81.1172,37.657399999999996,250.3412,175,75
2026-05-09 17:13:57.845,5,-0.09,0.41,0.93,74.38719999999999,33.367399999999996,250.3412,175,75
2026-05-09 17:13:57.857,5,0.02,0.44,0.89,66.5172,36.6774,250.3412,175,75
2026-05-09 17:13:57.867,5,0.01,0.4,0.82,58.737199999999994,45.587399999999995,250.3412,175,75
2026-05-09 17:13:57.879,5,-0.25,0.38,0.73,45.6472,64.90740000000001,250.3412,175,75
2026-05-09 17:13:57.897,5,-0.32,0.4,0.75,35.767199999999995,66.1374,250.3412,175,75
2026-05-09 17:13:57.911,5,-0.64,0.11,0.77,28.0572,37.867399999999996,250.3412,175,75
2026-05-09 17:13:57.923,5,-0.74,-0.02,0.78,24.0772,8.7274,250.3412,175,75
2026-05-09 17:13:57.935,5,-0.76,-0.17,0.74,26.6572,-21.112599999999997,250.3412,175,75
2026-05-09 17:13:57.947,5,-0.81,-0.25,0.66,34.917199999999994,-52.2626,250.3412,175,75
2026-05-09 17:13:57.958,5,-0.79,-0.26,0.59,43.1172,-79.5226,250.3412,175,75
2026-05-09 17:13:57.970,5,-0.53,-0.2,0.47,51.4572,-115.8526,250.3412,175,75
2026-05-09 17:13:57.980,5,-0.29,-0.15,0.39,53.5472,-123.81259999999999,229.2712,175,75
2026-05-09 17:13:57.990,5,-0.11,-0.1,0.32,55.987199999999994,-125.7126,215.6512,175,75
2026-05-09 17:13:58.002,5,0.1,-0.05,0.22,57.7872,-120.95259999999999,204.6112,175,75
2026-05-09 17:13:58.017,5,0.17,-0.0,0.13,59.1372,-111.3326,195.2412,175,75
2026-05-09 17:13:58.017,5,0.4,0.08,0.1,58.227199999999996,-93.48259999999999,197.85119999999998,175,75
2026-05-09 17:13:58.029,5,0.3,0.14,0.08,52.1172,-74.76259999999999,184.25119999999998,175,75
2026-05-09 17:13:58.052,5,0.36,0.04,0.23,49.4972,-10.9626,174.8712,175,75
2026-05-09 17:13:58.072,5,0.7,0.06,0.65,58.407199999999996,105.6674,189.0512,175,75
2026-05-09 17:13:58.096,5,1.28,0.21,1.31,40.337199999999996,249.4174,243.4212,175,75
2026-05-09 17:13:58.121,5,-1.25,0.25,2.0,-220.0728,249.4174,250.3412,175,75
2026-05-09 17:13:58.132,5,-2.0,0.71,2.0,-216.21280000000002,249.4174,250.3412,175,75
2026-05-09 17:13:58.157,5,-2.0,-1.42,2.0,-170.1628,224.9074,248.19119999999998,175,75
2026-05-09 17:13:58.157,5,-2.0,-1.99,2.0,-90.11280000000001,49.8174,203.63119999999998,175,75
2026-05-09 17:13:58.169,5,-2.0,-2.0,2.0,-8.8428,-106.34259999999999,163.5412,175,75
2026-05-09 17:13:58.174,5,-2.0,-2.0,2.0,32.157199999999996,-213.92260000000002,100.7412,175,75
2026-05-09 17:13:58.187,5,-1.62,-2.0,2.0,33.417199999999994,-244.6026,0.9212,175,75
2026-05-09 17:13:58.187,5,-1.45,-1.88,2.0,35.0772,-216.9326,-111.7888,175,75
2026-05-09 17:13:58.199,5,-1.25,-1.43,2.0,65.9172,-226.98260000000002,-231.3488,175,75
2026-05-09 17:13:58.231,5,0.66,-0.03,1.92,164.2672,-250.8526,-249.9288,175,75
2026-05-09 17:13:58.259,5,1.52,0.58,1.8,129.81719999999999,-199.07260000000002,-184.8488,175,75
2026-05-09 17:13:58.284,5,1.0,0.26,0.99,57.8172,5.1074,11.831199999999999,175,75
2026-05-09 17:13:58.297,5,0.49,0.14,0.72,54.517199999999995,32.5974,60.6012,175,75
2026-05-09 17:13:58.297,5,0.22,0.48,0.69,27.8472,23.1674,72.66120000000001,175,75
2026-05-09 17:13:58.316,5,0.14,0.36,0.47,-6.082800000000001,-33.9226,95.3712,175,75
2026-05-09 17:13:58.317,5,0.12,0.08,-0.12,-17.5028,-109.73259999999999,104.6512,175,75
2026-05-09 17:13:58.329,5,1.97,0.05,-1.02,-4.1328,-143.36260000000001,124.7612,175,75
2026-05-09 17:13:58.339,5,2.0,-0.28,-2.0,8.8472,69.68740000000001,184.4912,175,75
2026-05-09 17:13:58.366,5,-0.88,-0.23,-0.9,37.557199999999995,48.7874,169.9012,175,75
2026-05-09 17:13:58.405,5,-1.55,0.01,-0.58,-16.532799999999998,-234.0226,132.8712,175,75
2026-05-09 17:13:58.420,5,-0.91,-0.04,-0.11,-79.5828,-250.8526,-87.0688,175,75
2026-05-09 17:13:58.420,5,-0.51,-0.13,0.08,-92.5728,-250.8526,-195.71880000000002,175,75
2026-05-09 17:13:58.440,5,-0.19,-0.03,0.24,-112.1528,-148.79260000000002,-249.9288,175,75
2026-05-09 17:13:58.451,5,-0.13,-0.05,0.2,-111.6628,-85.40259999999999,-249.9288,175,75
2026-05-09 17:13:58.480,5,0.67,0.33,-0.29,-101.2028,108.5574,-249.9288,175,75
2026-05-09 17:13:58.492,5,0.77,0.53,-0.33,-90.9528,153.98739999999998,-198.24880000000002,175,75
2026-05-09 17:13:58.505,5,0.54,0.31,-0.2,-94.2628,188.26739999999998,-129.1088,175,75
2026-05-09 17:13:58.518,5,0.39,0.32,-0.13,-91.50280000000001,207.32739999999998,-75.83879999999999,175,75
2026-05-09 17:13:58.535,5,0.54,0.28,0.06,-84.89280000000001,225.88739999999999,-18.418799999999997,175,75
2026-05-09 17:13:58.540,5,0.59,0.17,0.25,-76.8828,249.4174,36.1112,175,75
2026-05-09 17:13:58.553,5,0.36,0.72,-0.41,-78.89280000000001,249.4174,81.1312,175,75
2026-05-09 17:13:58.571,5,0.91,0.16,0.68,-52.5628,249.4174,217.4812,175,75
2026-05-09 17:13:58.571,5,0.41,0.27,0.84,-44.7428,249.4174,250.3412,175,75
2026-05-09 17:13:58.587,5,-0.36,0.22,0.82,-22.3128,236.63739999999999,250.3412,175,75
2026-05-09 17:13:58.587,5,-0.96,0.03,0.86,-17.4128,152.8474,250.3412,175,75
2026-05-09 17:13:58.609,5,-1.54,-0.17,0.89,-13.8628,43.1474,250.3412,175,75
2026-05-09 17:13:58.622,5,-1.11,-0.59,1.01,21.9472,-212.4326,66.80120000000001,175,75
2026-05-09 17:13:58.647,5,0.07,-0.18,0.61,25.2272,-250.8526,-71.8988,175,75
2026-05-09 17:13:58.647,5,0.68,-0.05,0.39,5.587199999999999,-250.8526,-97.1188,175,75
2026-05-09 17:13:58.661,5,1.86,0.04,0.14,-19.7628,-250.8526,-101.85879999999999,175,75
2026-05-09 17:13:58.676,5,2.0,-0.27,-0.21,-52.012800000000006,-93.28259999999999,-122.8688,175,75
2026-05-09 17:13:58.683,5,1.89,-0.39,0.06,-60.2128,21.4174,-107.63879999999999,175,75
2026-05-09 17:13:58.691,5,1.39,-0.47,0.51,-64.36280000000001,90.7274,-80.77879999999999,175,75
2026-05-09 17:13:58.726,5,1.7,-0.65,1.94,-26.372799999999998,249.4174,50.5512,175,75
2026-05-09 17:13:58.737,5,0.21,-0.78,2.0,-36.012800000000006,249.4174,-74.05879999999999,175,75
2026-05-09 17:13:58.748,5,-0.65,-0.75,2.0,-49.8228,249.4174,-234.3188,175,75
2026-05-09 17:13:58.748,5,-1.93,-0.95,2.0,-38.412800000000004,249.4174,-249.9288,175,75
2026-05-09 17:13:58.763,5,-2.0,-1.29,1.28,5.3172,249.4174,-249.9288,175,75
2026-05-09 17:13:58.779,5,-2.0,-1.4,0.97,80.4272,249.4174,-249.9288,175,75
2026-05-09 17:13:58.787,5,-2.0,-0.91,1.33,145.5272,66.4274,-214.9288,175,75
2026-05-09 17:13:58.799,5,-2.0,-0.15,2.0,165.2072,-72.3926,-231.1688,175,75
2026-05-09 17:13:58.817,5,-1.64,0.89,2.0,133.50719999999998,-250.8526,-249.9288,175,75
2026-05-09 17:13:58.817,5,-1.11,0.89,1.92,119.4572,-250.8526,-249.9288,175,75
2026-05-09 17:13:58.839,5,-0.07,1.03,1.39,86.9072,-250.8526,-249.9288,175,75
2026-05-09 17:13:58.851,5,0.53,1.03,1.38,63.487199999999994,-250.8526,-249.9288,175,75
2026-05-09 17:13:58.881,5,1.67,0.73,1.4,27.0172,-161.86260000000001,-119.8188,175,75
2026-05-09 17:13:58.905,5,1.34,0.49,1.39,34.4372,96.6374,134.25119999999998,175,75
2026-05-09 17:13:58.905,5,0.96,0.52,1.45,19.1672,190.0074,222.7312,175,75
2026-05-09 17:13:58.921,5,0.63,0.62,1.51,-0.7328000000000001,249.4174,250.3412,175,75
2026-05-09 17:13:58.921,5,0.26,0.63,1.61,-17.3328,249.4174,250.3412,175,75
2026-05-09 17:13:58.934,5,-0.25,0.59,1.75,-31.692800000000002,249.4174,250.3412,175,75
2026-05-09 17:13:58.945,5,-0.94,0.31,1.89,-36.152800000000006,225.6674,250.3412,175,75
2026-05-09 17:13:58.959,5,-2.0,-0.5,1.96,-15.1028,24.5274,250.3412,175,75
2026-05-09 17:13:58.970,5,-1.84,-0.89,1.71,17.0472,-46.022600000000004,143.72119999999998,175,75
2026-05-09 17:13:58.989,5,-2.0,-0.93,1.48,55.2072,-127.1926,44.401199999999996,175,75
2026-05-09 17:13:59.000,5,-1.77,-0.66,1.3,80.4172,-198.01260000000002,-58.9388,175,75
2026-05-09 17:13:59.000,5,-1.27,-0.36,1.11,89.8372,-250.8526,-147.2088,175,75
2026-05-09 17:13:59.026,5,-0.24,0.18,0.71,86.46719999999999,-250.8526,-238.2588,175,75
2026-05-09 17:13:59.041,5,0.09,0.4,0.46,76.7972,-250.8526,-249.9288,175,75
2026-05-09 17:13:59.041,5,0.21,0.55,0.04,62.917199999999994,-250.8526,-249.9288,175,75
2026-05-09 17:13:59.051,5,0.89,0.53,-0.39,59.127199999999995,-250.8526,-218.89880000000002,175,75
2026-05-09 17:13:59.063,5,2.0,0.89,-1.47,63.8972,-250.8526,-15.3388,175,75
2026-05-09 17:13:59.071,5,2.0,1.04,-1.41,66.85719999999999,-131.6926,185.69119999999998,175,75
2026-05-09 17:13:59.120,5,-1.01,-0.16,-0.75,-12.6028,-250.8526,153.7412,175,75
2026-05-09 17:13:59.127,5,-0.9,-0.31,-0.43,-11.822799999999999,-250.8526,151.2312,175,75
2026-05-09 17:13:59.158,5,-0.07,-0.26,0.46,-38.912800000000004,-97.6326,22.8712,175,75
2026-05-09 17:13:59.178,5,-0.14,-0.24,0.29,-51.122800000000005,18.497400000000003,-28.7088,175,75
2026-05-09 17:13:59.192,5,-0.15,-0.06,-0.14,-85.6028,157.4674,-118.5988,175,75
2026-05-09 17:13:59.192,5,0.13,-0.1,-0.16,-95.6028,199.5874,-132.5188,175,75
2026-05-09 17:13:59.202,5,0.24,-0.08,-0.03,-90.1528,244.63739999999999,-138.5488,175,75
2026-05-09 17:13:59.221,5,0.24,0.32,0.06,-101.6628,249.4174,-171.6088,175,75
2026-05-09 17:13:59.233,5,0.73,0.51,0.36,-119.6628,249.4174,-195.6388,175,75
2026-05-09 17:13:59.244,5,2.0,1.35,0.83,-169.2228,249.4174,-82.0488,175,75
2026-05-09 17:13:59.263,5,2.0,2.0,1.65,-249.2728,249.4174,245.9312,175,75
2026-05-09 17:13:59.274,5,1.29,2.0,2.0,-249.2728,249.4174,250.3412,175,75
2026-05-09 17:13:59.274,5,0.36,1.32,2.0,-249.2728,249.4174,250.3412,175,75
2026-05-09 17:13:59.285,5,-0.47,0.27,2.0,-237.7328,249.4174,250.3412,175,75
2026-05-09 17:13:59.299,5,-1.71,-0.55,1.95,-172.5728,249.4174,186.19119999999998,175,75
2026-05-09 17:13:59.299,5,-2.0,-0.59,1.59,-115.6628,249.4174,168.38119999999998,175,75
2026-05-09 17:13:59.321,5,-2.0,-1.04,1.46,-50.7528,203.3674,196.6712,175,75
2026-05-09 17:13:59.321,5,-2.0,-0.95,1.6,8.3672,-38.5026,186.94119999999998,175,75
2026-05-09 17:13:59.338,5,-2.0,-0.74,2.0,36.7172,-217.76260000000002,146.8012,175,75
2026-05-09 17:13:59.351,5,-1.71,-0.62,2.0,19.717200000000002,-250.8526,95.6212,175,75
2026-05-09 17:13:59.367,5,-0.77,-0.62,1.47,38.52719999999999,-250.8526,83.4212,175,75
2026-05-09 17:13:59.385,5,0.39,-0.42,0.87,95.2972,-250.8526,100.9512,175,75
2026-05-09 17:13:59.399,5,0.59,-0.37,0.6,127.3972,-250.8526,123.5912,175,75
2026-05-09 17:13:59.410,5,0.62,-0.27,0.42,152.3472,-250.8526,155.4312,175,75
2026-05-09 17:13:59.420,5,0.74,-0.29,0.15,164.1872,-250.8526,203.6112,175,75
2026-05-09 17:13:59.420,5,1.1,-0.37,-0.09,182.3672,-250.8526,250.3412,175,75
2026-05-09 17:13:59.445,5,2.0,-0.42,-1.0,204.7272,-106.17259999999999,250.3412,175,75
2026-05-09 17:13:59.458,5,1.16,-0.31,-0.5,190.00719999999998,-31.682599999999997,250.3412,175,75
2026-05-09 17:13:59.458,5,0.39,-0.25,-0.0,167.9972,-8.2426,250.3412,175,75
2026-05-09 17:13:59.468,5,0.12,-0.29,0.3,148.6872,12.2074,250.3412,175,75
2026-05-09 17:13:59.479,5,0.04,-0.43,0.67,147.1372,49.9374,250.3412,175,75
2026-05-09 17:13:59.491,5,0.1,-0.57,1.12,135.4472,116.1974,250.3412,175,75
2026-05-09 17:13:59.508,5,0.27,-0.56,1.25,128.8872,226.7274,250.3412,175,75
2026-05-09 17:13:59.520,5,-0.65,-0.97,2.0,84.9072,249.4174,-95.2888,175,75
2026-05-09 17:13:59.539,5,-0.41,-0.83,2.0,58.52719999999999,249.4174,-249.9288,175,75
2026-05-09 17:13:59.549,5,-0.82,-0.77,2.0,52.407199999999996,249.4174,-249.9288,175,75
2026-05-09 17:13:59.549,5,-1.04,-0.67,2.0,88.85719999999999,167.54739999999998,-226.96880000000002,175,75
2026-05-09 17:13:59.562,5,-1.36,0.07,2.0,112.8672,10.7974,-95.60879999999999,175,75
2026-05-09 17:13:59.613,5,-1.26,0.81,2.0,52.1072,-144.0226,37.1112,175,75
2026-05-09 17:13:59.636,5,0.25,0.41,1.9,99.0872,-214.6326,250.3412,175,75
2026-05-09 17:13:59.643,5,0.33,0.48,1.75,94.63719999999999,-191.3826,250.3412,175,75
2026-05-09 17:13:59.651,5,0.33,0.43,1.51,77.10719999999999,-139.61260000000001,250.3412,175,75
2026-05-09 17:13:59.665,5,0.4,0.21,1.17,65.07719999999999,-91.9426,250.3412,175,75
2026-05-09 17:13:59.665,5,0.29,0.23,1.04,60.267199999999995,-63.3526,250.3412,175,75
2026-05-09 17:13:59.679,5,0.36,-0.1,0.6,75.9772,-54.0826,250.3412,175,75
2026-05-09 17:13:59.679,5,0.2,-0.25,0.5,94.6272,-78.6626,250.3412,175,75
2026-05-09 17:13:59.689,5,0.02,-0.33,0.56,109.8172,-129.0226,250.3412,175,75
2026-05-09 17:13:59.698,5,-0.36,-0.41,0.81,106.82719999999999,-187.36260000000001,250.3412,175,75
2026-05-09 17:13:59.714,5,-0.77,-0.62,1.01,91.5072,-220.5626,250.3412,175,75
2026-05-09 17:13:59.732,5,-1.07,-1.01,1.01,75.9772,-221.29260000000002,250.3412,175,75
2026-05-09 17:13:59.732,5,-1.22,-1.45,0.62,71.93719999999999,-182.26260000000002,250.3412,175,75
2026-05-09 17:13:59.743,5,-1.55,-1.66,0.21,94.46719999999999,-134.89260000000002,237.9212,175,75
2026-05-09 17:13:59.743,5,-1.25,-1.62,-0.13,136.0772,-100.0826,40.1412,175,75
2026-05-09 17:13:59.757,5,-0.57,-1.38,-0.34,169.3772,-63.2926,-88.8788,175,75
2026-05-09 17:13:59.768,5,0.04,-1.0,-0.48,180.3372,-22.1526,-138.4188,175,75
2026-05-09 17:13:59.768,5,0.3,-0.54,-0.67,160.6272,16.2774,-138.5188,175,75
2026-05-09 17:13:59.778,5,0.06,-0.09,-0.95,154.4972,41.1474,-115.3188,175,75
2026-05-09 17:13:59.794,5,-0.2,0.05,-0.44,113.4272,22.657400000000003,-114.9088,175,75
2026-05-09 17:13:59.805,5,-0.36,0.35,-0.35,63.1872,-9.4026,-136.4788,175,75
2026-05-09 17:13:59.818,5,-0.36,0.52,-0.25,4.7572,-45.8226,-174.5688,175,75
2026-05-09 17:13:59.818,5,-0.07,0.63,-0.16,-51.5428,-67.59259999999999,-213.33880000000002,175,75
2026-05-09 17:13:59.835,5,0.41,0.56,-0.15,-90.5728,-54.982600000000005,-235.36880000000002,175,75
2026-05-09 17:13:59.847,5,1.08,0.39,-0.25,-100.86280000000001,-8.7626,-216.6088,175,75
2026-05-09 17:13:59.847,5,2.0,0.45,-0.4,-88.6628,101.26740000000001,-89.80879999999999,175,75
2026-05-09 17:13:59.859,5,2.0,0.85,-0.4,-66.17280000000001,204.1974,112.1312,175,75
2026-05-09 17:13:59.880,5,1.21,1.06,-0.08,-22.0128,169.7874,250.3412,175,75
2026-05-09 17:13:59.880,5,0.42,0.96,0.4,51.7872,19.3674,250.3412,175,75
2026-05-09 17:13:59.891,5,0.23,1.08,1.14,99.6472,-108.34259999999999,250.3412,175,75
2026-05-09 17:13:59.904,5,0.64,1.34,1.22,97.5672,-152.1026,250.3412,175,75
2026-05-09 17:13:59.915,5,1.46,1.06,2.0,64.8672,-56.732600000000005,185.91119999999998,175,75
2026-05-09 17:13:59.927,5,2.0,0.94,2.0,-3.2828000000000004,157.51739999999998,166.10119999999998,175,75
2026-05-09 17:13:59.938,5,2.0,0.88,2.0,-98.3428,249.4174,250.3412,175,75
2026-05-09 17:13:59.938,5,1.66,-0.03,2.0,-129.1728,249.4174,250.3412,175,75
2026-05-09 17:13:59.950,5,-0.7,0.06,1.45,-81.7728,249.4174,250.3412,175,75
2026-05-09 17:13:59.973,5,-2.0,-0.07,1.38,-74.0228,196.70739999999998,250.3412,175,75
2026-05-09 17:13:59.973,5,-2.0,-0.62,1.21,-78.3428,3.2374,250.3412,175,75
2026-05-09 17:13:59.980,5,-2.0,-1.03,1.35,-56.8228,-146.0826,250.3412,175,75
2026-05-09 17:13:59.987,5,-1.86,-1.38,1.47,-20.9228,-212.1526,250.3412,175,75
2026-05-09 17:14:00.010,5,-1.3,-1.22,1.93,-2.8228,-235.0926,241.2112,175,75
2026-05-09 17:14:00.010,5,-1.33,-1.12,2.0,-5.3828,-250.8526,92.8412,175,75
2026-05-09 17:14:00.021,5,-0.19,-0.99,1.78,2.7572,-250.8526,-68.8188,175,75
2026-05-09 17:14:00.033,5,0.61,-0.75,1.26,19.967200000000002,-239.86260000000001,-165.2688,175,75
2026-05-09 17:14:00.044,5,1.06,-0.52,0.93,53.2872,-153.11260000000001,-207.5488,175,75
2026-05-09 17:14:00.056,5,1.09,-0.32,0.75,87.2972,-60.6926,-218.2988,175,75
2026-05-09 17:14:00.067,5,0.99,-0.15,0.64,109.3472,3.8373999999999997,-207.9088,175,75
2026-05-09 17:14:00.067,5,0.92,-0.01,0.61,122.3772,36.6274,-171.99880000000002,175,75
2026-05-09 17:14:00.093,5,0.88,0.13,0.66,126.5272,39.5274,-102.3188,175,75
2026-05-09 17:14:00.093,5,0.82,0.34,0.84,121.2072,49.7574,-31.1988,175,75
2026-05-09 17:14:00.104,5,0.63,0.35,0.92,107.0172,79.98740000000001,23.9512,175,75
2026-05-09 17:14:00.117,5,0.35,0.14,0.86,102.0572,114.3874,59.191199999999995,175,75
2026-05-09 17:14:00.117,5,0.02,0.32,0.88,98.71719999999999,130.3674,86.22120000000001,175,75
2026-05-09 17:14:00.131,5,-0.28,0.35,0.87,91.99719999999999,120.8874,110.6512,175,75
2026-05-09 17:14:00.155,5,-0.44,0.37,0.91,85.0672,85.51740000000001,132.4212,175,75
2026-05-09 17:14:00.155,5,-0.42,0.38,1.03,75.2772,42.9174,162.28119999999998,175,75
2026-05-09 17:14:00.168,5,-0.32,0.31,1.13,67.4572,8.0974,200.94119999999998,175,75
2026-05-09 17:14:00.185,5,-0.11,0.21,1.23,70.6172,-6.1826,246.9512,175,75
2026-05-09 17:14:00.203,5,0.11,0.2,1.44,73.71719999999999,-13.8126,250.3412,175,75
2026-05-09 17:14:00.203,5,0.37,0.18,1.74,58.847199999999994,-3.0526,250.3412,175,75
2026-05-09 17:14:00.214,5,0.66,0.19,2.0,21.4772,25.247400000000003,250.3412,175,75
2026-05-09 17:14:00.214,5,0.48,-0.19,2.0,-20.5528,45.367399999999996,250.3412,175,75
2026-05-09 17:14:00.225,5,-0.07,-0.71,2.0,-43.0628,33.6374,250.3412,175,75
2026-05-09 17:14:00.237,5,-1.02,-0.93,2.0,-56.1028,-9.7326,250.3412,175,75
2026-05-09 17:14:00.250,5,-1.66,-1.16,2.0,-61.2128,-64.1126,250.3412,175,75
2026-05-09 17:14:00.262,5,-2.0,-1.21,1.87,-67.86280000000001,-113.4426,250.3412,175,75
2026-05-09 17:14:00.272,5,-1.97,-1.47,1.71,-71.7928,-150.2526,224.0512,175,75
2026-05-09 17:14:00.286,5,-1.56,-1.58,1.76,-77.9028,-168.0926,105.19120000000001,175,75
2026-05-09 17:14:00.286,5,-1.12,-1.59,1.81,-87.86280000000001,-170.4326,-9.418800000000001,175,75
2026-05-09 17:14:00.297,5,-0.79,-1.49,1.6,-73.7928,-174.48260000000002,-143.33880000000002,175,75
2026-05-09 17:14:00.308,5,0.23,-1.19,1.39,-56.1028,-150.92260000000002,-243.4188,175,75
2026-05-09 17:14:00.319,5,0.82,-0.99,1.08,-39.9328,-95.92259999999999,-249.9288,175,75
2026-05-09 17:14:00.319,5,1.03,-0.8,0.85,-13.5928,-35.0826,-249.9288,175,75
2026-05-09 17:14:00.340,5,1.0,-0.55,0.74,13.0372,17.5974,-249.9288,175,75
2026-05-09 17:14:00.340,5,0.84,-0.29,0.65,26.5672,49.7374,-237.0088,175,75
2026-05-09 17:14:00.349,5,0.63,-0.07,0.59,25.3872,57.3474,-213.86880000000002,175,75
2026-05-09 17:14:00.363,5,0.47,0.07,0.53,13.497200000000001,48.2174,-197.05880000000002,175,75
2026-05-09 17:14:00.378,5,0.38,0.13,0.41,-1.9327999999999999,25.297400000000003,-186.4088,175,75
2026-05-09 17:14:00.378,5,0.4,0.1,0.23,-8.502799999999999,5.8473999999999995,-147.0088,175,75
2026-05-09 17:14:00.389,5,0.36,0.16,0.07,-9.6528,-22.792599999999997,-116.3488,175,75
2026-05-09 17:14:00.407,5,0.46,0.3,-0.11,-9.5328,-39.5026,-85.1888,175,75
2026-05-09 17:14:00.422,5,0.5,0.33,-0.31,-16.372799999999998,-37.052600000000005,-56.6488,175,75
2026-05-09 17:14:00.433,5,0.38,0.14,-0.09,-13.922799999999999,-33.632600000000004,-44.348800000000004,175,75
2026-05-09 17:14:00.444,5,0.16,0.38,-0.54,-16.9128,-38.3726,-47.168800000000005,175,75
2026-05-09 17:14:00.444,5,-0.04,0.28,-0.75,-12.422799999999999,-60.5026,-52.6588,175,75
2026-05-09 17:14:00.459,5,-0.2,0.18,-0.88,3.0872,-104.4726,-57.0388,175,75
2026-05-09 17:14:00.459,5,-0.39,0.1,-0.87,21.9272,-165.6326,-57.8688,175,75
2026-05-09 17:14:00.473,5,-0.25,0.09,-0.66,33.767199999999995,-225.5626,-47.3888,175,75
2026-05-09 17:14:00.490,5,-0.02,0.13,-0.32,28.8872,-249.11260000000001,-28.5688,175,75
2026-05-09 17:14:00.493,5,0.04,0.12,-0.04,17.0772,-234.51260000000002,-15.3188,175,75
2026-05-09 17:14:00.506,5,-0.12,0.1,0.15,9.257200000000001,-199.45260000000002,-15.958800000000002,175,75
2026-05-09 17:14:00.517,5,-0.2,-0.0,0.27,0.6472,-155.7226,-28.4488,175,75
2026-05-09 17:14:00.529,5,-0.02,-0.04,0.14,-3.6328,-108.48259999999999,-40.4388,175,75
2026-05-09 17:14:00.542,5,0.27,-0.03,-0.16,20.6572,12.7974,-27.3888,175,75
2026-05-09 17:14:00.562,5,0.39,0.05,-0.29,34.237199999999994,66.1074,-7.6388,175,75
2026-05-09 17:14:00.586,5,0.34,0.11,-0.27,36.6872,104.8374,9.7412,175,75
2026-05-09 17:14:00.586,5,0.38,0.25,-0.22,38.0372,135.5274,32.3212,175,75
2026-05-09 17:14:00.596,5,0.52,0.25,-0.05,28.6872,172.88739999999999,44.581199999999995,175,75
2026-05-09 17:14:00.608,5,0.83,0.3,0.08,10.6872,225.2174,71.72120000000001,175,75
2026-05-09 17:14:00.620,5,2.0,0.55,0.69,-17.5028,249.4174,150.06119999999999,175,75
2026-05-09 17:14:00.640,5,2.0,1.48,2.0,-121.6628,238.5074,250.3412,175,75
2026-05-09 17:14:00.659,5,1.3,0.63,2.0,-206.5028,249.4174,250.3412,175,75
2026-05-09 17:14:00.666,5,0.68,-0.24,2.0,-194.7728,249.4174,239.7012,175,75
2026-05-09 17:14:00.682,5,-0.69,-1.24,2.0,-159.4028,249.4174,154.4512,175,75
2026-05-09 17:14:00.682,5,-1.36,-1.33,2.0,-160.6028,249.4174,194.8912,175,75
2026-05-09 17:14:00.693,5,-2.0,-1.72,1.87,-114.3228,210.1874,243.8712,175,75
2026-05-09 17:14:00.696,5,-2.0,-1.84,1.67,-40.7028,27.817400000000003,250.3412,175,75
2026-05-09 17:14:00.711,5,-2.0,-1.89,2.0,22.1572,-149.07260000000002,246.5212,175,75
2026-05-09 17:14:00.711,5,-2.0,-1.72,2.0,33.5772,-250.8526,171.78119999999998,175,75
2026-05-09 17:14:00.723,5,-1.64,-1.54,2.0,-12.3728,-250.8526,45.3512,175,75
2026-05-09 17:14:00.735,5,-1.04,-1.43,2.0,-46.9328,-250.8526,-124.7988,175,75
2026-05-09 17:14:00.745,5,-1.07,-1.14,2.0,-27.1828,-232.6026,-249.9288,175,75
2026-05-09 17:14:00.745,5,-0.1,-0.83,1.52,22.2672,-175.54260000000002,-249.9288,175,75
2026-05-09 17:14:00.787,5,1.33,0.83,1.69,166.3772,-38.7126,-249.9288,175,75
2026-05-09 17:14:00.797,5,1.31,0.88,2.0,129.6572,-7.9926,-202.99880000000002,175,75
2026-05-09 17:14:00.809,5,1.25,0.97,2.0,100.0172,22.997400000000003,-66.2888,175,75
2026-05-09 17:14:00.819,5,1.85,0.92,2.0,62.087199999999996,53.267399999999995,127.3212,175,75
2026-05-09 17:14:00.820,5,2.0,0.66,2.0,31.0772,100.65740000000001,250.3412,175,75
2026-05-09 17:14:00.861,5,-0.39,-1.57,2.0,5.1172,7.817399999999999,250.3412,175,75
2026-05-09 17:14:00.861,5,-0.31,-1.27,2.0,-20.8228,-122.0226,250.3412,175,75
2026-05-09 17:14:00.891,5,-2.0,-1.44,1.38,-22.5028,-250.8526,250.3412,175,75
2026-05-09 17:14:00.899,5,-2.0,-1.48,0.84,-30.9828,-250.8526,250.3412,175,75
2026-05-09 17:14:00.910,5,-1.77,-1.73,0.11,-23.9828,-250.8526,-11.8288,175,75
2026-05-09 17:14:00.910,5,-0.66,-1.55,-0.45,11.5572,-219.5626,-249.9288,175,75
2026-05-09 17:14:00.920,5,0.57,-1.08,-0.74,45.0472,-80.06259999999999,-249.9288,175,75
2026-05-09 17:14:00.957,5,1.95,0.09,-1.27,32.8672,239.01739999999998,-249.9288,175,75
2026-05-09 17:14:00.969,5,1.37,0.06,-1.24,44.8172,249.4174,-249.9288,175,75
2026-05-09 17:14:00.979,5,0.42,0.36,-1.12,25.8672,249.4174,-249.9288,175,75
2026-05-09 17:14:00.992,5,-0.49,0.69,-0.98,11.3972,231.79739999999998,-249.9288,175,75
2026-05-09 17:14:00.992,5,-0.72,1.06,-1.06,10.337200000000001,70.9474,-249.9288,175,75
2026-05-09 17:14:01.003,5,-0.69,1.38,-0.86,15.2672,-120.70259999999999,-249.9288,175,75
2026-05-09 17:14:01.005,5,-0.57,1.16,-0.6,-5.7928,-250.8526,-249.9288,175,75
2026-05-09 17:14:01.017,5,-0.29,0.99,-0.3,-31.3528,-250.8526,-249.9288,175,75
2026-05-09 17:14:01.020,5,-0.11,0.59,-0.02,-50.6328,-250.8526,-190.9788,175,75
2026-05-09 17:14:01.042,5,0.0,0.27,0.36,-53.582800000000006,-250.8526,-98.5788,175,75
2026-05-09 17:14:01.053,5,0.25,0.04,0.37,-54.4928,-250.8526,-36.2888,175,75
2026-05-09 17:14:01.053,5,0.2,0.03,0.46,-39.0428,-153.32260000000002,34.1312,175,75
2026-05-09 17:14:01.064,5,0.17,-0.13,0.3,-10.2128,-42.552600000000005,86.75120000000001,175,75
2026-05-09 17:14:01.090,5,0.1,-0.1,0.0,30.8172,48.157399999999996,127.4212,175,75
2026-05-09 17:14:01.090,5,0.2,-0.03,-0.27,70.7872,102.73740000000001,164.38119999999998,175,75
2026-05-09 17:14:01.101,5,0.43,0.08,-0.43,102.8172,146.6674,206.03119999999998,175,75
2026-05-09 17:14:01.152,5,0.64,0.16,-0.38,118.7872,179.9774,250.3412,175,75
2026-05-09 17:14:01.172,5,0.48,0.12,-0.12,133.50719999999998,207.2874,250.3412,175,75
2026-05-09 17:14:01.210,5,0.72,0.36,-0.01,125.63719999999999,249.4174,250.3412,175,75
2026-05-09 17:14:01.219,5,0.78,0.11,0.26,119.8972,249.4174,250.3412,175,75
2026-05-09 17:14:01.219,5,0.32,0.11,0.85,105.8672,249.4174,250.3412,175,75
2026-05-09 17:14:01.237,5,-0.33,-0.34,1.78,59.5772,134.63739999999999,250.3412,175,75
2026-05-09 17:14:01.248,5,-0.81,-0.1,0.84,-9.2828,77.43740000000001,68.8712,175,75
2026-05-09 17:14:01.260,5,-1.49,-0.13,0.45,-30.8628,48.547399999999996,-43.7488,175,75
2026-05-09 17:14:01.271,5,-1.28,-0.35,0.28,-33.1428,6.3073999999999995,-140.6988,175,75
2026-05-09 17:14:01.271,5,-0.59,-0.31,0.34,-22.1528,-25.862599999999997,-185.1288,175,75
2026-05-09 17:14:01.284,5,-0.71,-0.17,0.74,4.2372,-43.9626,-230.27880000000002,175,75
2026-05-09 17:14:01.284,5,0.06,0.03,1.14,62.7872,-151.76260000000002,-249.9288,175,75
2026-05-09 17:14:01.298,5,1.38,0.77,1.49,70.57719999999999,-250.8526,-249.9288,175,75
2026-05-09 17:14:01.306,5,2.0,1.04,1.22,30.4272,-250.8526,-249.9288,175,75
2026-05-09 17:14:01.322,5,2.0,0.69,0.85,-6.312799999999999,-160.01260000000002,-83.30879999999999,175,75
2026-05-09 17:14:01.336,5,1.52,0.06,0.84,-48.0328,160.04739999999998,162.5712,175,75
2026-05-09 17:14:01.349,5,1.4,-0.11,0.99,-67.3228,249.4174,229.8312,175,75
2026-05-09 17:14:01.361,5,1.15,-0.23,1.62,-75.2628,249.4174,250.3412,175,75
2026-05-09 17:14:01.371,5,0.25,-0.76,2.0,-75.9828,249.4174,180.0712,175,75
2026-05-09 17:14:01.371,5,0.16,-0.59,1.61,-61.402800000000006,249.4174,109.75120000000001,175,75
2026-05-09 17:14:01.385,5,-0.39,-1.0,1.21,-25.2428,249.4174,67.75120000000001,175,75
2026-05-09 17:14:01.400,5,-2.0,-1.18,1.51,48.447199999999995,249.4174,-87.47879999999999,175,75
2026-05-09 17:14:01.411,5,-2.0,-1.21,1.91,79.2872,249.4174,-208.9188,175,75
2026-05-09 17:14:01.411,5,-2.0,-1.02,2.0,106.46719999999999,214.7274,-249.9288,175,75
2026-05-09 17:14:01.423,5,-2.0,-0.6,2.0,130.81719999999999,138.3074,-249.9288,175,75
2026-05-09 17:14:01.423,5,-2.0,-0.0,2.0,161.2372,14.7574,-249.9288,175,75
2026-05-09 17:14:01.460,5,-1.71,0.95,2.0,165.9172,-226.4426,-249.9288,175,75
2026-05-09 17:14:01.472,5,-1.28,1.01,2.0,148.3972,-250.8526,-249.9288,175,75
2026-05-09 17:14:01.472,5,-0.59,0.94,1.88,146.4472,-250.8526,-245.2988,175,75
2026-05-09 17:14:01.492,5,-0.06,0.85,1.76,154.6372,-250.8526,-133.8188,175,75
2026-05-09 17:14:01.492,5,0.43,0.74,1.65,158.9372,-250.8526,-30.4788,175,75
2026-05-09 17:14:01.523,5,0.6,0.84,1.58,142.2972,-250.8526,54.831199999999995,175,75
2026-05-09 17:14:01.535,5,0.98,0.77,1.38,115.07719999999999,-225.2126,110.94120000000001,175,75
2026-05-09 17:14:01.535,5,1.23,0.79,1.39,88.3072,-176.1826,179.9512,175,75
2026-05-09 17:14:01.546,5,1.41,0.58,1.31,58.4672,-103.9326,250.3412,175,75
2026-05-09 17:14:01.558,5,1.45,0.32,1.21,44.2072,-22.042599999999997,250.3412,175,75
2026-05-09 17:14:01.558,5,1.22,0.17,1.16,44.7872,57.5574,250.3412,175,75
2026-05-09 17:14:01.570,5,0.58,0.1,1.28,44.3572,89.6774,250.3412,175,75
2026-05-09 17:14:01.584,5,-0.19,-0.03,1.44,35.6172,64.8174,250.3412,175,75
2026-05-09 17:14:01.596,5,-0.62,-0.23,1.41,27.0572,51.907399999999996,187.47119999999998,175,75
2026-05-09 17:14:01.607,5,-0.87,-0.32,1.21,25.4972,63.5074,60.1612,175,75
2026-05-09 17:14:01.618,5,-1.08,-0.34,1.01,29.3372,68.21740000000001,-49.128800000000005,175,75
2026-05-09 17:14:01.618,5,-1.16,-0.46,0.78,44.627199999999995,54.617399999999996,-114.2988,175,75
2026-05-09 17:14:01.630,5,-1.16,-0.44,0.66,69.10719999999999,26.087400000000002,-164.6288,175,75
2026-05-09 17:14:01.630,5,-1.16,-0.21,0.58,87.13719999999999,-22.7626,-198.7288,175,75
2026-05-09 17:14:01.641,5,-1.13,0.09,0.51,94.9872,-98.09259999999999,-236.0788,175,75
2026-05-09 17:14:01.651,5,-0.8,0.46,0.4,91.9572,-198.86260000000001,-249.9288,175,75
2026-05-09 17:14:01.663,5,-0.25,0.55,0.21,90.74719999999999,-250.8526,-249.9288,175,75
2026-05-09 17:14:01.663,5,0.06,0.77,0.08,72.07719999999999,-250.8526,-220.9188,175,75
2026-05-09 17:14:01.674,5,1.08,0.72,-0.36,51.0072,-250.8526,-177.3888,175,75
2026-05-09 17:14:01.674,5,2.0,0.74,-1.05,53.3972,-250.8526,5.3911999999999995,175,75
2026-05-09 17:14:01.685,5,1.05,0.31,-0.65,83.46719999999999,-250.8526,167.4212,175,75
2026-05-09 17:14:01.713,5,-0.07,-0.09,-0.74,59.627199999999995,-250.8526,246.5812,175,75
2026-05-09 17:14:01.713,5,-0.15,-0.26,-0.46,67.4272,-250.8526,250.3412,175,75
2026-05-09 17:14:01.735,5,-0.36,-0.25,0.0,60.7072,-250.8526,250.3412,175,75
2026-05-09 17:14:01.747,5,-0.52,-0.16,0.31,46.977199999999996,-250.8526,239.3612,175,75
2026-05-09 17:14:01.747,5,-0.52,-0.33,0.46,23.7272,-220.7126,192.81119999999999,175,75
2026-05-09 17:14:01.758,5,-0.63,-0.19,0.48,1.9472,-133.3326,128.1812,175,75
2026-05-09 17:14:01.768,5,-0.61,-0.29,0.36,-16.0228,-47.632600000000004,70.9612,175,75
2026-05-09 17:14:01.768,5,-0.47,-0.28,0.1,-30.1828,26.0774,15.001199999999999,175,75
2026-05-09 17:14:01.780,5,0.11,-0.27,-0.29,-40.2528,110.4174,-24.7088,175,75
2026-05-09 17:14:01.791,5,0.83,-0.22,-0.62,-45.2128,224.13739999999999,-37.2188,175,75
2026-05-09 17:14:01.791,5,0.92,-0.29,-0.47,-27.3428,249.4174,-32.9388,175,75
2026-05-09 17:14:01.815,5,0.77,-0.03,-0.44,-20.8628,249.4174,-34.418800000000005,175,75
2026-05-09 17:14:01.815,5,0.55,0.13,-0.21,-20.1428,249.4174,-48.6788,175,75
2026-05-09 17:14:01.825,5,1.11,0.44,0.53,-31.3728,249.4174,-77.22879999999999,175,75
2026-05-09 17:14:01.845,5,2.0,0.25,1.53,-103.0228,249.4174,-18.3388,175,75
2026-05-09 17:14:01.845,5,2.0,2.0,2.0,-210.9828,249.4174,250.3412,175,75
2026-05-09 17:14:01.862,5,0.93,1.43,2.0,-192.6028,249.4174,250.3412,175,75
2026-05-09 17:14:01.872,5,-0.17,0.41,2.0,-178.4828,249.4174,250.3412,175,75
2026-05-09 17:14:01.901,5,-1.93,-0.47,1.97,-138.6328,249.4174,220.41119999999998,175,75
2026-05-09 17:14:01.939,5,-2.0,-1.48,2.0,8.6972,-225.2426,208.0712,175,75
2026-05-09 17:14:01.954,5,-2.0,-1.16,2.0,24.5072,-250.8526,19.261200000000002,175,75
2026-05-09 17:14:01.974,5,-1.32,-0.92,1.4,52.0072,-250.8526,-55.9388,175,75
2026-05-09 17:14:01.974,5,0.0,-0.84,0.75,102.3172,-250.8526,-112.02879999999999,175,75
2026-05-09 17:14:01.984,5,0.33,-0.48,0.5,146.9672,-250.8526,-128.8188,175,75
2026-05-09 17:14:01.991,5,0.56,-0.06,0.21,172.06719999999999,-250.8526,-132.5788,175,75
2026-05-09 17:14:02.012,5,2.0,1.5,-1.4,132.50719999999998,-250.8526,-179.3788,175,75
2026-05-09 17:14:02.019,5,2.0,1.64,-2.0,68.5172,39.6274,-108.1588,175,75
2026-05-09 17:14:02.029,5,0.54,1.21,-1.36,-1.9028,68.0674,-87.5388,175,75
2026-05-09 17:14:02.088,5,-0.95,0.04,-0.53,-54.6028,-141.20260000000002,-119.0088,175,75
2026-05-09 17:14:02.101,5,0.13,0.09,0.14,-13.172799999999999,-250.8526,24.5012,175,75
2026-05-09 17:14:02.111,5,0.95,-0.39,0.57,22.4972,-243.1826,115.6512,175,75
2026-05-09 17:14:02.111,5,1.88,-1.05,1.17,39.237199999999994,-110.37259999999999,216.8212,175,75
2026-05-09 17:14:02.123,5,2.0,-0.43,1.17,55.907199999999996,124.93740000000001,250.3412,175,75
2026-05-09 17:14:02.142,5,2.0,-0.18,1.45,85.2072,249.4174,250.3412,175,75
2026-05-09 17:14:02.153,5,2.0,0.43,2.0,89.1772,249.4174,250.3412,175,75
2026-05-09 17:14:02.165,5,2.0,-0.04,2.0,65.5472,249.4174,250.3412,175,75
2026-05-09 17:14:02.165,5,-0.5,0.43,2.0,34.1472,249.4174,226.56119999999999,175,75
2026-05-09 17:14:02.190,5,-2.0,0.21,1.68,-18.4028,249.4174,5.0512,175,75
2026-05-09 17:14:02.194,5,-2.0,-0.08,1.58,-62.652800000000006,249.4174,-197.5788,175,75
2026-05-09 17:14:02.206,5,-2.0,-0.14,1.79,-90.2328,138.9774,-191.2388,175,75
2026-05-09 17:14:02.216,5,-1.4,-0.37,2.0,-78.4728,-48.4626,-35.348800000000004,175,75
2026-05-09 17:14:02.227,5,-0.57,-0.2,2.0,-59.1828,-142.6926,132.4212,175,75
2026-05-09 17:14:02.228,5,-0.54,-0.11,2.0,-53.8828,-203.4726,246.6212,175,75
2026-05-09 17:14:02.244,5,-0.66,-0.23,2.0,-71.3028,-250.8526,250.3412,175,75
2026-05-09 17:14:02.254,5,-0.22,-0.47,1.48,-92.0728,-250.8526,250.3412,175,75
2026-05-09 17:14:02.254,5,0.13,-0.63,1.15,-93.92280000000001,-250.8526,250.3412,175,75
2026-05-09 17:14:02.264,5,0.54,-0.82,0.82,-78.1228,-250.8526,250.3412,175,75
2026-05-09 17:14:02.276,5,0.92,-1.06,0.51,-48.72280000000001,-250.8526,250.3412,175,75
2026-05-09 17:14:02.292,5,1.78,-1.4,0.11,-14.172799999999999,-250.8526,250.3412,175,75
2026-05-09 17:14:02.302,5,2.0,-1.79,-0.44,22.3972,-104.1126,250.3412,175,75
2026-05-09 17:14:02.302,5,1.12,-1.28,-0.39,65.4872,61.0274,129.8612,175,75
2026-05-09 17:14:02.312,5,0.14,-0.8,-0.28,95.4772,143.57739999999998,53.3112,175,75
2026-05-09 17:14:02.312,5,-0.23,-0.49,-0.31,112.6272,171.5274,-14.3688,175,75
2026-05-09 17:14:02.325,5,-0.39,-0.11,-0.34,103.0672,173.0974,-76.0688,175,75
2026-05-09 17:14:02.336,5,-0.17,-0.73,0.5,94.3972,165.8174,-133.2388,175,75
2026-05-09 17:14:02.347,5,-0.52,0.44,-0.36,49.627199999999995,137.9074,-216.7888,175,75
2026-05-09 17:14:02.347,5,-0.51,0.43,-0.37,10.427200000000001,99.8074,-249.9288,175,75
2026-05-09 17:14:02.359,5,-0.39,0.38,-0.48,-22.2028,47.117399999999996,-249.9288,175,75
2026-05-09 17:14:02.370,5,-0.19,0.27,-0.57,-37.9528,-10.4026,-249.9288,175,75
2026-05-09 17:14:02.370,5,0.11,0.24,-0.56,-43.22280000000001,-58.5326,-249.9288,175,75
2026-05-09 17:14:02.383,5,0.38,0.24,-0.47,-47.1828,-84.76259999999999,-240.7988,175,75
2026-05-09 17:14:02.383,5,0.44,0.26,-0.35,-54.152800000000006,-95.51259999999999,-171.1588,175,75
2026-05-09 17:14:02.417,5,0.18,0.07,0.13,-71.53280000000001,-68.56259999999999,17.471200000000003,175,75
2026-05-09 17:14:02.428,5,0.3,-0.02,0.12,-57.1328,-34.2626,35.651199999999996,175,75
2026-05-09 17:14:02.440,5,0.54,-0.04,0.03,-31.122799999999998,10.7274,65.77120000000001,175,75
2026-05-09 17:14:02.452,5,1.91,0.12,0.18,-1.6827999999999999,141.10739999999998,200.4612,175,75
2026-05-09 17:14:02.452,5,2.0,0.95,1.39,-21.6328,199.2574,250.3412,175,75
2026-05-09 17:14:02.461,5,2.0,0.84,2.0,-65.9028,154.17739999999998,250.3412,175,75
2026-05-09 17:14:02.477,5,1.77,-0.07,1.93,-80.1828,248.51739999999998,250.3412,175,75
2026-05-09 17:14:02.477,5,1.28,-0.67,1.82,-50.1428,249.4174,250.3412,175,75
2026-05-09 17:14:02.489,5,-0.62,-1.33,1.82,-4.412800000000001,249.4174,250.3412,175,75
2026-05-09 17:14:02.500,5,-2.0,-1.64,2.0,17.7672,249.4174,224.7112,175,75
2026-05-09 17:14:02.510,5,-2.0,-1.83,1.94,29.8572,249.4174,89.4812,175,75
2026-05-09 17:14:02.521,5,-2.0,-2.0,1.61,66.2672,182.26739999999998,-115.9888,175,75
2026-05-09 17:14:02.536,5,-2.0,-2.0,1.45,132.53719999999998,11.577399999999999,-249.9288,175,75
2026-05-09 17:14:02.547,5,-2.0,-1.83,1.67,199.9872,-85.03259999999999,-249.9288,175,75
2026-05-09 17:14:02.547,5,-2.0,-1.08,2.0,216.8872,-91.9426,-249.9288,175,75
2026-05-09 17:14:02.567,5,-1.88,-0.43,1.79,222.7072,-130.6026,-249.9288,175,75
2026-05-09 17:14:02.567,5,-0.79,0.24,1.39,241.2272,-163.2426,-249.9288,175,75
2026-05-09 17:14:02.581,5,-0.42,0.88,1.29,242.8472,-176.0626,-249.9288,175,75
2026-05-09 17:14:02.598,5,0.02,1.11,1.24,213.7972,-163.32260000000002,-249.9288,175,75
2026-05-09 17:14:02.608,5,-0.32,1.43,1.14,174.0472,-171.9926,-249.9288,175,75
2026-05-09 17:14:02.608,5,-0.55,1.77,1.04,124.2372,-195.76260000000002,-249.9288,175,75
2026-05-09 17:14:02.628,5,-0.04,1.97,0.86,72.3472,-216.42260000000002,-249.9288,175,75
2026-05-09 17:14:02.643,5,1.61,2.0,0.57,33.087199999999996,-202.32260000000002,-249.9288,175,75
2026-05-09 17:14:02.643,5,2.0,2.0,0.54,-29.2728,-125.8026,-187.6788,175,75
2026-05-09 17:14:02.655,5,1.25,2.0,-0.03,-79.2628,-43.0726,92.0912,175,75
2026-05-09 17:14:02.667,5,0.5,1.9,-0.14,-93.2428,5.8574,239.2012,175,75
2026-05-09 17:14:02.678,5,0.18,1.58,-0.11,-92.6628,49.5374,250.3412,175,75
2026-05-09 17:14:02.678,5,0.26,0.94,0.03,-88.11280000000001,83.7574,250.3412,175,75
2026-05-09 17:14:02.688,5,0.25,0.18,0.03,-72.3228,95.1374,250.3412,175,75
2026-05-09 17:14:02.709,5,0.46,-0.1,-0.31,-39.4328,97.07740000000001,250.3412,175,75
2026-05-09 17:14:02.720,5,0.54,0.67,1.02,-14.992799999999999,107.1374,250.3412,175,75
2026-05-09 17:14:02.720,5,2.0,-0.3,0.73,44.9672,126.65740000000001,250.3412,175,75
2026-05-09 17:14:02.730,5,1.65,-0.66,2.0,36.6072,-40.3326,250.3412,175,75
2026-05-09 17:14:02.741,5,2.0,-2.0,2.0,121.8172,-217.5026,250.3412,175,75
2026-05-09 17:14:02.767,5,-1.15,-0.07,2.0,151.4672,230.6474,97.16120000000001,175,75
2026-05-09 17:14:02.778,5,-2.0,0.1,2.0,88.7572,249.4174,-249.9288,175,75
2026-05-09 17:14:02.778,5,-2.0,0.21,2.0,18.8872,249.4174,-249.9288,175,75
2026-05-09 17:14:02.789,5,-1.42,-0.87,1.84,18.6372,223.1574,-249.9288,175,75
2026-05-09 17:14:02.809,5,0.01,-0.6,2.0,84.5672,29.7174,-249.9288,175,75
2026-05-09 17:14:02.821,5,0.65,0.5,2.0,107.7072,-80.6026,-249.9288,175,75
2026-05-09 17:14:02.821,5,0.25,0.71,2.0,72.4472,-116.4726,-249.9288,175,75
2026-05-09 17:14:02.832,5,-0.08,0.71,1.77,30.9972,-138.2226,-200.86880000000002,175,75
2026-05-09 17:14:02.846,5,0.09,0.5,1.37,-15.1128,-155.0226,-121.1588,175,75
2026-05-09 17:14:02.857,5,0.39,0.27,1.09,-44.0428,-150.2826,-31.348799999999997,175,75
2026-05-09 17:14:02.867,5,0.67,0.07,0.86,-59.522800000000004,-123.2726,61.5712,175,75
2026-05-09 17:14:02.877,5,0.89,0.08,0.65,-67.7228,-101.0726,156.00119999999998,175,75
2026-05-09 17:14:02.878,5,0.84,-0.03,0.52,-69.2628,-83.42259999999999,243.8312,175,75
2026-05-09 17:14:02.905,5,0.63,-0.36,0.29,-60.2028,-132.5326,250.3412,175,75
2026-05-09 17:14:02.915,5,0.88,-0.54,0.07,-51.272800000000004,-156.0226,250.3412,175,75
2026-05-09 17:14:02.928,5,1.27,-0.73,-0.31,-50.942800000000005,-69.70259999999999,206.5412,175,75
2026-05-09 17:14:02.939,5,0.63,-0.58,-0.41,-54.122800000000005,37.3574,64.39120000000001,175,75
2026-05-09 17:14:02.939,5,-0.15,-0.4,-0.46,-58.162800000000004,107.0674,-49.458800000000004,175,75
2026-05-09 17:14:02.951,5,-0.69,-0.29,-0.51,-66.5928,113.21740000000001,-135.99880000000002,175,75
2026-05-09 17:14:02.961,5,-1.17,-0.05,-0.88,-45.1728,63.7674,-214.1388,175,75
2026-05-09 17:14:02.975,5,-1.2,-0.3,-0.6,-38.1828,-10.6526,-249.9288,175,75
2026-05-09 17:14:02.988,5,-0.9,-0.23,-0.68,-28.1128,-85.15259999999999,-249.9288,175,75
2026-05-09 17:14:02.988,5,-0.85,-0.0,-0.66,-30.6628,-166.11260000000001,-249.9288,175,75
2026-05-09 17:14:02.998,5,-0.5,0.24,-0.57,-48.3128,-216.6926,-249.9288,175,75
2026-05-09 17:14:03.011,5,-0.09,0.37,-0.39,-79.92280000000001,-221.95260000000002,-249.9288,175,75
2026-05-09 17:14:03.023,5,0.12,0.34,-0.18,-111.8328,-192.32260000000002,-249.9288,175,75
2026-05-09 17:14:03.035,5,0.11,0.27,-0.01,-134.5728,-149.89260000000002,-249.9288,175,75
2026-05-09 17:14:03.044,5,0.05,0.16,0.13,-147.3528,-104.7126,-249.9288,175,75
2026-05-09 17:14:03.057,5,0.01,0.1,0.16,-153.5728,-59.0826,-249.9288,175,75
2026-05-09 17:14:03.068,5,-0.0,0.12,0.1,-151.2828,-12.6126,-249.9288,175,75
2026-05-09 17:14:03.068,5,0.09,0.12,-0.0,-140.6228,29.657400000000003,-240.7988,175,75
2026-05-09 17:14:03.079,5,0.22,0.35,-0.07,-135.18280000000001,77.0574,-214.0388,175,75
2026-05-09 17:14:03.092,5,0.5,0.6,-0.11,-145.3428,132.7474,-197.1388,175,75
2026-05-09 17:14:03.103,5,1.09,0.65,-0.12,-156.7228,203.3374,-142.7588,175,75
2026-05-09 17:14:03.114,5,1.59,1.08,-0.04,-179.2728,249.4174,-44.808800000000005,175,75
2026-05-09 17:14:03.125,5,2.0,1.86,0.65,-249.2728,249.4174,97.39120000000001,175,75
2026-05-09 17:14:03.140,5,2.0,2.0,1.32,-249.2728,249.4174,231.3912,175,75
2026-05-09 17:14:03.151,5,2.0,2.0,2.0,-249.2728,249.4174,250.3412,175,75
2026-05-09 17:14:03.151,5,1.25,1.31,1.85,-249.2728,249.4174,250.3412,175,75
2026-05-09 17:14:03.166,5,-0.54,-0.31,2.0,-249.2728,249.4174,250.3412,175,75
2026-05-09 17:14:03.177,5,-1.94,-1.85,2.0,-249.2728,249.4174,250.3412,175,75
2026-05-09 17:14:03.188,5,-2.0,-2.0,1.35,-196.1728,249.4174,250.3412,175,75
2026-05-09 17:14:03.188,5,-2.0,-2.0,1.52,-109.89280000000001,93.8074,250.3412,175,75
2026-05-09 17:14:03.204,5,-2.0,-2.0,1.63,-29.9828,-145.9726,245.16119999999998,175,75
2026-05-09 17:14:03.213,5,-2.0,-2.0,2.0,11.6572,-250.8526,79.6712,175,75
2026-05-09 17:14:03.239,5,-2.0,-2.0,2.0,-8.572799999999999,-250.8526,-62.1488,175,75
2026-05-09 17:14:03.239,5,-1.65,-2.0,2.0,-17.6928,-250.8526,-215.96880000000002,175,75
2026-05-09 17:14:03.265,5,-0.9,-1.37,1.49,28.1672,-250.8526,-249.9288,175,75
2026-05-09 17:14:03.276,5,0.0,-0.7,1.14,84.2572,-250.8526,-249.9288,175,75
2026-05-09 17:14:03.276,5,1.08,-0.02,1.03,132.5272,-201.98260000000002,-249.9288,175,75
2026-05-09 17:14:03.289,5,1.01,0.8,1.12,150.1172,-35.3726,-249.9288,175,75
2026-05-09 17:14:03.299,5,0.81,1.51,1.17,131.8672,54.1874,-249.9288,175,75
2026-05-09 17:14:03.299,5,2.0,1.8,1.15,111.49719999999999,-50.0326,-249.9288,175,75
2026-05-09 17:14:03.314,5,2.0,1.21,1.68,87.7572,-86.1826,-249.9288,175,75
2026-05-09 17:14:03.314,5,1.2,0.88,1.77,33.157199999999996,53.8474,-224.6588,175,75
2026-05-09 17:14:03.318,5,0.65,0.23,1.48,15.8872,210.51739999999998,-110.08879999999999,175,75
2026-05-09 17:14:03.332,5,0.83,-0.26,1.32,24.3272,249.4174,69.9812,175,75
2026-05-09 17:14:03.344,5,0.39,-0.21,1.1,50.1072,249.4174,250.3412,175,75
2026-05-09 17:14:03.355,5,-0.23,0.36,1.28,59.8272,249.4174,250.3412,175,75
2026-05-09 17:14:03.367,5,-0.44,1.04,2.0,28.4972,249.4174,250.3412,175,75
2026-05-09 17:14:03.378,5,-1.14,0.74,2.0,-64.6628,63.8974,250.3412,175,75
2026-05-09 17:14:03.378,5,-1.58,-0.65,2.0,-124.8728,-192.0926,250.3412,175,75
2026-05-09 17:14:03.390,5,-0.61,-1.29,2.0,-116.1328,-250.8526,250.3412,175,75
2026-05-09 17:14:03.412,5,-0.96,-1.84,1.89,-73.0228,-250.8526,250.3412,175,75
2026-05-09 17:14:03.412,5,-1.42,-1.71,1.3,-25.9228,-250.8526,250.3412,175,75
2026-05-09 17:14:03.422,5,-1.67,-1.56,0.91,10.917200000000001,-250.8526,250.3412,175,75
2026-05-09 17:14:03.434,5,-1.25,-1.43,0.61,34.8172,-250.8526,155.5212,175,75
2026-05-09 17:14:03.446,5,-0.29,-1.35,0.23,49.3972,-250.8526,-4.5388,175,75
2026-05-09 17:14:03.458,5,1.51,-1.06,-0.38,49.8972,-235.6026,-227.7088,175,75
2026-05-09 17:14:03.458,5,2.0,-0.6,-0.71,49.8672,-15.7326,-249.9288,175,75
2026-05-09 17:14:03.483,5,1.82,-0.19,-0.98,46.727199999999996,147.3474,-249.9288,175,75
2026-05-09 17:14:03.494,5,1.78,-0.64,-0.57,54.597199999999994,239.67739999999998,-249.9288,175,75
2026-05-09 17:14:03.494,5,1.29,0.17,-1.21,72.0472,249.4174,-249.9288,175,75
2026-05-09 17:14:03.505,5,0.58,0.27,-1.1,77.4072,245.1574,-249.9288,175,75
2026-05-09 17:14:03.518,5,-0.05,0.36,-0.96,80.1772,134.32739999999998,-249.9288,175,75
2026-05-09 17:14:03.533,5,-0.66,0.51,-0.83,75.10719999999999,-11.5726,-188.5088,175,75
2026-05-09 17:14:03.533,5,-0.91,0.58,-0.63,53.947199999999995,-156.8426,-168.7888,175,75
2026-05-09 17:14:03.545,5,-0.39,0.49,-0.43,22.2672,-250.8526,-147.3488,175,75
2026-05-09 17:14:03.555,5,0.29,0.34,-0.26,-2.4428,-250.8526,-89.3988,175,75
2026-05-09 17:14:03.566,5,0.42,0.3,-0.07,-21.1628,-250.8526,-28.8788,175,75
2026-05-09 17:14:03.580,5,0.34,0.22,0.16,-34.622800000000005,-230.92260000000002,11.1312,175,75
2026-05-09 17:14:03.591,5,-0.04,0.15,0.28,-38.3828,-178.8326,8.9412,175,75
2026-05-09 17:14:03.591,5,-0.19,0.02,0.17,-38.732800000000005,-136.0526,-9.3788,175,75
2026-05-09 17:14:03.602,5,-0.17,0.01,0.17,-22.8928,-79.42259999999999,-27.968799999999998,175,75
2026-05-09 17:14:03.614,5,0.09,-0.1,0.03,2.3171999999999997,-26.342599999999997,-25.688799999999997,175,75
2026-05-09 17:14:03.627,5,0.29,0.03,-0.09,23.3672,28.047400000000003,-5.0888,175,75
2026-05-09 17:14:03.638,5,0.17,0.11,-0.13,34.017199999999995,71.07740000000001,31.8712,175,75
2026-05-09 17:14:03.655,5,0.26,0.18,-0.21,30.8172,104.79740000000001,53.4312,175,75
2026-05-09 17:14:03.655,5,0.1,0.3,-0.2,32.3772,116.7774,69.1012,175,75
2026-05-09 17:14:03.665,5,0.01,0.11,0.0,26.6372,123.57740000000001,88.80120000000001,175,75
2026-05-09 17:14:03.671,5,0.02,0.14,0.01,17.0772,121.84740000000001,100.97120000000001,175,75
2026-05-09 17:14:03.685,5,0.06,0.05,0.11,10.3972,122.9774,115.2812,175,75
2026-05-09 17:14:03.699,5,0.3,-0.07,0.26,9.3072,144.13739999999999,132.41119999999998,175,75
2026-05-09 17:14:03.699,5,0.67,0.43,0.5,8.4272,184.3174,150.8212,175,75
2026-05-09 17:14:03.710,5,0.68,0.0,0.6,-8.7128,227.6474,174.9012,175,75
2026-05-09 17:14:03.739,5,0.56,-0.12,1.76,-33.5628,52.7174,174.25119999999998,175,75
2026-05-09 17:14:03.739,5,0.58,-0.26,1.63,-36.0728,8.7974,130.25119999999998,175,75
2026-05-09 17:14:03.751,5,0.27,-0.27,1.4,-23.3528,29.5974,64.2412,175,75
2026-05-09 17:14:03.762,5,0.11,-0.25,1.33,-8.6428,63.7674,-6.5388,175,75
2026-05-09 17:14:03.775,5,0.2,-0.28,1.41,-2.0628,94.7274,-60.1088,175,75
2026-05-09 17:14:03.787,5,0.57,-0.42,1.67,-14.8728,92.9174,-52.5488,175,75
2026-05-09 17:14:03.797,5,1.2,-0.57,1.99,-50.342800000000004,76.07740000000001,29.8712,175,75
2026-05-09 17:14:03.797,5,1.31,-0.8,1.91,-74.36280000000001,94.0674,149.6112,175,75
2026-05-09 17:14:03.808,5,0.63,-0.9,1.63,-60.5028,133.1274,209.5212,175,75
2026-05-09 17:14:03.820,5,-0.17,-0.82,1.47,-35.652800000000006,161.9774,178.0412,175,75
2026-05-09 17:14:03.830,5,-0.49,-0.84,1.34,-23.2528,184.10739999999998,114.89120000000001,175,75
2026-05-09 17:14:03.842,5,-0.83,-1.04,1.22,-6.752800000000001,206.2874,56.971199999999996,175,75
2026-05-09 17:14:03.852,5,-1.07,-1.22,1.19,21.3972,211.8074,4.4312,175,75
2026-05-09 17:14:03.876,5,-1.2,-1.32,1.35,58.1072,213.6574,-72.08879999999999,175,75
2026-05-09 17:14:03.876,5,-1.52,-1.15,1.7,80.7572,193.9774,-180.0988,175,75
2026-05-09 17:14:03.891,5,-1.61,-0.94,2.0,88.8972,183.7574,-249.9288,175,75
2026-05-09 17:14:03.902,5,-1.46,-0.66,2.0,90.5072,184.1674,-249.9288,175,75
2026-05-09 17:14:03.902,5,-1.47,-0.34,2.0,101.6172,172.10739999999998,-249.9288,175,75
2026-05-09 17:14:03.922,5,-1.31,0.07,2.0,127.9472,92.2774,-249.9288,175,75
2026-05-09 17:14:03.936,5,-1.05,0.62,2.0,137.5172,-20.9226,-249.9288,175,75
2026-05-09 17:14:03.936,5,-0.9,0.86,2.0,122.8472,-106.95259999999999,-249.9288,175,75
2026-05-09 17:14:03.949,5,-0.84,0.82,1.94,102.0172,-168.7226,-249.9288,175,75
2026-05-09 17:14:03.962,5,-0.64,0.62,1.72,90.1972,-201.3426,-205.46880000000002,175,75
2026-05-09 17:14:03.972,5,-0.19,0.46,1.61,87.5272,-198.3526,-86.7588,175,75
2026-05-09 17:14:03.972,5,0.16,0.44,1.61,83.88719999999999,-170.4326,40.7112,175,75
2026-05-09 17:14:03.995,5,0.87,0.59,1.72,28.0472,-78.92259999999999,250.3412,175,75
2026-05-09 17:14:04.002,5,1.26,0.5,1.82,-7.642799999999999,-31.642599999999998,250.3412,175,75
2026-05-09 17:14:04.010,5,1.16,0.36,1.86,-40.2928,13.9174,250.3412,175,75
2026-05-09 17:14:04.029,5,0.42,-0.06,2.0,-68.7328,9.8374,250.3412,175,75
2026-05-09 17:14:04.040,5,-0.18,-0.69,2.0,-70.6528,-19.642599999999998,250.3412,175,75
2026-05-09 17:14:04.040,5,-0.57,-1.11,1.79,-48.512800000000006,-0.6626,250.3412,175,75
2026-05-09 17:14:04.051,5,-1.07,-1.16,1.45,0.4572,47.2474,250.3412,175,75
2026-05-09 17:14:04.069,5,-1.75,-1.16,1.38,47.087199999999996,92.59740000000001,131.7712,175,75
2026-05-09 17:14:04.071,5,-2.0,-1.12,1.31,77.5572,102.26740000000001,-37.1888,175,75
2026-05-09 17:14:04.083,5,-2.0,-1.09,1.36,102.5072,80.40740000000001,-190.2088,175,75
2026-05-09 17:14:04.093,5,-2.0,-1.02,1.36,131.1572,32.947399999999995,-249.9288,175,75
2026-05-09 17:14:04.128,5,-1.26,-0.24,1.26,218.8772,-112.73259999999999,-249.9288,175,75
2026-05-09 17:14:04.139,5,-0.67,0.64,1.3,249.1972,-218.9726,-249.9288,175,75
2026-05-09 17:14:04.150,5,-0.09,1.12,1.19,241.8472,-250.8526,-249.9288,175,75
2026-05-09 17:14:04.160,5,-0.06,1.32,0.93,207.81719999999999,-250.8526,-249.9288,175,75
2026-05-09 17:14:04.160,5,-0.19,1.47,0.6,157.7072,-250.8526,-249.9288,175,75
2026-05-09 17:14:04.175,5,0.5,1.31,0.09,109.46719999999999,-250.8526,-249.9288,175,75
2026-05-09 17:14:04.186,5,1.58,1.0,-0.63,106.6972,-250.8526,-247.5188,175,75
2026-05-09 17:14:04.206,5,1.51,0.81,-1.02,118.10719999999999,-250.8526,-6.4988,175,75
2026-05-09 17:14:04.206,5,0.71,0.67,-0.93,136.3972,-250.8526,173.5412,175,75
2026-05-09 17:14:04.217,5,0.07,0.14,-1.07,140.5172,-250.8526,250.3412,175,75
2026-05-09 17:14:04.228,5,0.36,-0.17,-1.15,153.8872,-250.8526,250.3412,175,75
2026-05-09 17:14:04.228,5,0.14,-0.06,-0.65,148.1172,-250.8526,250.3412,175,75
2026-05-09 17:14:04.239,5,-0.25,0.03,-0.06,111.9272,-250.8526,250.3412,175,75
2026-05-09 17:14:04.249,5,-0.5,-0.08,0.17,64.8372,-250.8526,220.4612,175,75
2026-05-09 17:14:04.254,5,-0.59,0.49,0.67,18.8072,-163.95260000000002,157.7112,175,75
2026-05-09 17:14:04.266,5,-0.59,-0.42,0.13,-8.6228,-58.662600000000005,86.4612,175,75
2026-05-09 17:14:04.277,5,-0.49,-0.44,-0.14,-33.2828,37.5074,28.7712,175,75
2026-05-09 17:14:04.289,5,-0.29,-0.4,-0.4,-54.732800000000005,138.9474,-29.6388,175,75
2026-05-09 17:14:04.289,5,-0.26,-0.3,-0.37,-75.6028,226.7574,-74.1888,175,75
2026-05-09 17:14:04.312,5,-0.21,-0.2,-0.21,-96.4628,249.4174,-103.7888,175,75
2026-05-09 17:14:04.312,5,-0.04,-0.07,-0.14,-116.8528,249.4174,-123.30879999999999,175,75
2026-05-09 17:14:04.322,5,0.05,0.03,-0.1,-135.8328,249.4174,-146.36880000000002,175,75
2026-05-09 17:14:04.333,5,0.09,0.18,-0.07,-154.3728,249.4174,-179.3488,175,75
2026-05-09 17:14:04.339,5,0.18,0.26,-0.02,-173.6428,249.4174,-205.61880000000002,175,75
2026-05-09 17:14:04.352,5,0.35,0.31,0.11,-189.8928,249.4174,-223.6088,175,75
2026-05-09 17:14:04.363,5,1.83,0.49,0.16,-205.49280000000002,249.4174,-161.0688,175,75
2026-05-09 17:14:04.389,5,1.4,0.94,0.41,-154.9228,249.4174,244.7912,175,75
2026-05-09 17:14:04.399,5,0.72,1.07,1.73,-78.9628,249.4174,250.3412,175,75
2026-05-09 17:14:04.401,5,-0.05,0.69,1.54,-85.61280000000001,249.4174,250.3412,175,75
2026-05-09 17:14:04.424,5,-0.73,0.32,1.38,-105.2028,249.4174,250.3412,175,75
2026-05-09 17:14:04.424,5,-0.76,0.22,1.67,-130.4728,249.4174,208.5912,175,75
2026-05-09 17:14:04.439,5,-1.53,-0.08,2.0,-190.9028,249.4174,184.88119999999998,175,75
2026-05-09 17:14:04.467,5,-2.0,-2.0,2.0,-183.1428,28.5574,140.38119999999998,175,75
2026-05-09 17:14:04.519,5,-2.0,-2.0,1.78,-77.7428,-162.3826,96.3712,175,75
2026-05-09 17:14:04.539,5,-2.0,-1.58,2.0,31.9572,-250.8526,-172.3588,175,75
2026-05-09 17:14:04.539,5,-2.0,-1.07,2.0,26.2572,-250.8526,-249.9288,175,75
2026-05-09 17:14:04.550,5,-1.31,-0.59,1.77,51.727199999999996,-250.8526,-249.9288,175,75
2026-05-09 17:14:04.561,5,-0.6,0.05,1.44,103.3072,-228.6026,-249.9288,175,75
2026-05-09 17:14:04.570,5,0.05,1.39,1.15,182.6872,-185.76260000000002,-249.9288,175,75
2026-05-09 17:14:04.581,5,-0.24,1.54,0.83,194.2172,-243.5926,-249.9288,175,75
2026-05-09 17:14:04.581,5,-0.7,2.0,0.39,220.9472,-250.8526,-249.9288,175,75
2026-05-09 17:14:04.593,5,2.0,2.0,-0.43,231.6572,-250.8526,-249.9288,175,75
2026-05-09 17:14:04.603,5,2.0,2.0,-0.51,157.3872,-250.8526,-173.1288,175,75
2026-05-09 17:14:04.617,5,0.43,2.0,-0.61,86.7372,-221.73260000000002,5.6112,175,75
2026-05-09 17:14:04.633,5,-0.71,0.91,-0.91,74.7772,-250.8526,35.3412,175,75
2026-05-09 17:14:04.633,5,0.16,0.09,-1.0,117.2272,-250.8526,99.0312,175,75
2026-05-09 17:14:04.645,5,1.06,-0.36,-0.63,158.5272,-250.8526,199.5712,175,75
2026-05-09 17:14:04.655,5,1.75,-0.4,-0.27,187.00719999999998,-246.1526,250.3412,175,75
2026-05-09 17:14:04.666,5,1.62,-2.0,-0.26,198.6872,-115.6326,250.3412,175,75
2026-05-09 17:14:04.673,5,2.0,-0.79,0.15,241.2272,220.4374,250.3412,175,75
2026-05-09 17:14:04.686,5,2.0,0.01,-0.27,250.9972,249.4174,250.3412,175,75
2026-05-09 17:14:04.698,5,2.0,0.26,-0.05,250.9972,249.4174,250.3412,175,75
2026-05-09 17:14:04.698,5,-2.0,-1.38,2.0,38.7972,249.4174,-249.9288,175,75
2026-05-09 17:14:04.711,5,0.11,0.37,2.0,-225.9528,249.4174,-249.9288,175,75
2026-05-09 17:14:04.711,5,-0.02,-0.43,2.0,-249.2728,249.4174,-249.9288,175,75
2026-05-09 17:14:04.732,5,-0.93,-1.24,1.88,-249.2728,249.4174,-249.9288,175,75
2026-05-09 17:14:04.745,5,-2.0,-0.54,2.0,-110.0828,-15.9326,-236.9588,175,75
2026-05-09 17:14:04.758,5,-0.56,-0.04,2.0,-42.872800000000005,-199.5326,-197.5088,175,75
2026-05-09 17:14:04.771,5,-0.2,0.12,2.0,-54.772800000000004,-250.8526,-123.49879999999999,175,75
2026-05-09 17:14:04.771,5,0.3,0.07,1.66,-84.0828,-250.8526,-90.5788,175,75
2026-05-09 17:14:04.788,5,0.3,0.06,1.29,-115.5428,-250.8526,-59.7688,175,75
2026-05-09 17:14:04.803,5,0.61,-0.03,0.63,-172.24280000000002,-158.8726,-72.63879999999999,175,75
2026-05-09 17:14:04.820,5,0.51,-0.03,0.34,-192.8928,-120.4726,-104.41879999999999,175,75
2026-05-09 17:14:04.832,5,0.55,-0.01,0.12,-206.6228,-70.5826,-150.1788,175,75
2026-05-09 17:14:04.832,5,0.51,0.05,0.04,-217.5728,-6.7226,-194.6688,175,75
2026-05-09 17:14:04.842,5,0.19,0.23,-0.04,-236.7528,53.017399999999995,-249.9288,175,75
2026-05-09 17:14:04.865,5,-0.14,0.34,-0.11,-249.2728,82.2074,-249.9288,175,75
2026-05-09 17:14:04.877,5,-0.44,0.33,-0.21,-249.2728,61.8874,-249.9288,175,75
2026-05-09 17:14:04.888,5,-0.27,0.11,-0.19,-249.1328,34.6074,-249.9288,175,75
2026-05-09 17:14:04.899,5,-0.08,-0.03,-0.21,-208.5328,15.6774,-249.9288,175,75
2026-05-09 17:14:04.910,5,-0.13,-0.08,-0.09,-167.6628,4.3774,-249.9288,175,75
2026-05-09 17:14:04.920,5,-0.37,0.05,0.29,-110.11280000000001,8.2574,-249.9288,175,75
2026-05-09 17:14:04.943,5,-0.38,0.05,0.42,-107.2428,18.1674,-249.9288,175,75
2026-05-09 17:14:04.962,5,-0.54,0.13,0.36,-114.28280000000001,15.917399999999999,-233.68880000000001,175,75
2026-05-09 17:14:04.973,5,-0.38,0.16,0.27,-123.1228,9.1774,-197.3888,175,75
2026-05-09 17:14:04.982,5,-0.13,0.18,0.18,-131.8728,14.6374,-169.6988,175,75
2026-05-09 17:14:04.982,5,0.21,0.21,0.05,-140.24280000000002,36.227399999999996,-144.36880000000002,175,75
2026-05-09 17:14:04.994,5,0.44,0.25,-0.06,-144.8628,74.07740000000001,-116.8988,175,75
2026-05-09 17:14:05.004,5,0.61,0.15,-0.19,-144.9528,125.68740000000001,-97.38879999999999,175,75
2026-05-09 17:14:05.015,5,0.62,-0.12,-0.06,-131.8828,178.7274,-87.1788,175,75
2026-05-09 17:14:05.053,5,0.39,-0.22,-0.02,-74.7428,249.4174,-131.6788,175,75
2026-05-09 17:14:05.066,5,0.48,-0.31,0.16,-49.0728,249.4174,-142.3188,175,75
2026-05-09 17:14:05.076,5,0.72,-0.56,0.51,-40.772800000000004,249.4174,-141.1588,175,75
2026-05-09 17:14:05.088,5,0.32,-0.36,0.96,-34.332800000000006,249.4174,-125.8988,175,75
2026-05-09 17:14:05.088,5,0.87,-0.47,2.0,-10.7328,116.4974,-136.9888,175,75
2026-05-09 17:14:05.100,5,1.79,-0.39,2.0,-6.412800000000001,123.7574,-130.1588,175,75
2026-05-09 17:14:05.112,5,1.47,-0.4,1.77,-6.7828,249.4174,-117.38879999999999,175,75
2026-05-09 17:14:05.123,5,0.79,-0.62,1.63,-3.0128,249.4174,-110.6588,175,75
2026-05-09 17:14:05.127,5,-0.35,-0.88,1.34,28.3072,249.4174,-117.58879999999999,175,75
2026-05-09 17:14:05.141,5,-2.0,-0.86,1.18,114.0172,249.4174,-174.8288,175,75
2026-05-09 17:14:05.168,5,-2.0,0.35,2.0,156.3272,187.5974,-234.05880000000002,175,75
2026-05-09 17:14:05.168,5,-2.0,0.74,2.0,105.7972,28.977400000000003,-249.9288,175,75
2026-05-09 17:14:05.179,5,-1.91,0.68,2.0,51.3272,-109.81259999999999,-219.05880000000002,175,75
2026-05-09 17:14:05.185,5,-0.93,0.4,2.0,23.3372,-186.8526,-102.5988,175,75
2026-05-09 17:14:05.198,5,-0.1,0.16,2.0,19.7372,-181.8026,36.4212,175,75
2026-05-09 17:14:05.205,5,0.29,0.03,2.0,31.8672,-141.89260000000002,169.25119999999998,175,75
2026-05-09 17:14:05.219,5,0.25,0.16,2.0,18.9372,-125.56259999999999,250.3412,175,75
2026-05-09 17:14:05.219,5,-0.06,0.08,2.0,-26.9128,-138.2726,250.3412,175,75
2026-05-09 17:14:05.230,5,-0.49,-0.21,1.96,-82.1828,-184.5626,250.3412,175,75
2026-05-09 17:14:05.260,5,-0.05,-0.98,1.67,-130.9028,-229.07260000000002,246.63119999999998,175,75
2026-05-09 17:14:05.260,5,0.06,-1.2,1.54,-99.9928,-169.8426,173.3912,175,75
2026-05-09 17:14:05.304,5,-0.43,-0.91,1.55,-11.002799999999999,71.1974,-176.5488,175,75
2026-05-09 17:14:05.304,5,-0.41,-0.8,1.55,4.6872,119.8074,-249.9288,175,75
2026-05-09 17:14:05.317,5,-0.35,-0.63,1.56,19.2072,149.3074,-249.9288,175,75
2026-05-09 17:14:05.330,5,-0.31,-0.45,1.61,33.7972,151.0974,-249.9288,175,75
2026-05-09 17:14:05.330,5,-0.18,-0.12,1.77,47.5072,114.87740000000001,-249.9288,175,75
2026-05-09 17:14:05.341,5,0.04,0.38,2.0,51.6472,28.8074,-249.9288,175,75
2026-05-09 17:14:05.352,5,-0.12,0.6,1.97,35.7572,-33.8126,-249.9288,175,75
2026-05-09 17:14:05.369,5,-0.39,0.64,1.76,14.3172,-66.5726,-210.3588,175,75
2026-05-09 17:14:05.380,5,-0.49,0.49,1.47,-10.0528,-96.8226,-147.93880000000001,175,75
2026-05-09 17:14:05.393,5,-0.29,0.25,1.23,-22.1628,-115.95259999999999,-68.19879999999999,175,75
2026-05-09 17:14:05.403,5,0.04,0.06,0.9,-16.782799999999998,-116.92259999999999,89.61120000000001,175,75
2026-05-09 17:14:05.413,5,0.16,0.03,0.73,-7.392799999999999,-112.1426,154.6812,175,75
2026-05-09 17:14:05.427,5,0.23,-0.03,0.54,3.2072,-108.67259999999999,204.5512,175,75
2026-05-09 17:14:05.439,5,0.28,-0.01,0.39,10.7172,-117.6426,244.6412,175,75
2026-05-09 17:14:05.476,5,0.45,-0.05,-0.4,34.847199999999994,-225.4426,179.5212,175,75
2026-05-09 17:14:05.512,5,0.11,-0.27,-0.43,54.977199999999996,-46.272600000000004,-53.418800000000005,175,75
2026-05-09 17:14:05.513,5,-0.32,-0.11,-0.45,58.227199999999996,-66.1626,-78.80879999999999,175,75
2026-05-09 17:14:05.523,5,-0.56,-0.09,-0.34,58.697199999999995,-107.53259999999999,-101.72879999999999,175,75
2026-05-09 17:14:05.533,5,-0.57,-0.13,-0.16,54.7972,-146.4726,-122.1888,175,75
2026-05-09 17:14:05.552,5,-0.18,-0.09,0.2,37.167199999999994,-153.1326,-132.5188,175,75
2026-05-09 17:14:05.579,5,0.02,-0.01,0.31,-3.8628000000000005,-72.7426,-129.7888,175,75
2026-05-09 17:14:05.584,5,0.08,-0.03,0.22,-23.5028,-24.9626,-122.91879999999999,175,75
2026-05-09 17:14:05.618,5,0.42,-0.08,-0.13,-44.2928,93.32740000000001,-80.44879999999999,175,75
2026-05-09 17:14:05.633,5,0.56,-0.04,-0.15,-40.2028,138.7574,-56.2888,175,75
2026-05-09 17:14:05.644,5,0.16,0.09,0.03,-54.372800000000005,216.6674,-63.93880000000001,175,75
2026-05-09 17:14:05.697,5,0.48,-0.11,0.33,-54.8228,249.4174,-40.628800000000005,175,75
2026-05-09 17:14:05.716,5,0.62,0.13,0.53,-60.7928,249.4174,-23.9788,175,75
2026-05-09 17:14:05.716,5,1.02,0.23,1.21,-104.8228,249.4174,-34.2688,175,75
2026-05-09 17:14:05.716,5,1.91,0.79,2.0,-138.3328,249.4174,3.0311999999999997,175,75
2026-05-09 17:14:05.728,5,2.0,0.71,2.0,-167.6028,249.4174,66.1712,175,75
2026-05-09 17:14:05.741,5,1.1,-0.18,2.0,-157.0328,249.4174,47.9112,175,75
2026-05-09 17:14:05.741,5,-0.92,-0.51,2.0,-86.67280000000001,249.4174,16.261200000000002,175,75
2026-05-09 17:14:05.752,5,-2.0,-0.82,1.61,16.2172,249.4174,-63.128800000000005,175,75
2026-05-09 17:14:05.762,5,-2.0,-0.42,1.37,118.2872,249.4174,-63.4088,175,75
2026-05-09 17:14:05.762,5,-2.0,0.08,2.0,151.1572,148.3174,-49.378800000000005,175,75
2026-05-09 17:14:05.791,5,-1.51,0.31,2.0,-22.7328,-250.8526,248.10119999999998,175,75
2026-05-09 17:14:05.791,5,-0.41,-0.28,2.0,-5.6328,-250.8526,250.3412,175,75
2026-05-09 17:14:05.802,5,0.12,-0.6,1.97,-0.05280000000000007,-250.8526,250.3412,175,75
2026-05-09 17:14:05.829,5,0.01,-0.99,1.0,25.3872,-250.8526,250.3412,175,75
2026-05-09 17:14:05.829,5,-0.5,-1.19,0.64,46.7872,-250.8526,250.3412,175,75
2026-05-09 17:14:05.859,5,-1.02,-1.21,0.45,29.1972,-250.8526,250.3412,175,75
2026-05-09 17:14:05.859,5,0.45,-2.0,-0.68,-26.2028,-250.8526,250.3412,175,75
2026-05-09 17:14:05.870,5,-0.2,-2.0,-1.42,-23.3628,-250.8526,250.3412,175,75
2026-05-09 17:14:05.882,5,-1.19,-1.48,-1.0,17.6172,-233.7226,-249.9288,175,75
2026-05-09 17:14:05.912,5,0.68,-0.68,-0.65,60.5372,-157.5226,-249.9288,175,75
2026-05-09 17:14:05.921,5,1.05,-0.29,-0.24,39.2872,-58.9626,-249.9288,175,75
2026-05-09 17:14:05.936,5,1.77,0.09,0.1,2.0072,79.5874,-243.5188,175,75
2026-05-09 17:14:05.936,5,2.0,0.2,0.51,-43.192800000000005,249.4174,-249.9288,175,75
2026-05-09 17:14:05.952,5,2.0,1.1,2.0,-91.6028,249.4174,-165.8288,175,75
2026-05-09 17:14:05.970,5,2.0,0.15,2.0,-40.8228,156.8674,250.3412,175,75
2026-05-09 17:14:05.970,5,1.69,-0.59,1.96,12.1472,249.4174,250.3412,175,75
2026-05-09 17:14:05.997,5,-2.0,-0.12,1.55,110.7872,249.4174,250.3412,175,75
2026-05-09 17:14:06.007,5,-2.0,-0.05,2.0,65.9172,75.9774,250.3412,175,75
2026-05-09 17:14:06.024,5,-2.0,-0.41,2.0,25.5872,-80.37259999999999,128.5812,175,75
2026-05-09 17:14:06.040,5,-1.35,-0.76,2.0,32.5972,-161.4126,45.471199999999996,175,75
2026-05-09 17:14:06.064,5,-0.7,-0.74,1.85,78.07719999999999,-229.5226,20.4812,175,75
2026-05-09 17:14:06.064,5,-0.07,-0.34,1.63,112.88719999999999,-250.8526,-2.9188,175,75
2026-05-09 17:14:06.073,5,0.22,-0.07,1.31,132.0772,-250.8526,-12.5088,175,75
2026-05-09 17:14:06.085,5,0.69,0.21,1.09,143.3972,-250.8526,-34.0088,175,75
2026-05-09 17:14:06.096,5,1.01,0.44,0.52,145.9772,-202.3426,-23.7688,175,75
2026-05-09 17:14:06.107,5,1.23,0.46,0.23,138.4672,-157.79260000000002,0.9412,175,75
2026-05-09 17:14:06.128,5,0.72,0.01,0.32,134.0472,19.6874,247.44119999999998,175,75
2026-05-09 17:14:06.139,5,-0.01,0.35,-0.35,105.1472,12.7574,237.7112,175,75
2026-05-09 17:14:06.151,5,-0.32,0.01,-0.22,83.3672,-68.2726,250.3412,175,75
2026-05-09 17:14:06.165,5,-0.38,0.06,-0.08,78.3172,-108.31259999999999,250.3412,175,75
2026-05-09 17:14:06.176,5,-0.37,0.03,0.13,65.1272,-126.37259999999999,240.8912,175,75
2026-05-09 17:14:06.190,5,-0.34,-0.02,0.32,58.7872,-111.6926,208.8412,175,75
2026-05-09 17:14:06.200,5,-0.34,-0.05,0.29,54.487199999999994,-82.56259999999999,164.5912,175,75
2026-05-09 17:14:06.213,5,-0.41,-0.14,0.34,46.4672,-47.1226,100.5412,175,75
2026-05-09 17:14:06.223,5,-0.4,-0.01,0.28,55.727199999999996,-19.3726,57.4612,175,75
2026-05-09 17:14:06.223,5,-0.31,-0.14,0.18,71.4772,1.9874,31.8412,175,75
2026-05-09 17:14:06.239,5,-0.13,-0.06,0.13,84.4872,22.6674,18.8212,175,75
2026-05-09 17:14:06.249,5,0.05,0.05,0.12,89.9872,44.767399999999995,19.3212,175,75
2026-05-09 17:14:06.268,5,0.55,0.22,0.06,82.1472,121.5574,49.6612,175,75
2026-05-09 17:14:06.281,5,0.62,0.22,0.02,74.1772,166.42739999999998,80.8712,175,75
2026-05-09 17:14:06.292,5,0.62,0.32,-0.03,57.307199999999995,240.01739999999998,168.44119999999998,175,75
2026-05-09 17:14:06.303,5,0.34,0.28,-0.05,50.767199999999995,249.4174,208.6412,175,75
2026-05-09 17:14:06.320,5,0.12,0.23,-0.02,48.3272,249.4174,225.5112,175,75
2026-05-09 17:14:06.334,5,0.12,0.17,0.11,49.407199999999996,238.60739999999998,238.00119999999998,175,75
2026-05-09 17:14:06.334,5,0.28,0.28,0.46,43.6372,194.1874,250.3412,175,75
2026-05-09 17:14:06.353,5,0.27,0.44,0.79,28.5572,110.3874,250.3412,175,75
2026-05-09 17:14:06.353,5,0.25,0.35,1.02,13.247200000000001,33.1074,250.3412,175,75
2026-05-09 17:14:06.365,5,0.27,0.14,1.06,4.9772,-11.6126,250.3412,175,75
2026-05-09 17:14:06.380,5,0.31,-0.1,0.99,7.247199999999999,-24.092599999999997,250.3412,175,75
2026-05-09 17:14:06.380,5,0.45,-0.29,0.95,19.5572,-5.0126,250.3412,175,75
2026-05-09 17:14:06.409,5,0.71,-0.37,1.03,37.557199999999995,54.6074,250.3412,175,75
2026-05-09 17:14:06.409,5,0.91,-0.47,1.15,53.9372,151.3474,250.3412,175,75
2026-05-09 17:14:06.430,5,0.04,-0.52,2.0,42.807199999999995,240.51739999999998,208.13119999999998,175,75
2026-05-09 17:14:06.430,5,-0.2,-0.56,2.0,21.787200000000002,201.8174,69.97120000000001,175,75
2026-05-09 17:14:06.451,5,-0.59,-0.34,2.0,1.3272,249.4174,-190.14880000000002,175,75
2026-05-09 17:14:06.487,5,-0.71,-0.2,1.91,-5.412800000000001,146.6174,-216.6088,175,75
2026-05-09 17:14:06.522,5,-0.41,-0.08,1.95,-9.822799999999999,77.1374,-143.3888,175,75
2026-05-09 17:14:06.522,5,-0.23,-0.07,1.91,-20.0828,56.337399999999995,-55.028800000000004,175,75
2026-05-09 17:14:06.532,5,-0.31,-0.2,1.79,-19.4728,57.867399999999996,25.2312,175,75
2026-05-09 17:14:06.543,5,-0.52,-0.16,1.81,-7.502799999999999,51.3874,78.3812,175,75
2026-05-09 17:14:06.543,5,-0.69,-0.0,2.0,-3.5828,24.887400000000003,90.3412,175,75
2026-05-09 17:14:06.553,5,-0.68,0.1,2.0,-13.912799999999999,-9.1826,52.5712,175,75
2026-05-09 17:14:06.565,5,-0.74,0.06,2.0,-19.3528,-37.5626,-3.7588000000000004,175,75
2026-05-09 17:14:06.565,5,-0.45,-0.04,2.0,-21.0628,-44.6726,-57.3688,175,75
2026-05-09 17:14:06.576,5,-0.41,-0.08,2.0,-16.0228,-53.8226,-65.8188,175,75
2026-05-09 17:14:06.576,5,-0.27,-0.14,2.0,-13.2928,-57.412600000000005,-44.0488,175,75
2026-05-09 17:14:06.587,5,-0.2,-0.27,1.98,-13.502799999999999,-50.7626,-11.9888,175,75
2026-05-09 17:14:06.597,5,-0.21,-0.27,2.0,-14.8128,-46.5026,21.581200000000003,175,75
2026-05-09 17:14:06.611,5,-0.32,-0.38,2.0,-19.5028,-52.1426,40.8012,175,75
2026-05-09 17:14:06.633,5,-0.46,-0.61,1.94,-8.3528,-68.8826,8.161200000000001,175,75
2026-05-09 17:14:06.648,5,-0.53,-0.57,1.91,-0.5127999999999999,-69.0826,-42.9988,175,75
2026-05-09 17:14:06.648,5,-0.49,-0.57,1.81,4.7072,-66.26259999999999,-103.9288,175,75
2026-05-09 17:14:06.659,5,-0.47,-0.53,1.64,15.3472,-68.40259999999999,-157.1688,175,75
2026-05-09 17:14:06.670,5,-0.46,-0.42,1.51,27.9072,-76.95259999999999,-200.0388,175,75
2026-05-09 17:14:06.681,5,-0.43,-0.27,1.41,39.6472,-89.7426,-237.7088,175,75
2026-05-09 17:14:06.681,5,-0.37,-0.06,1.28,47.767199999999995,-104.6926,-249.9288,175,75
2026-05-09 17:14:06.699,5,-0.33,0.18,1.13,49.4672,-119.7926,-249.9288,175,75
2026-05-09 17:14:06.715,5,-0.31,0.38,0.99,44.1072,-134.2426,-249.9288,175,75
2026-05-09 17:14:06.727,5,-0.29,0.59,0.86,28.9472,-148.7526,-249.9288,175,75
2026-05-09 17:14:06.738,5,-0.3,0.81,0.75,1.5072,-165.5926,-249.9288,175,75
2026-05-09 17:14:06.749,5,-0.35,0.89,0.59,-27.6028,-194.73260000000002,-249.9288,175,75
2026-05-09 17:14:06.749,5,-0.36,1.0,0.42,-56.842800000000004,-233.1326,-249.9288,175,75
2026-05-09 17:14:06.752,5,0.01,1.01,0.18,-80.8328,-250.8526,-249.9288,175,75
2026-05-09 17:14:06.770,5,1.11,1.03,-0.17,-83.06280000000001,-250.8526,-249.9288,175,75
2026-05-09 17:14:06.783,5,1.35,0.96,-0.41,-79.4628,-245.11260000000001,-144.2888,175,75
2026-05-09 17:14:06.783,5,0.6,0.84,-0.21,-77.28280000000001,-225.3126,-7.6888000000000005,175,75
2026-05-09 17:14:06.796,5,-0.1,0.74,-0.14,-78.1528,-227.6626,58.0612,175,75
2026-05-09 17:14:06.798,5,-0.47,0.39,-0.11,-74.17280000000001,-248.86260000000001,87.4312,175,75
2026-05-09 17:14:06.822,5,-0.67,0.12,-0.1,-58.4628,-250.8526,91.75120000000001,175,75
2026-05-09 17:14:06.833,5,-0.48,-0.04,-0.19,-32.412800000000004,-250.8526,91.2912,175,75
2026-05-09 17:14:06.833,5,-0.22,-0.17,-0.33,7.687200000000001,-250.8526,100.8512,175,75
2026-05-09 17:14:06.845,5,-0.04,-0.13,-0.37,50.0772,-221.1526,110.8712,175,75
2026-05-09 17:14:06.858,5,0.24,-0.09,-0.51,87.74719999999999,-165.4426,118.58120000000001,175,75
2026-05-09 17:14:06.873,5,0.12,0.0,-0.28,123.3672,-58.4326,119.66120000000001,175,75
2026-05-09 17:14:06.888,5,0.16,-0.01,-0.21,116.9572,-7.5226,124.0612,175,75
2026-05-09 17:14:06.905,5,0.19,-0.02,-0.14,100.1772,42.977399999999996,126.7812,175,75
2026-05-09 17:14:06.905,5,0.19,-0.04,-0.12,82.3972,95.65740000000001,135.3412,175,75
2026-05-09 17:14:06.922,5,0.06,0.02,-0.0,57.097199999999994,142.2574,131.9012,175,75
2026-05-09 17:14:06.933,5,-0.01,0.05,0.08,23.5572,185.5374,108.4312,175,75
2026-05-09 17:14:06.975,5,0.18,-0.02,0.08,-31.4228,249.4174,55.471199999999996,175,75
2026-05-09 17:14:06.975,5,0.27,0.01,0.08,-43.7828,249.4174,45.331199999999995,175,75
2026-05-09 17:14:06.993,5,0.42,-0.19,0.17,-43.272800000000004,249.4174,46.7012,175,75
2026-05-09 17:14:07.005,5,0.7,-0.24,0.41,-31.0528,249.4174,55.3912,175,75
2026-05-09 17:14:07.016,5,1.18,-0.1,0.54,-55.8228,249.4174,79.6712,175,75
2026-05-09 17:14:07.016,5,2.0,0.3,2.0,-86.3828,249.4174,195.2612,175,75
2026-05-09 17:14:07.028,5,1.2,-0.26,2.0,-120.4328,146.01739999999998,247.7412,175,75
2026-05-09 17:14:07.032,5,0.69,-0.15,2.0,-121.9528,249.4174,153.2112,175,75
2026-05-09 17:14:07.044,5,-0.85,-0.36,2.0,-117.5928,249.4174,-0.5388,175,75
2026-05-09 17:14:07.057,5,-2.0,-1.06,2.0,-108.8228,249.4174,-249.9288,175,75
2026-05-09 17:14:07.065,5,-2.0,-1.23,2.0,-92.61280000000001,249.4174,-249.9288,175,75
2026-05-09 17:14:07.076,5,-2.0,-1.26,2.0,-49.762800000000006,138.9174,-249.9288,175,75
2026-05-09 17:14:07.076,5,-2.0,-1.04,2.0,0.7172,2.1673999999999998,-249.9288,175,75
2026-05-09 17:14:07.096,5,-2.0,-0.62,2.0,30.2272,-85.2726,-249.9288,175,75
2026-05-09 17:14:07.106,5,-2.0,-0.24,2.0,54.977199999999996,-167.7126,-249.9288,175,75
2026-05-09 17:14:07.107,5,-1.67,0.17,1.99,78.6972,-250.8526,-249.9288,175,75
2026-05-09 17:14:07.128,5,-0.97,0.61,1.57,92.46719999999999,-250.8526,-249.9288,175,75
2026-05-09 17:14:07.129,5,-0.61,1.0,1.28,92.74719999999999,-250.8526,-249.9288,175,75
2026-05-09 17:14:07.141,5,-0.32,1.2,0.99,75.0072,-250.8526,-249.9288,175,75
2026-05-09 17:14:07.164,5,0.49,1.84,-0.01,6.267200000000001,-250.8526,-249.9288,175,75
2026-05-09 17:14:07.164,5,2.0,1.3,-1.26,9.427200000000001,-250.8526,-221.58880000000002,175,75
2026-05-09 17:14:07.179,5,2.0,2.0,-0.96,-21.0828,-250.8526,12.3812,175,75
2026-05-09 17:14:07.190,5,0.7,1.08,-0.33,-57.47280000000001,-196.5026,76.44120000000001,175,75
2026-05-09 17:14:07.201,5,-0.3,0.51,-0.58,-74.8228,-202.2526,44.6012,175,75
2026-05-09 17:14:07.201,5,-0.1,-0.06,-0.66,-68.0528,-223.20260000000002,7.7412,175,75
2026-05-09 17:14:07.213,5,0.57,-0.26,-0.53,-35.232800000000005,-201.95260000000002,16.171200000000002,175,75
2026-05-09 17:14:07.237,5,1.14,-0.16,-0.2,-12.1328,-111.7526,21.1412,175,75
2026-05-09 17:14:07.237,5,1.76,-0.19,0.25,-4.2728,21.017400000000002,43.621199999999995,175,75
2026-05-09 17:14:07.256,5,2.0,-0.41,1.12,-8.1828,249.4174,116.0312,175,75
2026-05-09 17:14:07.270,5,2.0,0.21,2.0,-52.9328,249.4174,204.5912,175,75
2026-05-09 17:14:07.282,5,1.44,-0.04,2.0,-93.6928,249.4174,116.6512,175,75
2026-05-09 17:14:07.293,5,-0.99,-0.05,2.0,-118.6328,249.4174,-83.1588,175,75
2026-05-09 17:14:07.293,5,-2.0,-0.37,1.55,-123.6928,249.4174,-249.9288,175,75
2026-05-09 17:14:07.304,5,-2.0,-0.57,1.43,-85.6028,249.4174,-249.9288,175,75
2026-05-09 17:14:07.314,5,-1.96,-0.16,2.0,-28.9128,84.9474,-249.9288,175,75
2026-05-09 17:14:07.322,5,-0.88,0.75,2.0,-21.6528,-123.67259999999999,-249.9288,175,75
2026-05-09 17:14:07.340,5,-0.66,0.73,2.0,-37.2428,-205.3526,-249.9288,175,75
2026-05-09 17:14:07.346,5,-0.23,0.71,2.0,-36.842800000000004,-202.9726,-249.9288,175,75
2026-05-09 17:14:07.369,5,0.15,0.44,1.83,-1.1928,-214.29260000000002,-207.39880000000002,175,75
2026-05-09 17:14:07.380,5,0.48,0.59,1.63,8.8472,-231.64260000000002,-103.1788,175,75
2026-05-09 17:14:07.390,5,0.58,0.64,1.45,-7.312799999999999,-213.7426,-37.8688,175,75
2026-05-09 17:14:07.390,5,0.75,0.63,1.25,-37.982800000000005,-181.92260000000002,19.721200000000003,175,75
2026-05-09 17:14:07.404,5,1.03,0.46,0.98,-66.4728,-136.7426,66.19120000000001,175,75
2026-05-09 17:14:07.404,5,1.11,0.25,0.69,-79.3428,-88.6626,121.5612,175,75
2026-05-09 17:14:07.415,5,1.07,-0.01,0.41,-73.6628,-56.982600000000005,168.7412,175,75
2026-05-09 17:14:07.425,5,0.93,-0.2,0.2,-54.0628,-34.9626,202.7012,175,75
2026-05-09 17:14:07.431,5,1.1,-0.37,-0.06,-28.8828,-15.3926,205.35119999999998,175,75
2026-05-09 17:14:07.450,5,1.18,-0.51,-0.23,-7.922799999999999,40.0374,168.13119999999998,175,75
2026-05-09 17:14:07.466,5,0.62,-0.51,-0.19,1.9172,81.6674,112.7812,175,75
2026-05-09 17:14:07.466,5,0.17,-0.55,-0.11,0.017199999999999993,99.68740000000001,66.27120000000001,175,75
2026-05-09 17:14:07.477,5,-0.15,-0.41,-0.04,-2.5928,99.3074,24.7012,175,75
2026-05-09 17:14:07.481,5,-0.4,-0.43,-0.08,-4.402799999999999,85.5074,-15.0588,175,75
2026-05-09 17:14:07.497,5,-0.49,-0.51,-0.18,-4.5328,57.7074,-62.058800000000005,175,75
2026-05-09 17:14:07.502,5,-0.39,-0.6,-0.33,-2.3028,32.8874,-99.6288,175,75
2026-05-09 17:14:07.519,5,-0.09,-0.69,-0.53,-0.8628,22.947400000000002,-133.5488,175,75
2026-05-09 17:14:07.531,5,0.15,-1.02,-0.46,15.0172,33.697399999999995,-168.4788,175,75
2026-05-09 17:14:07.531,5,-0.17,-0.76,-0.8,12.747200000000001,30.2174,-192.96880000000002,175,75
2026-05-09 17:14:07.543,5,-0.68,-0.71,-0.72,14.427200000000001,-6.3726,-214.5088,175,75
2026-05-09 17:14:07.551,5,-1.02,-0.47,-0.44,4.1272,-64.4426,-249.9288,175,75
2026-05-09 17:14:07.563,5,-1.02,-0.22,-0.04,-31.3728,-113.40259999999999,-249.9288,175,75
2026-05-09 17:14:07.586,5,0.03,0.12,0.64,-140.5228,-50.772600000000004,-249.9288,175,75
2026-05-09 17:14:07.597,5,0.35,0.27,0.69,-204.7328,42.9874,-249.9288,175,75
2026-05-09 17:14:07.599,5,0.45,0.43,0.65,-249.2728,119.8374,-249.9288,175,75
2026-05-09 17:14:07.630,5,1.6,2.0,2.0,-249.2728,249.4174,-249.9288,175,75
2026-05-09 17:14:07.630,5,2.0,2.0,2.0,-249.2728,-33.2126,-249.9288,175,75
2026-05-09 17:14:07.666,5,2.0,-1.39,1.43,-249.2728,249.4174,-124.8188,175,75
2026-05-09 17:14:07.680,5,2.0,-2.0,0.33,-249.2728,249.4174,122.7612,175,75
2026-05-09 17:14:07.692,5,-2.0,-0.86,0.85,85.24719999999999,249.4174,250.3412,175,75
2026-05-09 17:14:07.703,5,-2.0,-0.42,2.0,103.9172,6.5874,250.3412,175,75
2026-05-09 17:14:07.703,5,-2.0,-0.57,2.0,54.3172,-163.5626,41.121199999999995,175,75
2026-05-09 17:14:07.715,5,-1.82,-0.79,2.0,20.377200000000002,-179.0526,-187.6588,175,75
2026-05-09 17:14:07.728,5,-1.27,-0.81,1.91,30.7772,-153.1526,-249.9288,175,75
2026-05-09 17:14:07.753,5,-0.28,-0.13,1.0,119.9472,-176.11260000000001,-249.9288,175,75
2026-05-09 17:14:07.764,5,0.68,0.61,0.93,152.9172,-103.8226,-249.9288,175,75
2026-05-09 17:14:07.780,5,0.6,0.73,0.76,143.0572,-85.20259999999999,-249.9288,175,75
2026-05-09 17:14:07.780,5,0.45,0.72,0.59,124.2372,-76.4426,-249.9288,175,75
2026-05-09 17:14:07.805,5,0.69,0.76,0.2,65.46719999999999,-19.5626,-185.2088,175,75
2026-05-09 17:14:07.821,5,-0.29,0.66,0.05,9.8472,-56.2926,-20.938799999999997,175,75
2026-05-09 17:14:07.831,5,-0.73,0.6,-0.02,-8.6328,-116.0726,3.6912,175,75
2026-05-09 17:14:07.864,5,1.28,0.18,-0.44,43.2872,-77.76259999999999,137.6412,175,75
2026-05-09 17:14:07.873,5,1.15,0.08,-0.34,79.3672,39.5774,169.3712,175,75
2026-05-09 17:14:07.899,5,0.6,-0.15,0.06,128.2872,178.13739999999999,234.9012,175,75
2026-05-09 17:14:07.899,5,1.07,-0.26,0.1,133.6672,238.4174,250.3412,175,75
2026-05-09 17:14:07.927,5,2.0,-0.13,0.93,175.3672,249.4174,250.3412,175,75
2026-05-09 17:14:07.935,5,1.26,-0.27,2.0,99.4872,249.4174,250.3412,175,75
2026-05-09 17:14:07.951,5,-1.58,0.05,2.0,-17.622799999999998,249.4174,-42.8988,175,75
2026-05-09 17:14:07.973,5,-2.0,-0.71,1.29,-0.6328,249.4174,-249.9288,175,75
2026-05-09 17:14:07.986,5,-2.0,-0.77,1.12,71.18719999999999,85.01740000000001,-249.9288,175,75
2026-05-09 17:14:07.993,5,-1.54,0.44,2.0,130.6972,-170.1926,-249.9288,175,75
2026-05-09 17:14:08.004,5,-0.59,1.28,2.0,101.10719999999999,-250.8526,-227.80880000000002,175,75
2026-05-09 17:14:08.019,5,0.07,1.02,2.0,64.5172,-250.8526,-169.99880000000002,175,75
2026-05-09 17:14:08.044,5,0.44,0.75,1.66,59.7072,-250.8526,-102.5088,175,75
2026-05-09 17:14:08.044,5,0.97,0.38,1.2,59.907199999999996,-250.8526,1.8312000000000002,175,75
2026-05-09 17:14:08.071,5,1.09,0.35,0.99,49.7872,-250.8526,102.4612,175,75
2026-05-09 17:14:08.084,5,1.17,0.29,0.81,29.7972,-201.76260000000002,201.8712,175,75
2026-05-09 17:14:08.095,5,1.2,0.15,0.48,17.7972,-128.5626,250.3412,175,75
2026-05-09 17:14:08.095,5,1.15,0.02,0.18,16.1272,-65.4926,250.3412,175,75
2026-05-09 17:14:08.106,5,1.23,-0.08,-0.05,21.877200000000002,-19.2826,250.3412,175,75
2026-05-09 17:14:08.106,5,1.09,0.38,0.01,16.8172,-0.17259999999999998,250.3412,175,75
2026-05-09 17:14:08.116,5,1.26,-0.23,-0.25,2.7172,27.8974,250.3412,175,75
2026-05-09 17:14:08.116,5,0.54,-0.38,-0.1,-26.9128,44.9974,250.3412,175,75
2026-05-09 17:14:08.128,5,-0.02,-0.44,-0.01,-49.2428,56.367399999999996,250.3412,175,75
2026-05-09 17:14:08.138,5,-0.55,-0.45,-0.08,-55.1828,58.837399999999995,190.66119999999998,175,75
2026-05-09 17:14:08.149,5,-0.97,-0.47,-0.12,-52.22280000000001,38.9274,108.58120000000001,175,75
2026-05-09 17:14:08.162,5,-1.13,-0.52,-0.19,-44.1828,-6.8826,31.2112,175,75
2026-05-09 17:14:08.200,5,-1.08,-0.58,-0.27,-29.1128,-60.1426,-44.5088,175,75
2026-05-09 17:14:08.211,5,0.1,0.08,-0.33,-41.912800000000004,-87.90259999999999,-211.5688,175,75
2026-05-09 17:14:08.224,5,0.05,0.23,-0.28,-69.4928,-61.7526,-249.9288,175,75
2026-05-09 17:14:08.236,5,-0.01,0.27,-0.12,-107.0428,-31.522599999999997,-249.9288,175,75
2026-05-09 17:14:08.236,5,0.07,0.24,-0.04,-109.89280000000001,-12.6926,-249.9288,175,75
2026-05-09 17:14:08.259,5,0.56,0.26,0.13,-88.9828,54.4374,-249.9288,175,75
2026-05-09 17:14:08.259,5,0.89,0.48,0.18,-85.81280000000001,111.0574,-249.9288,175,75
2026-05-09 17:14:08.289,5,2.0,2.0,1.63,-212.1628,249.4174,250.3412,175,75
2026-05-09 17:14:08.299,5,1.04,2.0,2.0,-249.2728,249.4174,250.3412,175,75
2026-05-09 17:14:08.311,5,1.32,0.14,2.0,-249.2728,249.4174,250.3412,175,75
2026-05-09 17:14:08.347,5,-2.0,-1.25,1.85,-189.4128,99.0074,250.3412,175,75
2026-05-09 17:14:08.363,5,-2.0,-1.84,1.53,-88.9828,-250.8526,250.3412,175,75
2026-05-09 17:14:08.375,5,-2.0,-1.94,1.65,-62.3528,-250.8526,250.3412,175,75
2026-05-09 17:14:08.387,5,-1.74,-1.99,2.0,-65.92280000000001,-250.8526,106.3712,175,75
2026-05-09 17:14:08.398,5,-0.56,-2.0,2.0,-108.3528,-250.8526,-41.558800000000005,175,75
2026-05-09 17:14:08.410,5,0.95,-2.0,1.88,-101.0828,-250.8526,-249.9288,175,75
2026-05-09 17:14:08.421,5,1.04,-1.46,0.83,16.1672,91.7874,-249.9288,175,75
2026-05-09 17:14:08.431,5,0.77,-1.04,0.79,109.0172,145.88739999999999,-249.9288,175,75
2026-05-09 17:14:08.443,5,0.62,-0.57,0.97,172.2172,140.48739999999998,-249.9288,175,75
2026-05-09 17:14:08.453,5,1.11,-0.21,1.55,178.8372,115.12740000000001,-249.9288,175,75
2026-05-09 17:14:08.464,5,1.45,0.09,2.0,136.9272,95.1074,-249.9288,175,75
2026-05-09 17:14:08.475,5,1.16,0.12,2.0,97.9272,101.2874,-145.2088,175,75
2026-05-09 17:14:08.493,5,0.5,-0.04,1.77,86.2072,107.73740000000001,-37.5788,175,75
2026-05-09 17:14:08.494,5,-0.0,-0.04,1.59,81.6972,81.9474,37.3912,175,75
2026-05-09 17:14:08.509,5,-0.31,-0.0,1.52,67.1772,36.227399999999996,74.3212,175,75
2026-05-09 17:14:08.509,5,-0.36,0.02,1.49,43.977199999999996,-15.4826,73.0912,175,75
2026-05-09 17:14:08.523,5,-0.2,-0.08,1.38,24.6072,-62.1426,51.261199999999995,175,75
2026-05-09 17:14:08.535,5,0.04,-0.18,1.2,20.3972,-91.8326,24.3912,175,75
2026-05-09 17:14:08.560,5,0.36,-0.03,0.86,36.667199999999994,-80.40259999999999,-51.2988,175,75
2026-05-09 17:14:08.585,5,0.33,0.24,0.61,35.6172,-28.6026,-127.3688,175,75
2026-05-09 17:14:08.585,5,0.26,0.32,0.44,30.5272,-21.1226,-149.24880000000002,175,75
2026-05-09 17:14:08.597,5,0.3,0.27,0.19,29.6572,-37.8926,-142.1088,175,75
2026-05-09 17:14:08.613,5,0.36,0.35,0.03,35.267199999999995,-66.17259999999999,-103.52879999999999,175,75
2026-05-09 17:14:08.613,5,0.92,0.52,-0.26,37.977199999999996,-91.1326,-37.9388,175,75
2026-05-09 17:14:08.623,5,1.01,0.64,-0.42,33.4672,-83.8026,44.5312,175,75
2026-05-09 17:14:08.646,5,-0.12,0.52,-0.4,16.6872,-86.1426,95.2812,175,75
2026-05-09 17:14:08.659,5,-0.39,0.29,-0.43,11.087200000000001,-124.0426,78.7412,175,75
2026-05-09 17:14:08.670,5,-0.24,-0.07,-0.34,38.2972,-205.6626,82.8512,175,75
2026-05-09 17:14:08.682,5,-0.05,-0.09,-0.15,55.4972,-211.3426,94.0112,175,75
2026-05-09 17:14:08.700,5,0.02,-0.08,0.01,72.96719999999999,-191.0526,108.0712,175,75
2026-05-09 17:14:08.711,5,0.09,-0.16,0.12,80.24719999999999,-161.3126,120.2412,175,75
2026-05-09 17:14:08.711,5,0.1,-0.24,0.07,84.60719999999999,-126.40259999999999,138.44119999999998,175,75
2026-05-09 17:14:08.728,5,0.11,-0.23,0.07,85.9272,-85.1626,159.4612,175,75
2026-05-09 17:14:08.740,5,0.04,-0.1,0.13,81.5172,-47.7126,170.4812,175,75
2026-05-09 17:14:08.740,5,0.02,-0.09,0.06,75.8472,-13.3126,172.13119999999998,175,75
2026-05-09 17:14:08.765,5,0.0,-0.06,-0.07,57.517199999999995,39.297399999999996,161.8012,175,75
2026-05-09 17:14:08.776,5,0.02,-0.07,-0.07,46.3572,61.9574,149.7412,175,75
2026-05-09 17:14:08.802,5,-0.01,-0.04,-0.03,30.8072,99.6474,119.3712,175,75
2026-05-09 17:14:08.802,5,0.03,-0.04,0.01,20.537200000000002,117.62740000000001,102.64120000000001,175,75
2026-05-09 17:14:08.821,5,0.03,-0.03,0.05,12.497200000000001,136.0974,84.2612,175,75
2026-05-09 17:14:08.821,5,-0.02,-0.01,0.06,7.3072,149.60739999999998,63.5912,175,75
2026-05-09 17:14:08.832,5,-0.04,-0.04,0.04,6.9472000000000005,154.29739999999998,41.471199999999996,175,75
2026-05-09 17:14:08.843,5,0.0,-0.06,0.05,11.6272,153.54739999999998,23.7712,175,75
2026-05-09 17:14:08.853,5,0.14,-0.05,0.11,20.2772,153.5374,12.2312,175,75
2026-05-09 17:14:08.875,5,-0.09,-0.02,0.49,29.3072,78.1774,8.3912,175,75
2026-05-09 17:14:08.875,5,0.8,-0.14,1.34,23.5772,-198.36260000000001,48.5512,175,75
2026-05-09 17:14:08.900,5,2.0,-0.04,1.05,18.4172,-216.76260000000002,70.0612,175,75
2026-05-09 17:14:08.911,5,2.0,-0.43,1.45,20.0872,249.4174,60.8112,175,75
2026-05-09 17:14:08.920,5,1.9,-0.44,1.51,40.6372,249.4174,109.3512,175,75
2026-05-09 17:14:08.960,5,-2.0,0.5,2.0,-32.8928,249.4174,99.97120000000001,175,75
2026-05-09 17:14:08.978,5,-2.0,0.1,2.0,-104.89280000000001,203.17739999999998,-181.6688,175,75
2026-05-09 17:14:08.993,5,-2.0,-0.11,2.0,-125.4328,31.6574,-121.7088,175,75
2026-05-09 17:14:09.004,5,-1.67,0.26,2.0,-98.6028,-250.8526,250.3412,175,75
2026-05-09 17:14:09.023,5,-1.14,0.18,2.0,-56.982800000000005,-250.8526,250.3412,175,75
2026-05-09 17:14:09.023,5,-0.82,-0.06,2.0,-70.00280000000001,-250.8526,250.3412,175,75
2026-05-09 17:14:09.041,5,-0.62,-0.37,2.0,-88.9628,-250.8526,250.3412,175,75
2026-05-09 17:14:09.041,5,-0.48,-0.57,1.95,-84.9728,-250.8526,250.3412,175,75
2026-05-09 17:14:09.055,5,-0.24,-0.64,1.69,-67.1828,-250.8526,250.3412,175,75
2026-05-09 17:14:09.070,5,-0.01,-0.84,1.45,-43.3228,-250.8526,250.3412,175,75
2026-05-09 17:14:09.080,5,0.13,-0.92,1.27,-9.252799999999999,-250.8526,250.3412,175,75
2026-05-09 17:14:09.091,5,0.12,-0.83,1.21,25.3472,-250.8526,250.3412,175,75
2026-05-09 17:14:09.091,5,-0.04,-0.7,1.17,51.1772,-201.4426,250.3412,175,75
2026-05-09 17:14:09.102,5,-0.23,-0.66,1.12,71.1172,-150.76260000000002,250.3412,175,75
2026-05-09 17:14:09.115,5,-0.42,-0.65,1.0,92.1172,-109.76259999999999,250.3412,175,75
2026-05-09 17:14:09.125,5,-0.58,-0.66,0.86,116.88719999999999,-83.15259999999999,250.3412,175,75
2026-05-09 17:14:09.147,5,-0.71,-0.67,0.69,146.00719999999998,-77.37259999999999,250.3412,175,75
2026-05-09 17:14:09.159,5,-0.77,-0.63,0.52,175.7172,-91.8526,250.3412,175,75
2026-05-09 17:14:09.170,5,-0.84,-0.54,0.38,199.9772,-130.9126,250.3412,175,75
2026-05-09 17:14:09.181,5,-0.81,-0.46,0.23,215.4672,-191.7426,250.3412,175,75
2026-05-09 17:14:09.181,5,-0.69,-0.37,0.08,221.6172,-250.8526,250.3412,175,75
2026-05-09 17:14:09.191,5,-0.61,-0.35,-0.06,219.7272,-250.8526,250.3412,175,75
2026-05-09 17:14:09.198,5,-0.48,-0.26,-0.26,207.4172,-250.8526,250.3412,175,75
2026-05-09 17:14:09.206,5,-0.3,-0.19,-0.4,181.9972,-250.8526,250.3412,175,75
2026-05-09 17:14:09.219,5,-0.15,-0.29,-0.55,182.3972,-250.8526,250.3412,175,75
2026-05-09 17:14:09.230,5,0.36,-0.37,-0.87,161.06719999999999,-250.8526,250.3412,175,75
2026-05-09 17:14:09.230,5,0.14,-0.5,-0.92,151.50719999999998,-250.8526,250.3412,175,75
2026-05-09 17:14:09.241,5,-0.7,-0.51,-0.55,151.8472,-250.8526,250.3412,175,75
2026-05-09 17:14:09.255,5,-1.0,-0.46,-0.12,155.1772,-250.8526,136.2312,175,75
2026-05-09 17:14:09.267,5,-0.77,-0.47,0.12,161.7772,-237.4726,15.3912,175,75
2026-05-09 17:14:09.271,5,-0.39,-0.38,0.08,162.2372,-139.1226,-44.6988,175,75
2026-05-09 17:14:09.283,5,-0.18,-0.22,-0.03,162.9472,-39.6926,-61.348800000000004,175,75
2026-05-09 17:14:09.294,5,0.12,-0.04,-0.27,159.8972,47.977399999999996,-44.8988,175,75
2026-05-09 17:14:09.305,5,0.26,0.1,-0.48,152.6172,123.6674,-4.6788,175,75
2026-05-09 17:14:09.320,5,0.23,0.26,-0.53,153.0772,179.88739999999999,39.9812,175,75
2026-05-09 17:14:09.331,5,0.02,0.33,-0.44,144.0472,213.20739999999998,74.14120000000001,175,75
2026-05-09 17:14:09.346,5,-0.07,0.33,-0.33,134.78719999999998,229.7174,89.08120000000001,175,75
2026-05-09 17:14:09.376,5,-0.08,0.29,-0.21,128.3072,241.6474,94.80120000000001,175,75
2026-05-09 17:14:09.376,5,-0.02,0.23,-0.09,124.4272,249.4174,98.3712,175,75
2026-05-09 17:14:09.376,5,0.13,0.11,0.0,125.8672,249.4174,103.27120000000001,175,75
2026-05-09 17:14:09.387,5,0.25,0.11,0.24,128.3072,249.4174,113.7912,175,75
2026-05-09 17:14:09.399,5,0.64,0.49,0.08,99.2072,249.4174,135.06119999999999,175,75
2026-05-09 17:14:09.418,5,1.41,0.03,0.55,90.6272,249.4174,187.81119999999999,175,75
2026-05-09 17:14:09.428,5,2.0,0.02,0.83,77.5272,249.4174,250.3412,175,75
2026-05-09 17:14:09.440,5,2.0,1.09,2.0,-14.0228,249.4174,250.3412,175,75
2026-05-09 17:14:09.450,5,0.27,0.47,2.0,-36.662800000000004,244.54739999999998,250.3412,175,75
2026-05-09 17:14:09.450,5,-1.02,0.3,2.0,-50.272800000000004,249.4174,250.3412,175,75
2026-05-09 17:14:09.463,5,-2.0,-0.05,2.0,-92.6628,249.4174,62.2112,175,75
2026-05-09 17:14:09.463,5,-2.0,-0.18,2.0,-135.6028,249.4174,-206.5188,175,75
2026-05-09 17:14:09.474,5,-2.0,-1.33,2.0,-126.2728,249.4174,-249.9288,175,75
2026-05-09 17:14:09.485,5,-1.99,-1.46,2.0,-50.7128,146.5274,-249.9288,175,75
2026-05-09 17:14:09.485,5,-1.68,-0.82,2.0,24.6472,-6.3526,-249.9288,175,75
2026-05-09 17:14:09.498,5,-1.76,-0.05,2.0,53.127199999999995,-83.7226,-211.6688,175,75
2026-05-09 17:14:09.512,5,-1.75,0.35,2.0,55.657199999999996,-129.5826,-179.27880000000002,175,75
2026-05-09 17:14:09.541,5,-1.49,0.59,2.0,52.2072,-195.7726,-125.3688,175,75
2026-05-09 17:14:09.550,5,-1.04,0.52,2.0,63.3572,-250.8526,-28.3888,175,75
2026-05-09 17:14:09.550,5,-0.87,0.5,2.0,60.337199999999996,-250.8526,64.0312,175,75
2026-05-09 17:14:09.563,5,-0.43,0.43,1.74,43.5072,-250.8526,126.30120000000001,175,75
2026-05-09 17:14:09.577,5,0.09,0.35,1.51,18.217200000000002,-250.8526,174.53119999999998,175,75
2026-05-09 17:14:09.577,5,0.3,0.29,1.22,-6.8528,-250.8526,218.41119999999998,175,75
2026-05-09 17:14:09.588,5,0.58,0.11,0.87,-20.6928,-250.8526,250.3412,175,75
2026-05-09 17:14:09.588,5,0.56,-0.07,0.54,-20.5028,-246.07260000000002,250.3412,175,75
2026-05-09 17:14:09.600,5,0.59,-0.25,0.19,-10.7128,-231.4026,250.3412,175,75
2026-05-09 17:14:09.613,5,0.59,-0.39,-0.14,5.8172,-236.32260000000002,250.3412,175,75
2026-05-09 17:14:09.622,5,0.51,-0.57,-0.29,33.627199999999995,-250.8526,250.3412,175,75
2026-05-09 17:14:09.656,5,0.16,-0.55,-0.91,70.9272,-112.2426,250.3412,175,75
2026-05-09 17:14:09.666,5,-0.92,-0.13,-0.62,68.1672,-129.1226,250.3412,175,75
2026-05-09 17:14:09.677,5,-1.44,-0.1,-0.21,28.5272,-194.0026,146.8412,175,75
2026-05-09 17:14:09.677,5,-1.54,0.01,-0.04,-7.072800000000001,-244.89260000000002,10.331199999999999,175,75
2026-05-09 17:14:09.688,5,-1.34,0.03,0.08,-40.1828,-250.8526,-117.8988,175,75
2026-05-09 17:14:09.699,5,-0.91,0.01,0.21,-62.1128,-250.8526,-225.5988,175,75
2026-05-09 17:14:09.709,5,-0.41,0.13,0.28,-72.7328,-226.6026,-249.9288,175,75
2026-05-09 17:14:09.709,5,0.13,0.22,0.18,-77.64280000000001,-161.0226,-249.9288,175,75
2026-05-09 17:14:09.721,5,0.45,0.15,0.14,-63.1328,-69.2526,-249.9288,175,75
2026-05-09 17:14:09.731,5,1.09,0.23,-0.08,-37.412800000000004,37.367399999999996,-249.9288,175,75
2026-05-09 17:14:09.742,5,1.33,0.45,-0.2,-13.8428,158.1174,-203.30880000000002,175,75
2026-05-09 17:14:09.752,5,1.0,0.43,-0.2,2.0772,244.92739999999998,-102.5788,175,75
2026-05-09 17:14:09.764,5,0.82,0.55,-0.16,13.757200000000001,249.4174,23.351200000000002,175,75
2026-05-09 17:14:09.776,5,0.66,0.64,-0.02,16.4572,249.4174,157.81119999999999,175,75
2026-05-09 17:14:09.786,5,0.97,0.52,0.22,15.837200000000001,249.4174,250.3412,175,75
2026-05-09 17:14:09.796,5,1.8,1.4,-0.31,2.5572,249.4174,250.3412,175,75
2026-05-09 17:14:09.801,5,2.0,1.91,2.0,-57.6128,249.4174,250.3412,175,75
2026-05-09 17:14:09.814,5,2.0,1.14,2.0,-97.4728,249.4174,250.3412,175,75
2026-05-09 17:14:09.827,5,0.23,-1.07,2.0,-26.3428,152.3174,250.3412,175,75
2026-05-09 17:14:09.839,5,-2.0,-1.87,2.0,9.5672,169.8474,250.3412,175,75
2026-05-09 17:14:09.856,5,-2.0,-0.87,1.84,-14.8128,107.04740000000001,134.6112,175,75
2026-05-09 17:14:09.883,5,-2.0,-1.68,1.79,-6.9528,-101.12259999999999,-162.1788,175,75
2026-05-09 17:14:09.892,5,-1.23,-1.7,2.0,36.657199999999996,-182.86260000000001,-160.2688,175,75
2026-05-09 17:14:09.892,5,-0.46,-1.08,2.0,58.727199999999996,-250.8526,-171.8288,175,75
2026-05-09 17:14:09.903,5,0.07,-0.61,1.87,44.517199999999995,-250.8526,-145.2388,175,75
2026-05-09 17:14:09.915,5,1.0,-0.5,1.31,28.4772,-250.8526,-90.7188,175,75
2026-05-09 17:14:09.923,5,1.32,-0.55,0.79,30.5772,-250.8526,-3.0588,175,75
2026-05-09 17:14:09.940,5,1.43,-0.54,0.44,53.977199999999996,-250.8526,99.02120000000001,175,75
2026-05-09 17:14:09.940,5,1.17,-0.41,0.2,75.0172,-182.32260000000002,175.8012,175,75
2026-05-09 17:14:09.951,5,0.73,-0.3,-0.06,91.1272,-131.1226,233.78119999999998,175,75
2026-05-09 17:14:09.971,5,0.67,-0.12,-0.31,94.8172,-109.65259999999999,250.3412,175,75
2026-05-09 17:14:09.989,5,-0.15,0.03,-0.44,74.07719999999999,-108.3226,199.1112,175,75
2026-05-09 17:14:09.989,5,-0.49,0.23,-0.73,42.3872,-143.98260000000002,126.25120000000001,175,75
2026-05-09 17:14:10.030,5,-0.77,0.26,-0.65,-40.762800000000006,-250.8526,-136.6588,175,75
2026-05-09 17:14:10.037,5,-0.15,0.09,-0.48,-31.2028,-250.8526,-184.5488,175,75
2026-05-09 17:14:10.072,5,0.37,-0.11,0.13,15.167200000000001,-118.8026,-154.2588,175,75
2026-05-09 17:14:10.074,5,0.28,-0.04,0.22,32.977199999999996,-33.8626,-111.38879999999999,175,75
2026-05-09 17:14:10.086,5,0.05,-0.02,0.24,52.237199999999994,53.3474,-66.24879999999999,175,75
2026-05-09 17:14:10.101,5,-0.08,0.1,0.08,106.63719999999999,172.9674,42.291199999999996,175,75
2026-05-09 17:14:10.111,5,-0.09,0.3,-0.05,128.4872,206.23739999999998,102.2012,175,75
2026-05-09 17:14:10.123,5,0.14,0.48,-0.16,141.7772,227.5874,161.9512,175,75
2026-05-09 17:14:10.134,5,0.28,0.49,-0.15,146.6572,245.8174,213.19119999999998,175,75
2026-05-09 17:14:10.134,5,0.3,0.48,-0.07,146.9272,249.4174,250.3412,175,75
2026-05-09 17:14:10.155,5,1.35,0.41,0.01,145.8972,249.4174,250.3412,175,75
2026-05-09 17:14:10.164,5,2.0,1.39,0.07,128.8272,249.4174,250.3412,175,75
2026-05-09 17:14:10.164,5,1.48,1.59,2.0,68.8772,-175.2226,250.3412,175,75
2026-05-09 17:14:10.175,5,1.88,0.14,2.0,64.3272,-250.8526,250.3412,175,75
2026-05-09 17:14:10.186,5,2.0,-0.52,2.0,91.5972,-43.1126,250.3412,175,75
2026-05-09 17:14:10.199,5,1.47,-1.1,2.0,107.2272,211.0374,250.3412,175,75
2026-05-09 17:14:10.199,5,-0.0,-1.41,2.0,32.4672,249.4174,235.3012,175,75
2026-05-09 17:14:10.224,5,-2.0,-1.6,1.61,-67.4128,224.5574,74.4812,175,75
2026-05-09 17:14:10.260,5,-2.0,-2.0,1.03,17.6572,-74.5026,-16.328799999999998,175,75
2026-05-09 17:14:10.271,5,-1.87,-1.64,1.63,47.6772,-143.9726,-62.3888,175,75
2026-05-09 17:14:10.297,5,-1.41,-1.71,2.0,-48.5628,-85.8226,-249.9288,175,75
2026-05-09 17:14:10.300,5,0.65,-1.17,2.0,-16.2328,21.977400000000003,-249.9288,175,75
2026-05-09 17:14:10.312,5,0.59,-0.52,2.0,23.5972,152.7474,-249.9288,175,75
2026-05-09 17:14:10.323,5,0.28,-0.07,1.82,42.237199999999994,212.7274,-249.9288,175,75
2026-05-09 17:14:10.334,5,0.05,0.06,1.59,61.8872,203.1574,-249.9288,175,75
2026-05-09 17:14:10.334,5,0.18,0.37,1.73,84.99719999999999,111.7474,-249.9288,175,75
2026-05-09 17:14:10.348,5,0.46,0.61,2.0,59.977199999999996,77.2574,-249.9288,175,75
2026-05-09 17:14:10.348,5,0.27,0.47,2.0,10.6872,103.8974,-249.9288,175,75
2026-05-09 17:14:10.350,5,0.3,0.11,1.91,-26.212799999999998,152.5574,-160.1088,175,75
2026-05-09 17:14:10.368,5,0.24,-0.16,1.64,-36.152800000000006,197.0674,-36.0188,175,75
2026-05-09 17:14:10.379,5,-0.08,-0.26,1.55,-29.9328,206.67739999999998,61.621199999999995,175,75
2026-05-09 17:14:10.390,5,-0.56,-0.22,1.68,-26.4028,166.5674,95.7412,175,75
2026-05-09 17:14:10.398,5,-0.84,-0.39,1.84,-41.832800000000006,83.54740000000001,63.5712,175,75
2026-05-09 17:14:10.411,5,-0.84,-0.63,1.76,-49.1828,-0.9026000000000001,-3.4788,175,75
2026-05-09 17:14:10.421,5,-0.72,-0.76,1.42,-40.982800000000005,-50.2126,-90.3788,175,75
2026-05-09 17:14:10.437,5,-0.65,-0.64,1.13,-29.3428,-67.03259999999999,-174.80880000000002,175,75
2026-05-09 17:14:10.437,5,-0.42,-0.32,0.88,-24.3928,-56.952600000000004,-249.9288,175,75
2026-05-09 17:14:10.447,5,-0.21,-0.01,0.67,-28.2528,-24.1326,-249.9288,175,75
2026-05-09 17:14:10.461,5,-0.13,0.3,0.48,-43.8228,10.9974,-249.9288,175,75
2026-05-09 17:14:10.477,5,-0.18,1.13,0.2,-115.75280000000001,51.1374,-249.9288,175,75
2026-05-09 17:14:10.485,5,-0.12,1.21,-0.08,-152.8728,40.5074,-249.9288,175,75
2026-05-09 17:14:10.490,5,1.3,1.33,-0.71,-136.2828,-17.9626,-249.9288,175,75
2026-05-09 17:14:10.502,5,2.0,1.36,-0.81,-78.7628,-45.5126,-249.9288,175,75
2026-05-09 17:14:10.530,5,-0.39,0.51,-0.24,-44.47280000000001,-113.0526,-249.9288,175,75
2026-05-09 17:14:10.543,5,-0.56,0.21,-0.0,-14.0228,-153.0826,-249.9288,175,75
2026-05-09 17:14:10.543,5,-0.01,-0.06,0.22,8.1972,-158.5326,-197.02880000000002,175,75
2026-05-09 17:14:10.566,5,-0.24,0.02,0.31,50.3972,-149.79260000000002,-13.6988,175,75
2026-05-09 17:14:10.585,5,-0.14,0.04,0.03,57.2872,-149.2126,57.971199999999996,175,75
2026-05-09 17:14:10.640,5,0.25,0.12,-0.44,47.8572,-109.7926,114.4512,175,75
2026-05-09 17:14:10.651,5,0.89,-0.04,-0.38,46.1172,-54.6226,131.0812,175,75
2026-05-09 17:14:10.651,5,1.06,-0.21,-0.38,42.197199999999995,23.2574,156.8912,175,75
2026-05-09 17:14:10.661,5,1.02,-0.26,-0.3,41.52719999999999,116.5074,169.0512,175,75
2026-05-09 17:14:10.681,5,0.96,-0.58,-0.16,43.347199999999994,213.13739999999999,164.1212,175,75
2026-05-09 17:14:10.700,5,0.16,-2.0,2.0,63.987199999999994,249.4174,-114.5788,175,75
2026-05-09 17:14:10.700,5,1.31,-2.0,2.0,15.2772,170.9174,-249.9288,175,75
2026-05-09 17:14:10.719,5,1.42,-1.85,1.01,16.5272,249.4174,-229.6088,175,75
2026-05-09 17:14:10.730,5,0.03,-1.35,1.27,81.2572,249.4174,-168.1988,175,75
2026-05-09 17:14:10.752,5,-1.28,-0.91,1.51,108.8172,249.4174,-220.11880000000002,175,75
2026-05-09 17:14:10.763,5,-2.0,-0.77,2.0,120.9772,249.4174,-249.9288,175,75
2026-05-09 17:14:10.775,5,-2.0,-0.44,2.0,169.0772,249.4174,-249.9288,175,75
2026-05-09 17:14:10.797,5,-2.0,0.84,2.0,150.9972,118.3674,-249.9288,175,75
2026-05-09 17:14:10.818,5,-2.0,1.19,2.0,88.7372,-84.06259999999999,-249.9288,175,75
2026-05-09 17:14:10.818,5,-1.95,0.91,2.0,32.4672,-186.5326,-249.9288,175,75
2026-05-09 17:14:10.851,5,-1.32,0.69,2.0,-3.6628000000000003,-230.1826,-249.9288,175,75
2026-05-09 17:14:10.851,5,-0.52,0.45,2.0,-7.4428,-219.9926,-249.9288,175,75
2026-05-09 17:14:10.857,5,0.0,0.7,2.0,23.9472,-200.04260000000002,-103.22879999999999,175,75
2026-05-09 17:14:10.875,5,0.27,0.72,2.0,47.057199999999995,-217.79260000000002,63.1612,175,75
2026-05-09 17:14:10.889,5,0.62,0.73,2.0,2.3971999999999998,-215.3826,174.6812,175,75
2026-05-09 17:14:10.901,5,-0.07,0.97,1.98,-76.8328,-197.17260000000002,250.3412,175,75
2026-05-09 17:14:10.913,5,0.54,0.5,1.59,-151.1028,-172.89260000000002,250.3412,175,75
2026-05-09 17:14:10.913,5,0.45,0.09,1.15,-209.93280000000001,-217.6626,250.3412,175,75
2026-05-09 17:14:10.924,5,0.58,-0.31,0.82,-237.7628,-248.6326,250.3412,175,75
2026-05-09 17:14:10.934,5,1.32,-1.07,0.29,-249.2728,-210.1826,146.5812,175,75
2026-05-09 17:14:10.934,5,1.44,-1.61,-0.0,-216.1028,-52.7626,-21.718799999999998,175,75
2026-05-09 17:14:10.934,5,0.52,-1.08,0.27,-163.2328,91.3874,-119.2588,175,75
2026-05-09 17:14:10.945,5,-0.22,-0.72,0.44,-135.8728,176.60739999999998,-207.3888,175,75
2026-05-09 17:14:10.956,5,-0.62,-0.53,0.46,-119.0528,210.5374,-249.9288,175,75
2026-05-09 17:14:10.956,5,-0.91,-0.48,0.43,-102.4728,210.60739999999998,-249.9288,175,75
2026-05-09 17:14:10.969,5,-0.86,-0.41,0.34,-87.28280000000001,188.07739999999998,-249.9288,175,75
2026-05-09 17:14:10.993,5,-0.82,-0.19,0.33,-76.3428,151.3674,-249.9288,175,75
2026-05-09 17:14:11.000,5,-0.64,0.05,0.33,-76.9828,121.59740000000001,-249.9288,175,75
2026-05-09 17:14:11.013,5,-0.51,0.23,0.32,-85.4328,98.87740000000001,-249.9288,175,75
2026-05-09 17:14:11.013,5,-0.44,0.37,0.29,-98.2128,78.9974,-249.9288,175,75
2026-05-09 17:14:11.026,5,-0.45,0.42,0.2,-109.3428,49.1774,-249.9288,175,75
2026-05-09 17:14:11.026,5,-0.43,0.33,0.08,-111.14280000000001,10.8174,-249.9288,175,75
2026-05-09 17:14:11.036,5,-0.37,0.26,-0.04,-100.2928,-39.7426,-249.9288,175,75
2026-05-09 17:14:11.047,5,-0.26,0.09,-0.18,-76.00280000000001,-93.8026,-249.9288,175,75
2026-05-09 17:14:11.057,5,-0.13,-0.02,-0.23,-43.8828,-142.1226,-249.9288,175,75
2026-05-09 17:14:11.057,5,-0.11,-0.07,-0.25,-11.9328,-181.5026,-249.9288,175,75
2026-05-09 17:14:11.069,5,-0.19,-0.05,-0.21,16.237199999999998,-215.6626,-186.3488,175,75
2026-05-09 17:14:11.079,5,-0.29,0.0,-0.12,34.587199999999996,-241.0326,-131.0988,175,75
2026-05-09 17:14:11.079,5,-0.28,0.06,-0.09,38.417199999999994,-250.8526,-96.5188,175,75
2026-05-09 17:14:11.091,5,-0.17,0.11,-0.04,29.2772,-250.8526,-73.41879999999999,175,75
2026-05-09 17:14:11.091,5,0.1,0.13,-0.05,11.2972,-249.5626,-56.1488,175,75
2026-05-09 17:14:11.103,5,0.46,0.13,0.0,-12.9828,-203.2426,-37.558800000000005,175,75
2026-05-09 17:14:11.114,5,0.65,0.01,-0.01,-31.442800000000002,-128.0926,-23.078799999999998,175,75
2026-05-09 17:14:11.124,5,0.92,-0.18,-0.02,-52.162800000000004,-40.6026,-1.6687999999999998,175,75
2026-05-09 17:14:11.124,5,1.31,-0.35,0.02,-61.9328,75.6674,31.381200000000003,175,75
2026-05-09 17:14:11.135,5,2.0,-0.74,0.47,-51.7128,249.4174,54.5612,175,75
2026-05-09 17:14:11.146,5,2.0,-1.36,1.02,-27.3028,249.4174,-37.708800000000004,175,75
2026-05-09 17:14:11.158,5,0.54,-0.93,1.09,-15.712799999999998,249.4174,-249.9288,175,75
2026-05-09 17:14:11.178,5,0.08,-1.36,2.0,-28.5828,249.4174,-249.9288,175,75
2026-05-09 17:14:11.178,5,-0.9,-0.47,2.0,-45.762800000000006,249.4174,-249.9288,175,75
2026-05-09 17:14:11.212,5,-2.0,-0.28,2.0,-54.342800000000004,249.4174,-249.9288,175,75
2026-05-09 17:14:11.223,5,-2.0,0.61,2.0,-41.3128,-160.3326,-249.9288,175,75
2026-05-09 17:14:11.223,5,-2.0,0.91,2.0,-50.582800000000006,-250.8526,-117.41879999999999,175,75
2026-05-09 17:14:11.236,5,-1.93,1.07,2.0,-42.1728,-250.8526,26.781200000000002,175,75
2026-05-09 17:14:11.250,5,-1.14,0.36,2.0,42.267199999999995,-250.8526,100.66120000000001,175,75
2026-05-09 17:14:11.261,5,-0.22,0.57,2.0,91.8772,-250.8526,196.8212,175,75
2026-05-09 17:14:11.261,5,0.01,0.53,2.0,55.8872,-250.8526,250.3412,175,75
2026-05-09 17:14:11.289,5,0.15,-0.27,1.34,-15.392800000000001,-250.8526,250.3412,175,75
2026-05-09 17:14:11.299,5,0.21,-0.65,0.67,-3.5428,-250.8526,250.3412,175,75
2026-05-09 17:14:11.310,5,0.02,-0.75,0.05,21.0772,-250.8526,250.3412,175,75
2026-05-09 17:14:11.322,5,-0.54,-0.91,-0.47,31.4272,-250.8526,250.3412,175,75
2026-05-09 17:14:11.322,5,2.0,-1.46,-2.0,6.847200000000001,-250.8526,142.85119999999998,175,75
2026-05-09 17:14:11.333,5,2.0,-1.4,-2.0,-31.692800000000002,-165.4326,-111.0988,175,75
2026-05-09 17:14:11.350,5,0.39,-1.05,-2.0,-5.142799999999999,-72.8626,-206.80880000000002,175,75
2026-05-09 17:14:11.350,5,-0.66,-0.75,-1.51,1.3972,-139.79260000000002,-211.1088,175,75
2026-05-09 17:14:11.361,5,-1.15,-0.35,-0.97,-10.4028,-229.6226,-222.0988,175,75
2026-05-09 17:14:11.381,5,-1.4,0.03,-0.42,-53.0428,-250.8526,-249.9288,175,75
2026-05-09 17:14:11.393,5,-1.0,0.12,0.26,-164.7628,-250.8526,-249.9288,175,75
2026-05-09 17:14:11.422,5,-0.62,0.07,0.39,-249.2728,-181.48260000000002,-249.9288,175,75
2026-05-09 17:14:11.432,5,-0.63,0.22,0.09,-249.2728,-136.0226,-249.9288,175,75
2026-05-09 17:14:11.449,5,0.09,0.43,-0.63,-249.2728,-56.662600000000005,-249.9288,175,75
2026-05-09 17:14:11.449,5,0.89,0.48,-1.49,-249.2728,77.8574,-249.9288,175,75
2026-05-09 17:14:11.472,5,-0.49,0.6,-0.34,-249.2728,235.85739999999998,-249.9288,175,75
2026-05-09 17:14:11.484,5,-0.37,0.37,-0.14,-249.2728,249.4174,-249.9288,175,75
2026-05-09 17:14:11.499,5,-0.24,0.26,-0.06,-249.2728,249.4174,-193.6388,175,75
2026-05-09 17:14:11.499,5,-0.15,0.15,-0.07,-249.2728,249.4174,-138.18880000000001,175,75
2026-05-09 17:14:11.545,5,0.45,0.04,0.01,-216.7928,249.4174,-52.7188,175,75
2026-05-09 17:14:11.545,5,1.45,0.27,0.11,-195.8328,249.4174,10.1512,175,75
2026-05-09 17:14:11.556,5,2.0,0.63,0.23,-204.7528,249.4174,161.9612,175,75
2026-05-09 17:14:11.569,5,2.0,2.0,2.0,-172.5228,204.95739999999998,250.3412,175,75
2026-05-09 17:14:11.575,5,0.73,0.79,2.0,-90.31280000000001,-72.6326,250.3412,175,75
2026-05-09 17:14:11.588,5,0.76,0.13,2.0,-48.7828,-29.982599999999998,250.3412,175,75
2026-05-09 17:14:11.599,5,0.33,0.01,2.0,-27.4728,113.0274,148.7312,175,75
2026-05-09 17:14:11.629,5,0.76,-1.0,2.0,-76.7728,193.01739999999998,-151.7888,175,75
2026-05-09 17:14:11.629,5,1.38,-1.39,2.0,-93.8828,178.0974,-78.41879999999999,175,75
2026-05-09 17:14:11.637,5,1.11,-1.78,1.61,-59.9528,162.5974,86.9612,175,75
2026-05-09 17:14:11.648,5,0.14,-1.77,1.16,-8.6028,91.1374,231.6112,175,75
2026-05-09 17:14:11.659,5,-0.75,-1.45,0.99,31.9872,-17.3526,250.3412,175,75
2026-05-09 17:14:11.659,5,-1.06,-1.25,0.98,53.1072,-84.8926,221.16119999999998,175,75
2026-05-09 17:14:11.675,5,-0.94,-1.16,0.98,67.60719999999999,-100.1326,117.8212,175,75
2026-05-09 17:14:11.682,5,-0.5,-1.17,1.02,62.767199999999995,-61.592600000000004,-39.5788,175,75
2026-05-09 17:14:11.694,5,0.06,-0.98,1.08,46.8972,46.367399999999996,-222.8188,175,75
2026-05-09 17:14:11.709,5,0.2,-0.65,1.17,32.8572,191.5274,-249.9288,175,75
2026-05-09 17:14:11.720,5,0.0,-0.39,1.26,36.657199999999996,249.4174,-249.9288,175,75
2026-05-09 17:14:11.748,5,0.27,0.27,2.0,56.587199999999996,249.4174,-249.9288,175,75
2026-05-09 17:14:11.769,5,-0.42,0.49,2.0,53.977199999999996,75.4574,-249.9288,175,75
2026-05-09 17:14:11.770,5,-0.89,0.54,1.77,51.52719999999999,21.477400000000003,-223.93880000000001,175,75
2026-05-09 17:14:11.795,5,-0.44,0.24,1.58,66.6572,-74.7526,45.9612,175,75
2026-05-09 17:14:11.803,5,0.13,0.44,1.78,55.4272,-79.0226,164.8912,175,75
2026-05-09 17:14:11.817,5,0.77,0.54,1.92,22.3672,-52.1226,250.3412,175,75
2026-05-09 17:14:11.825,5,1.12,0.58,2.0,-15.5928,-19.0126,250.3412,175,75
2026-05-09 17:14:11.840,5,0.65,0.28,2.0,-46.5428,-8.6626,250.3412,175,75
2026-05-09 17:14:11.851,5,0.23,-0.38,2.0,-58.622800000000005,-28.2826,250.3412,175,75
2026-05-09 17:14:11.851,5,-0.02,-0.96,2.0,-32.482800000000005,-24.092599999999997,250.3412,175,75
2026-05-09 17:14:11.876,5,-1.21,-1.04,1.66,39.597199999999994,14.9274,145.7612,175,75
2026-05-09 17:14:11.888,5,-1.69,-0.96,1.64,57.267199999999995,17.5774,4.1312,175,75
2026-05-09 17:14:11.891,5,-1.62,-0.92,1.51,74.4772,7.907399999999999,-143.9788,175,75
2026-05-09 17:14:11.919,5,-0.95,-0.41,1.31,121.3972,-36.6426,-249.9288,175,75
2026-05-09 17:14:11.930,5,-0.51,-0.01,1.29,138.6872,-64.7026,-249.9288,175,75
2026-05-09 17:14:11.945,5,0.35,0.74,1.18,136.81719999999999,-164.4626,-249.9288,175,75
2026-05-09 17:14:11.955,5,0.48,0.81,1.03,118.2672,-192.4026,-249.9288,175,75
2026-05-09 17:14:11.960,5,0.32,0.94,0.83,95.1572,-197.0926,-249.9288,175,75
2026-05-09 17:14:11.980,5,0.41,0.65,0.22,43.8272,-173.4126,-180.71880000000002,175,75
2026-05-09 17:14:12.010,5,0.56,0.44,-0.23,40.057199999999995,-161.82260000000002,-92.6888,175,75
2026-05-09 17:14:12.010,5,0.52,0.58,-0.56,39.3672,-172.2826,1.9612,175,75
2026-05-09 17:14:12.034,5,-0.25,0.45,-0.64,53.6872,-250.8526,123.7112,175,75
2026-05-09 17:14:12.056,5,0.14,0.01,-0.35,49.657199999999996,-250.8526,196.78119999999998,175,75
2026-05-09 17:14:12.061,5,0.13,-0.05,-0.14,44.947199999999995,-250.8526,198.3912,175,75
2026-05-09 17:14:12.076,5,0.03,-0.11,0.04,39.347199999999994,-210.0826,179.0812,175,75
2026-05-09 17:14:12.089,5,0.04,0.83,0.54,14.667200000000001,-141.0526,159.4512,175,75
2026-05-09 17:14:12.106,5,-0.09,-0.06,0.2,10.9772,-65.9926,131.6112,175,75
2026-05-09 17:14:12.106,5,-0.21,-0.24,0.09,1.0772,3.9074,97.27120000000001,175,75
2026-05-09 17:14:12.118,5,-0.17,-0.2,-0.06,-12.3728,61.8174,50.4212,175,75
2026-05-09 17:14:12.129,5,-0.03,-0.07,-0.16,-33.3928,121.5274,-5.9388000000000005,175,75
2026-05-09 17:14:12.129,5,0.18,0.1,-0.22,-54.4928,183.4974,-59.9288,175,75
2026-05-09 17:14:12.153,5,0.36,0.03,-0.09,-87.0228,249.4174,-114.6788,175,75
2026-05-09 17:14:12.169,5,0.37,0.14,-0.02,-95.92280000000001,249.4174,-126.1488,175,75
2026-05-09 17:14:12.181,5,0.91,0.31,0.53,-118.28280000000001,249.4174,-156.89880000000002,175,75
2026-05-09 17:14:12.192,5,1.84,0.73,0.58,-168.7228,249.4174,-139.7388,175,75
2026-05-09 17:14:12.202,5,2.0,2.0,2.0,-216.6428,249.4174,250.3412,175,75
2026-05-09 17:14:12.212,5,0.74,0.89,2.0,-189.8828,234.5274,250.3412,175,75
2026-05-09 17:14:12.225,5,0.15,0.06,2.0,-125.2128,249.4174,250.3412,175,75
2026-05-09 17:14:12.250,5,-2.0,0.71,2.0,-69.28280000000001,249.4174,66.9912,175,75
2026-05-09 17:14:12.270,5,-2.0,-1.16,1.89,6.1172,-44.802600000000005,-4.4288,175,75
2026-05-09 17:14:12.280,5,-2.0,-0.92,1.9,48.8172,-197.92260000000002,-20.4488,175,75
2026-05-09 17:14:12.296,5,-1.71,-0.63,1.71,74.0372,-250.8526,-55.668800000000005,175,75
2026-05-09 17:14:12.296,5,-0.71,-0.38,1.26,89.1472,-250.8526,-77.5688,175,75
2026-05-09 17:14:12.307,5,0.05,-0.21,0.77,103.5972,-250.8526,-79.1888,175,75
2026-05-09 17:14:12.318,5,0.63,-0.14,0.4,124.3972,-250.8526,-62.5388,175,75
2026-05-09 17:14:12.351,5,2.0,0.9,-1.95,141.7272,-71.26259999999999,20.5212,175,75
2026-05-09 17:14:12.376,5,-0.29,0.07,-0.65,75.6472,-61.5026,-20.8388,175,75
2026-05-09 17:14:12.391,5,0.68,-0.11,0.24,63.3972,-108.4126,52.511199999999995,175,75
2026-05-09 17:14:12.401,5,2.0,-0.42,1.11,47.7572,-2.6126,133.6812,175,75
2026-05-09 17:14:12.419,5,2.0,-0.17,1.88,5.757199999999999,249.4174,250.3412,175,75
2026-05-09 17:14:12.419,5,2.0,-0.02,2.0,-34.552800000000005,249.4174,250.3412,175,75
2026-05-09 17:14:12.433,5,1.08,-0.37,2.0,-21.5428,249.4174,149.4012,175,75
2026-05-09 17:14:12.450,5,-0.35,-0.13,2.0,-17.7328,249.4174,-112.3288,175,75
2026-05-09 17:14:12.461,5,-1.7,-0.16,2.0,-22.0828,249.4174,-249.9288,175,75
2026-05-09 17:14:12.472,5,-2.0,-0.25,2.0,27.9072,249.4174,-249.9288,175,75
2026-05-09 17:14:12.484,5,-2.0,0.55,2.0,44.7972,93.2574,-249.9288,175,75
2026-05-09 17:14:12.492,5,-1.97,0.91,2.0,12.4072,-109.2726,-195.9588,175,75
2026-05-09 17:14:12.505,5,-1.28,0.8,2.0,-13.2328,-241.1326,-87.3188,175,75
2026-05-09 17:14:12.520,5,0.57,0.24,2.0,51.7572,-250.8526,217.69119999999998,175,75
2026-05-09 17:14:12.530,5,0.89,0.28,1.84,49.7472,-250.8526,250.3412,175,75
2026-05-09 17:14:12.530,5,1.12,0.04,1.5,24.2272,-216.5026,250.3412,175,75
2026-05-09 17:14:12.552,5,0.74,-0.12,1.14,-6.5428,-202.3026,250.3412,175,75
2026-05-09 17:14:12.552,5,0.53,-0.29,0.59,-29.5028,-250.8526,250.3412,175,75
2026-05-09 17:14:12.581,5,2.0,-2.0,-1.02,-67.1628,-225.7726,250.3412,175,75
2026-05-09 17:14:12.594,5,-0.79,-1.25,-0.62,30.8172,51.1774,55.0612,175,75
2026-05-09 17:14:12.604,5,-1.34,-1.04,-0.56,59.837199999999996,34.0774,-82.7188,175,75
2026-05-09 17:14:12.616,5,-1.22,-0.93,-0.75,79.3072,-19.9426,-167.1288,175,75
2026-05-09 17:14:12.627,5,-0.86,-0.71,-0.52,101.5972,-55.5026,-221.7288,175,75
2026-05-09 17:14:12.637,5,-0.38,-0.28,-0.58,71.10719999999999,-58.2926,-249.9288,175,75
2026-05-09 17:14:12.638,5,-0.22,-0.06,-0.47,15.9472,-50.0726,-249.9288,175,75
2026-05-09 17:14:12.650,5,-0.3,0.19,-0.33,-54.6028,-57.132600000000004,-249.9288,175,75
2026-05-09 17:14:12.660,5,-0.38,0.31,-0.22,-126.9928,-78.98259999999999,-249.9288,175,75
2026-05-09 17:14:12.672,5,-0.35,0.33,-0.13,-183.4528,-95.8026,-249.9288,175,75
2026-05-09 17:14:12.690,5,-0.26,0.34,-0.04,-226.9528,-97.3026,-249.9288,175,75
2026-05-09 17:14:12.690,5,-0.18,0.34,0.01,-249.2728,-81.92259999999999,-249.9288,175,75
2026-05-09 17:14:12.711,5,-0.09,0.34,0.05,-249.2728,-53.7926,-249.9288,175,75
2026-05-09 17:14:12.711,5,-0.05,0.23,0.02,-249.2728,-23.7126,-249.9288,175,75
2026-05-09 17:14:12.723,5,0.06,0.17,0.0,-246.7028,3.5674,-249.9288,175,75
2026-05-09 17:14:12.736,5,0.03,0.19,-0.04,-221.8328,32.2374,-249.9288,175,75
2026-05-09 17:14:12.747,5,0.0,0.17,-0.09,-197.6628,51.9574,-249.9288,175,75
2026-05-09 17:14:12.761,5,-0.02,0.33,-0.04,-173.9028,63.88739999999999,-249.9288,175,75
2026-05-09 17:14:12.774,5,0.07,0.46,0.01,-158.5328,70.8074,-249.9288,175,75
2026-05-09 17:14:12.774,5,0.61,0.63,0.01,-147.6128,85.18740000000001,-249.9288,175,75
2026-05-09 17:14:12.792,5,1.29,0.86,-0.1,-132.6928,113.46740000000001,-98.1288,175,75
2026-05-09 17:14:12.809,5,2.0,1.08,-0.22,-129.0228,187.4374,147.2712,175,75
2026-05-09 17:14:12.809,5,2.0,2.0,0.23,-90.0928,168.7874,250.3412,175,75
2026-05-09 17:14:12.821,5,1.32,2.0,1.88,-114.9828,144.1974,250.3412,175,75
2026-05-09 17:14:12.821,5,1.35,1.83,2.0,-182.7728,215.76739999999998,250.3412,175,75
2026-05-09 17:14:12.833,5,1.69,0.79,2.0,-216.0228,249.4174,250.3412,175,75
2026-05-09 17:14:12.844,5,1.03,-0.51,2.0,-216.4028,249.4174,250.3412,175,75
2026-05-09 17:14:12.865,5,-1.56,-0.07,1.08,-126.3728,249.4174,250.3412,175,75
2026-05-09 17:14:12.879,5,-2.0,-1.09,1.58,-90.25280000000001,117.2074,250.3412,175,75
2026-05-09 17:14:12.879,5,-2.0,-1.3,1.68,-64.7428,-22.362599999999997,250.3412,175,75
2026-05-09 17:14:12.899,5,-2.0,-1.6,1.75,-41.47280000000001,-142.29260000000002,250.3412,175,75
2026-05-09 17:14:12.899,5,-2.0,-1.86,1.84,-24.9228,-226.8326,176.94119999999998,175,75
2026-05-09 17:14:12.912,5,-1.2,-2.0,1.94,-23.9128,-250.8526,139.4812,175,75
2026-05-09 17:14:12.923,5,-0.97,-1.89,1.71,-38.762800000000006,-250.8526,81.2412,175,75
2026-05-09 17:14:12.933,5,-0.83,-1.72,1.27,-21.2728,-250.8526,-44.5188,175,75
2026-05-09 17:14:12.945,5,0.25,-1.37,0.99,18.5272,-234.6326,-185.4088,175,75
2026-05-09 17:14:12.967,5,0.94,-0.45,0.94,80.4872,102.59740000000001,-249.9288,175,75
2026-05-09 17:14:12.977,5,0.62,0.04,0.98,85.4272,213.26739999999998,-249.9288,175,75
2026-05-09 17:14:12.988,5,0.28,0.35,0.96,77.0072,249.4174,-249.9288,175,75
2026-05-09 17:14:12.997,5,0.28,0.51,1.06,63.2972,249.4174,-249.9288,175,75
2026-05-09 17:14:13.001,5,0.63,0.6,1.25,53.27719999999999,194.2874,-249.9288,175,75
2026-05-09 17:14:13.012,5,0.55,0.84,1.62,40.6872,70.8574,-249.9288,175,75
2026-05-09 17:14:13.036,5,0.14,0.54,1.57,35.627199999999995,33.5974,-165.5088,175,75
2026-05-09 17:14:13.036,5,-0.12,0.43,1.39,35.6172,22.567400000000003,-65.9588,175,75
2026-05-09 17:14:13.051,5,0.03,0.24,1.28,48.1072,-1.0226,69.3412,175,75
2026-05-09 17:14:13.051,5,0.31,0.23,1.31,59.8572,-32.2826,221.5212,175,75
2026-05-09 17:14:13.062,5,0.69,0.24,1.37,59.4972,-51.7426,250.3412,175,75
2026-05-09 17:14:13.073,5,0.47,0.42,1.43,45.4972,-78.34259999999999,250.3412,175,75
2026-05-09 17:14:13.089,5,0.63,0.8,1.96,-9.992799999999999,-147.5626,250.3412,175,75
2026-05-09 17:14:13.099,5,0.51,-0.73,1.94,-43.082800000000006,-226.2426,250.3412,175,75
2026-05-09 17:14:13.099,5,0.53,-1.19,1.77,-46.6428,-235.04260000000002,250.3412,175,75
2026-05-09 17:14:13.112,5,0.11,-1.2,1.4,-22.532799999999998,-142.7126,250.3412,175,75
2026-05-09 17:14:13.123,5,-0.73,-1.08,1.2,7.3972,-32.1426,250.3412,175,75
2026-05-09 17:14:13.133,5,-1.22,-1.01,1.22,26.7372,49.6674,123.50120000000001,175,75
2026-05-09 17:14:13.149,5,-1.37,-0.96,1.39,29.717200000000002,92.7574,-84.1588,175,75
2026-05-09 17:14:13.161,5,-1.06,-0.91,1.53,28.2972,111.3174,-249.9288,175,75
2026-05-09 17:14:13.171,5,-0.57,-0.86,1.51,34.657199999999996,110.7574,-249.9288,175,75
2026-05-09 17:14:13.182,5,-0.12,-0.72,1.42,48.3672,93.8074,-249.9288,175,75
2026-05-09 17:14:13.193,5,0.17,-0.54,1.33,62.4272,58.617399999999996,-249.9288,175,75
2026-05-09 17:14:13.204,5,0.22,-0.35,1.31,69.4072,1.1074000000000002,-249.9288,175,75
2026-05-09 17:14:13.218,5,0.5,-0.08,1.29,61.7572,-58.8126,-203.5488,175,75
2026-05-09 17:14:13.229,5,0.54,0.07,1.14,44.157199999999996,-98.37259999999999,-86.4588,175,75
2026-05-09 17:14:13.239,5,0.5,0.05,0.91,26.6572,-111.9926,11.7912,175,75
2026-05-09 17:14:13.239,5,0.47,-0.02,0.69,17.2772,-114.0226,91.08120000000001,175,75
2026-05-09 17:14:13.251,5,0.33,-0.18,0.38,10.167200000000001,-142.39260000000002,214.7412,175,75
2026-05-09 17:14:13.273,5,0.31,-0.25,0.26,2.6272,-184.8026,250.3412,175,75
2026-05-09 17:14:13.285,5,0.31,-0.32,0.13,-1.5328,-217.9326,250.3412,175,75
2026-05-09 17:14:13.292,5,0.4,-0.38,-0.02,-6.892799999999999,-238.42260000000002,250.3412,175,75
2026-05-09 17:14:13.304,5,0.72,-0.45,-0.34,-8.0428,-202.8126,250.3412,175,75
2026-05-09 17:14:13.315,5,0.94,-0.63,-0.78,-11.002799999999999,-89.5426,137.7112,175,75
2026-05-09 17:14:13.328,5,0.09,-0.38,-0.93,-13.572799999999999,-2.2526,0.9812000000000001,175,75
2026-05-09 17:14:13.328,5,-0.54,-0.33,-0.71,5.777200000000001,12.9774,-106.63879999999999,175,75
2026-05-09 17:14:13.339,5,-0.97,-0.11,-0.53,-5.652799999999999,-19.4726,-198.1788,175,75
2026-05-09 17:14:13.351,5,-0.98,0.09,-0.4,-21.9828,-69.6026,-249.9288,175,75
2026-05-09 17:14:13.389,5,-0.78,0.28,-0.26,-49.732800000000005,-113.2226,-249.9288,175,75
2026-05-09 17:14:13.389,5,-0.42,0.38,-0.15,-82.1828,-137.5626,-249.9288,175,75
2026-05-09 17:14:13.389,5,-0.06,0.43,-0.03,-116.56280000000001,-135.1026,-249.9288,175,75
2026-05-09 17:14:13.402,5,0.18,0.43,0.07,-144.96280000000002,-107.0726,-249.9288,175,75
2026-05-09 17:14:13.412,5,0.27,0.31,0.12,-158.1028,-64.2326,-249.9288,175,75
2026-05-09 17:14:13.412,5,0.23,0.19,0.18,-157.0828,-22.2126,-249.9288,175,75
2026-05-09 17:14:13.423,5,0.3,0.14,0.17,-139.1028,24.517400000000002,-249.9288,175,75
2026-05-09 17:14:13.433,5,0.35,0.21,0.11,-122.2628,71.9774,-244.0988,175,75
2026-05-09 17:14:13.433,5,0.61,0.31,0.2,-104.2728,131.7474,-204.30880000000002,175,75
2026-05-09 17:14:13.445,5,1.31,0.65,0.2,-87.3728,207.9174,-104.0488,175,75
2026-05-09 17:14:13.456,5,2.0,1.42,0.56,-106.50280000000001,249.4174,93.8112,175,75
2026-05-09 17:14:13.469,5,2.0,2.0,1.54,-189.3128,249.4174,250.3412,175,75
2026-05-09 17:14:13.480,5,0.48,1.22,2.0,-249.2728,249.4174,250.3412,175,75
2026-05-09 17:14:13.492,5,-0.51,-0.27,2.0,-205.1928,249.4174,250.3412,175,75
2026-05-09 17:14:13.514,5,-2.0,-1.91,2.0,-177.3028,249.4174,250.3412,175,75
2026-05-09 17:14:13.524,5,-2.0,-1.2,1.36,-120.6828,191.23739999999998,250.3412,175,75
2026-05-09 17:14:13.524,5,-2.0,-1.51,1.3,-60.9628,27.3674,250.3412,175,75
2026-05-09 17:14:13.548,5,-2.0,-1.88,1.25,12.6372,-154.9026,250.3412,175,75
2026-05-09 17:14:13.559,5,-2.0,-1.94,2.0,80.5272,-250.8526,165.3712,175,75
2026-05-09 17:14:13.570,5,-1.31,-1.68,2.0,2.4372,-250.8526,113.9012,175,75
2026-05-09 17:14:13.581,5,-1.26,-1.59,2.0,-83.6328,-250.8526,-43.1188,175,75
2026-05-09 17:14:13.593,5,-0.65,-1.35,1.74,-69.5428,-250.8526,-249.9288,175,75
2026-05-09 17:14:13.619,5,0.59,-0.69,1.24,42.267199999999995,-51.382600000000004,-249.9288,175,75
2026-05-09 17:14:13.630,5,0.74,-0.32,1.18,96.07719999999999,57.1074,-249.9288,175,75
2026-05-09 17:14:13.630,5,0.39,-0.01,1.09,135.9172,97.4274,-249.9288,175,75
2026-05-09 17:14:13.641,5,0.84,0.32,1.26,164.03719999999998,-60.4626,-249.9288,175,75
2026-05-09 17:14:13.660,5,2.0,0.35,2.0,107.3672,-147.8826,72.9912,175,75
2026-05-09 17:14:13.660,5,2.0,-0.18,1.68,91.6972,-45.5326,250.3412,175,75
2026-05-09 17:14:13.671,5,1.84,0.33,1.61,92.5572,48.517399999999995,250.3412,175,75
2026-05-09 17:14:13.682,5,1.21,-0.42,1.48,98.3772,18.887400000000003,250.3412,175,75
2026-05-09 17:14:13.694,5,-0.28,-0.53,2.0,65.0872,-155.2726,250.3412,175,75
2026-05-09 17:14:13.704,5,-0.35,-0.91,2.0,17.9072,-250.8526,250.3412,175,75
2026-05-09 17:14:13.709,5,-0.62,-1.03,1.62,-8.9028,-250.8526,250.3412,175,75
2026-05-09 17:14:13.731,5,-1.05,-1.51,0.53,-8.1228,-160.95260000000002,100.3212,175,75
2026-05-09 17:14:13.744,5,-0.93,-1.44,0.2,37.487199999999994,-99.53259999999999,-125.8288,175,75
2026-05-09 17:14:13.756,5,-0.53,-1.11,0.03,89.7672,-58.3626,-249.9288,175,75
2026-05-09 17:14:13.766,5,-0.06,-0.65,-0.03,125.0672,-32.2126,-249.9288,175,75
2026-05-09 17:14:13.782,5,0.25,-0.17,-0.05,138.0172,-14.6926,-249.9288,175,75
2026-05-09 17:14:13.782,5,0.38,0.08,-0.07,135.1272,10.3474,-249.9288,175,75
2026-05-09 17:14:13.803,5,1.15,0.97,-0.42,39.2972,62.3974,-249.9288,175,75
2026-05-09 17:14:13.819,5,1.61,0.8,-0.53,28.2272,77.7574,-249.9288,175,75
2026-05-09 17:14:13.819,5,0.97,0.88,-0.57,16.8672,50.017399999999995,-219.5388,175,75
2026-05-09 17:14:13.830,5,-0.0,0.7,-0.3,-0.15280000000000005,-3.0726,-151.8788,175,75
2026-05-09 17:14:13.846,5,-0.56,0.55,-0.19,-18.0828,-68.8026,-143.3188,175,75
2026-05-09 17:14:13.851,5,-0.77,0.36,-0.16,-27.5028,-146.9726,-147.86880000000002,175,75
2026-05-09 17:14:13.865,5,-0.71,0.25,-0.12,-27.6328,-218.6826,-127.3488,175,75
2026-05-09 17:14:13.875,5,-0.37,0.16,0.05,-17.9528,-250.8526,-106.9088,175,75
2026-05-09 17:14:13.887,5,-0.14,-0.02,0.18,0.007199999999999984,-250.8526,-59.9988,175,75
2026-05-09 17:14:13.897,5,0.03,0.01,0.22,16.0072,-231.1526,-12.0988,175,75
2026-05-09 17:14:13.910,5,0.2,-0.07,0.29,40.6872,-170.32260000000002,42.581199999999995,175,75
2026-05-09 17:14:13.910,5,0.28,-0.12,0.16,62.097199999999994,-115.15259999999999,87.33120000000001,175,75
2026-05-09 17:14:13.921,5,0.3,-0.07,0.08,87.49719999999999,-62.2126,132.9312,175,75
2026-05-09 17:14:13.935,5,0.32,-0.02,0.03,106.4272,-19.732599999999998,175.7112,175,75
2026-05-09 17:14:13.950,5,0.31,0.03,0.02,114.8172,14.5174,212.66119999999998,175,75
2026-05-09 17:14:13.950,5,0.25,0.05,0.08,115.1472,41.4174,250.3412,175,75
2026-05-09 17:14:13.961,5,0.34,0.15,0.18,106.46719999999999,73.2074,250.3412,175,75
2026-05-09 17:14:13.970,5,0.36,0.14,0.17,97.49719999999999,106.57740000000001,250.3412,175,75
2026-05-09 17:14:13.989,5,0.53,0.15,0.24,85.7572,155.0674,250.3412,175,75
2026-05-09 17:14:13.999,5,0.78,0.16,0.34,76.7872,226.63739999999999,250.3412,175,75
2026-05-09 17:14:13.999,5,1.19,0.14,0.49,68.1472,249.4174,250.3412,175,75
2026-05-09 17:14:14.023,5,1.96,0.18,1.16,58.7872,249.4174,250.3412,175,75
2026-05-09 17:14:14.033,5,1.18,-0.17,2.0,34.8572,129.07739999999998,214.6812,175,75
2026-05-09 17:14:14.044,5,1.13,0.11,2.0,8.4872,122.3674,129.5212,175,75
2026-05-09 17:14:14.044,5,0.5,0.22,1.51,-25.1028,249.4174,36.3412,175,75
2026-05-09 17:14:14.063,5,-0.34,-0.12,1.14,-47.8228,249.4174,-50.738800000000005,175,75
2026-05-09 17:14:14.063,5,-1.0,-0.59,0.96,-53.372800000000005,249.4174,-67.88879999999999,175,75
2026-05-09 17:14:14.073,5,-0.79,-0.52,1.58,-52.332800000000006,181.54739999999998,27.0412,175,75
2026-05-09 17:14:14.094,5,-0.22,-0.65,1.85,-26.7728,2.0774,207.6812,175,75
2026-05-09 17:14:14.108,5,-0.27,-0.77,1.85,-14.2228,-15.8126,250.3412,175,75
2026-05-09 17:14:14.118,5,-0.62,-0.79,1.9,-20.6428,-78.95259999999999,250.3412,175,75
2026-05-09 17:14:14.144,5,-0.51,-0.88,1.78,-28.6428,-137.4726,216.7912,175,75
2026-05-09 17:14:14.159,5,-0.16,-0.86,1.5,-25.9528,-152.07260000000002,162.4312,175,75
2026-05-09 17:14:14.171,5,-0.05,-0.89,1.34,-15.8628,-132.95260000000002,95.7112,175,75
2026-05-09 17:14:14.182,5,0.38,-0.65,1.17,1.6871999999999998,-57.2526,-47.098800000000004,175,75
2026-05-09 17:14:14.193,5,0.7,-0.36,1.12,4.917199999999999,67.6174,-172.7988,175,75
2026-05-09 17:14:14.193,5,0.7,-0.28,1.11,6.7872,124.84740000000001,-214.2288,175,75
2026-05-09 17:14:14.207,5,0.61,-0.25,1.15,11.6172,165.2774,-235.4088,175,75
2026-05-09 17:14:14.225,5,0.58,-0.14,1.6,23.8172,136.7174,-189.1288,175,75
2026-05-09 17:14:14.235,5,0.64,0.04,1.9,18.1372,94.9474,-106.38879999999999,175,75
2026-05-09 17:14:14.246,5,0.47,-0.02,1.93,0.8371999999999999,85.7774,-25.828799999999998,175,75
2026-05-09 17:14:14.260,5,0.15,-0.2,1.79,-12.072799999999999,88.6074,53.8412,175,75
2026-05-09 17:14:14.281,5,-0.64,-0.69,1.9,-6.3628,15.9474,178.3712,175,75
2026-05-09 17:14:14.293,5,-0.75,-0.77,2.0,6.9072,-22.052599999999998,133.3312,175,75
2026-05-09 17:14:14.307,5,-0.8,-0.8,2.0,18.877200000000002,-43.9726,58.9612,175,75
2026-05-09 17:14:14.320,5,-0.63,-0.8,2.0,29.5072,-39.1526,-21.578799999999998,175,75
2026-05-09 17:14:14.321,5,-0.49,-0.74,2.0,36.7472,-23.5626,-91.83879999999999,175,75
2026-05-09 17:14:14.344,5,-0.55,-0.69,1.91,47.597199999999994,-32.8626,-148.4888,175,75
2026-05-09 17:14:14.358,5,-0.4,-0.54,1.74,65.99719999999999,-64.8926,-182.2588,175,75
2026-05-09 17:14:14.371,5,-0.17,-0.32,1.6,79.35719999999999,-90.09259999999999,-188.33880000000002,175,75
2026-05-09 17:14:14.387,5,0.08,0.0,1.32,88.3072,-127.6026,-153.1288,175,75
2026-05-09 17:14:14.387,5,0.16,0.1,1.2,85.8372,-142.01260000000002,-126.30879999999999,175,75
2026-05-09 17:14:14.398,5,0.24,0.14,1.02,83.24719999999999,-152.20260000000002,-101.08879999999999,175,75
2026-05-09 17:14:14.411,5,0.28,0.21,0.87,78.0872,-153.48260000000002,-83.41879999999999,175,75
2026-05-09 17:14:14.411,5,0.33,0.21,0.68,70.68719999999999,-147.0826,-73.4288,175,75
2026-05-09 17:14:14.422,5,0.28,0.25,0.54,62.347199999999994,-133.6026,-72.63879999999999,175,75
2026-05-09 17:14:14.434,5,0.2,0.22,0.34,54.1772,-120.87259999999999,-74.7688,175,75
2026-05-09 17:14:14.445,5,0.14,0.22,0.16,47.597199999999994,-120.4926,-75.4088,175,75
2026-05-09 17:14:14.457,5,0.08,0.22,-0.02,42.5372,-131.3026,-66.1488,175,75
2026-05-09 17:14:14.468,5,0.16,0.22,-0.26,35.3172,-151.7726,-49.2488,175,75
2026-05-09 17:14:14.478,5,0.45,0.15,-0.38,32.9372,-161.3826,-17.1288,175,75
2026-05-09 17:14:14.495,5,0.84,0.09,-0.48,48.6872,-153.95260000000002,44.441199999999995,175,75
2026-05-09 17:14:14.496,5,0.66,0.21,-0.6,53.127199999999995,-139.8726,101.3812,175,75
2026-05-09 17:14:14.507,5,0.38,0.19,-0.53,48.517199999999995,-131.6526,127.4812,175,75
2026-05-09 17:14:14.529,5,0.22,0.08,-0.43,42.2072,-129.1626,140.35119999999998,175,75
2026-05-09 17:14:14.529,5,0.13,0.02,-0.26,32.5572,-124.56259999999999,146.2612,175,75
2026-05-09 17:14:14.556,5,-0.12,-0.06,0.2,-4.752800000000001,-52.732600000000005,92.4812,175,75
2026-05-09 17:14:14.567,5,-0.12,0.02,0.23,-15.872799999999998,-17.7226,62.5312,175,75
2026-05-09 17:14:14.607,5,-0.16,-0.16,0.27,-22.962799999999998,16.767400000000002,33.691199999999995,175,75
2026-05-09 17:14:14.607,5,-0.19,-0.18,0.27,-28.2328,49.8574,6.0512,175,75
2026-05-09 17:14:14.607,5,-0.15,-0.18,0.26,-34.512800000000006,79.12740000000001,-20.3188,175,75
2026-05-09 17:14:14.618,5,-0.06,-0.17,0.24,-37.2128,109.21740000000001,-40.6988,175,75
2026-05-09 17:14:14.632,5,0.04,-0.12,0.24,-39.4628,138.5874,-56.5488,175,75
2026-05-09 17:14:14.644,5,0.18,-0.09,0.26,-41.1828,170.5974,-67.9088,175,75
2026-05-09 17:14:14.644,5,0.32,-0.04,0.26,-42.442800000000005,206.3674,-73.05879999999999,175,75
2026-05-09 17:14:14.653,5,0.42,0.12,0.24,-49.5628,245.2174,-77.1288,175,75
2026-05-09 17:14:14.661,5,0.46,0.05,0.47,-55.772800000000004,249.4174,-85.83879999999999,175,75
2026-05-09 17:14:14.665,5,0.6,0.13,1.0,-53.442800000000005,197.9474,-86.1488,175,75
2026-05-09 17:14:14.682,5,1.05,0.39,1.73,-57.9528,25.8674,-35.348800000000004,175,75
2026-05-09 17:14:14.695,5,1.05,0.46,1.65,-78.2028,-24.822599999999998,-24.148799999999998,175,75
2026-05-09 17:14:14.695,5,1.06,0.43,1.59,-112.86280000000001,58.4874,-54.3188,175,75
2026-05-09 17:14:14.710,5,1.04,0.28,1.56,-147.0828,201.3474,-86.8688,175,75
2026-05-09 17:14:14.722,5,1.09,0.05,1.59,-165.4228,249.4174,-84.7688,175,75
2026-05-09 17:14:14.722,5,0.97,-0.07,1.82,-152.9028,249.4174,42.1612,175,75
2026-05-09 17:14:14.732,5,0.17,-0.17,2.0,-113.7928,249.4174,204.7112,175,75
2026-05-09 17:14:14.741,5,-0.54,-0.3,2.0,-74.78280000000001,249.4174,250.3412,175,75
2026-05-09 17:14:14.752,5,-1.54,-0.37,1.98,-67.5928,189.2574,250.3412,175,75
2026-05-09 17:14:14.762,5,-2.0,-0.72,2.0,-64.3028,66.73740000000001,250.3412,175,75
2026-05-09 17:14:14.779,5,-2.0,-1.01,2.0,-56.7428,-67.4426,228.2412,175,75
2026-05-09 17:14:14.787,5,-1.9,-1.16,2.0,-46.6728,-162.2426,155.4212,175,75
2026-05-09 17:14:14.789,5,-1.4,-1.14,2.0,-40.152800000000006,-210.0526,67.14120000000001,175,75
2026-05-09 17:14:14.801,5,-1.09,-0.97,2.0,-37.872800000000005,-225.1226,-49.0888,175,75
2026-05-09 17:14:14.813,5,-0.66,-0.88,1.79,-22.5828,-239.1626,-179.99880000000002,175,75
2026-05-09 17:14:14.824,5,0.22,-0.56,1.63,0.24719999999999998,-236.1626,-249.9288,175,75
2026-05-09 17:14:14.837,5,0.93,-0.28,1.62,24.377200000000002,-202.07260000000002,-249.9288,175,75
2026-05-09 17:14:14.851,5,1.55,-0.07,1.55,35.8172,-153.6026,-249.9288,175,75
2026-05-09 17:14:14.851,5,1.96,0.01,1.52,39.3572,-107.23259999999999,-249.71880000000002,175,75
2026-05-09 17:14:14.872,5,1.63,0.0,1.48,44.6872,38.0574,-8.2288,175,75
2026-05-09 17:14:14.888,5,1.33,0.02,1.59,47.0072,108.84740000000001,90.3212,175,75
2026-05-09 17:14:14.909,5,0.42,0.01,2.0,28.8472,98.84740000000001,215.7612,175,75
2026-05-09 17:14:14.921,5,0.09,-0.31,2.0,13.4672,54.117399999999996,213.53119999999998,175,75
2026-05-09 17:14:14.921,5,-0.24,-0.68,2.0,14.257200000000001,6.3574,191.1212,175,75
2026-05-09 17:14:14.933,5,-0.54,-0.9,1.89,32.2372,-49.522600000000004,153.9812,175,75
2026-05-09 17:14:14.944,5,-0.66,-0.91,1.69,51.767199999999995,-107.73259999999999,96.6312,175,75
2026-05-09 17:14:14.955,5,-0.51,-0.77,1.49,64.6572,-149.7826,21.5212,175,75
2026-05-09 17:14:14.967,5,-0.18,-0.63,1.26,76.8372,-168.6926,-52.5488,175,75
2026-05-09 17:14:14.979,5,0.14,-0.44,1.04,88.3972,-168.82260000000002,-116.7088,175,75
2026-05-09 17:14:14.989,5,0.49,-0.2,0.86,97.6572,-148.9726,-169.4488,175,75
2026-05-09 17:14:15.000,5,0.63,0.25,0.54,102.0172,-89.5726,-245.4788,175,75
2026-05-09 17:14:15.014,5,0.61,0.38,0.45,89.8072,-66.73259999999999,-249.9288,175,75
2026-05-09 17:14:15.026,5,0.55,0.48,0.27,74.8672,-52.632600000000004,-249.9288,175,75
2026-05-09 17:14:15.036,5,0.79,0.44,0.02,61.02719999999999,-44.2526,-242.14880000000002,175,75
2026-05-09 17:14:15.049,5,1.32,0.56,-0.32,57.097199999999994,-29.3826,-135.7988,175,75
2026-05-09 17:14:15.061,5,0.95,0.53,-0.38,49.3672,-13.922600000000001,-31.8588,175,75
2026-05-09 17:14:15.071,5,0.29,0.45,-0.37,48.0372,-12.922600000000001,19.8712,175,75
2026-05-09 17:14:15.071,5,-0.1,0.11,-0.26,42.1172,-40.2226,45.4912,175,75
2026-05-09 17:14:15.100,5,-0.22,-0.06,-0.17,41.837199999999996,-131.1326,119.94120000000001,175,75
2026-05-09 17:14:15.100,5,-0.04,0.01,-0.04,34.8872,-160.8426,150.7712,175,75
2026-05-09 17:14:15.113,5,0.05,0.02,0.1,15.6372,-161.45260000000002,172.6112,175,75
2026-05-09 17:14:15.126,5,0.04,-0.02,0.16,-4.4428,-139.6226,178.7712,175,75
2026-05-09 17:14:15.131,5,0.0,-0.06,0.19,-20.7628,-108.0826,170.10119999999998,175,75
2026-05-09 17:14:15.146,5,-0.13,-0.19,0.17,-34.832800000000006,-70.1826,148.6812,175,75
2026-05-09 17:14:15.157,5,-0.08,-0.17,0.14,-41.662800000000004,-31.5126,122.2912,175,75
2026-05-09 17:14:15.169,5,-0.1,-0.26,0.09,-41.1128,3.0174,93.30120000000001,175,75
2026-05-09 17:14:15.187,5,-0.02,-0.29,0.06,-35.762800000000006,39.657399999999996,64.97120000000001,175,75
2026-05-09 17:14:15.199,5,0.15,-0.23,0.1,-25.2028,121.65740000000001,18.1812,175,75
2026-05-09 17:14:15.211,5,0.17,-0.19,0.15,-23.8328,163.92739999999998,-3.0688,175,75
2026-05-09 17:14:15.211,5,0.15,-0.17,0.2,-21.9128,206.07739999999998,-23.6588,175,75
2026-05-09 17:14:15.224,5,0.16,-0.15,0.24,-18.782799999999998,241.23739999999998,-44.3588,175,75
2026-05-09 17:14:15.235,5,0.18,-0.16,0.27,-14.3028,249.4174,-65.30879999999999,175,75
2026-05-09 17:14:15.249,5,0.13,-0.14,0.43,-19.0228,249.4174,-94.30879999999999,175,75
2026-05-09 17:14:15.259,5,-0.06,-0.19,0.95,-12.9428,163.13739999999999,-143.6388,175,75
2026-05-09 17:14:15.271,5,0.47,-0.04,1.21,-20.6428,42.7174,-157.02880000000002,175,75
2026-05-09 17:14:15.277,5,0.53,0.15,1.07,-35.762800000000006,-12.5626,-155.4488,175,75
2026-05-09 17:14:15.291,5,0.31,0.22,0.84,-47.5728,-25.4426,-168.27880000000002,175,75
2026-05-09 17:14:15.300,5,0.2,0.28,0.68,-53.7928,-29.642599999999998,-185.6388,175,75
2026-05-09 17:14:15.311,5,0.33,0.33,0.7,-55.902800000000006,-21.6926,-195.7888,175,75
2026-05-09 17:14:15.321,5,0.62,0.41,0.88,-57.1828,0.36740000000000006,-188.3488,175,75
2026-05-09 17:14:15.321,5,1.3,0.67,1.39,-69.5228,14.4674,-126.6488,175,75
2026-05-09 17:14:15.334,5,2.0,0.8,1.98,-115.0228,41.657399999999996,20.8912,175,75
2026-05-09 17:14:15.345,5,2.0,0.46,2.0,-157.3228,145.9474,163.31119999999999,175,75
2026-05-09 17:14:15.359,5,1.92,0.02,1.71,-160.1128,249.4174,250.3412,175,75
2026-05-09 17:14:15.359,5,1.13,-0.29,1.42,-109.9728,249.4174,250.3412,175,75
2026-05-09 17:14:15.370,5,-0.23,-0.36,1.7,-56.732800000000005,249.4174,250.3412,175,75
2026-05-09 17:14:15.383,5,-1.2,-0.65,1.86,-48.5328,191.8774,250.3412,175,75
2026-05-09 17:14:15.393,5,-1.66,-0.93,1.88,-37.8928,92.76740000000001,250.3412,175,75
2026-05-09 17:14:15.407,5,-1.64,-1.18,1.64,-12.922799999999999,18.017400000000002,196.1512,175,75
2026-05-09 17:14:15.419,5,-1.72,-1.29,1.6,12.0672,-38.3626,110.5312,175,75
2026-05-09 17:14:15.420,5,-1.51,-1.22,1.82,19.8872,-87.5226,9.7712,175,75
2026-05-09 17:14:15.431,5,-1.12,-1.03,2.0,-3.6128000000000005,-122.7126,-124.94879999999999,175,75
2026-05-09 17:14:15.442,5,-0.53,-0.82,1.97,-28.4428,-144.4926,-249.9288,175,75
2026-05-09 17:14:15.455,5,0.3,-0.55,1.62,-32.1328,-120.6326,-249.9288,175,75
2026-05-09 17:14:15.471,5,0.85,-0.2,1.4,-24.6628,-64.8926,-249.9288,175,75
2026-05-09 17:14:15.471,5,1.12,0.12,1.32,-16.0828,9.3474,-249.9288,175,75
2026-05-09 17:14:15.482,5,1.43,0.28,1.48,-15.3628,78.23740000000001,-249.9288,175,75
2026-05-09 17:14:15.495,5,1.76,0.33,1.74,-19.7928,112.7574,-249.9288,175,75
2026-05-09 17:14:15.507,5,1.49,0.22,1.84,-11.2828,142.2274,-205.36880000000002,175,75
2026-05-09 17:14:15.528,5,0.2,0.13,1.73,24.5972,233.17739999999998,17.3212,175,75
2026-05-09 17:14:15.539,5,-0.27,0.22,1.92,30.0772,221.5874,94.55120000000001,175,75
2026-05-09 17:14:15.549,5,-0.89,0.37,2.0,23.2972,154.92739999999998,162.2612,175,75
2026-05-09 17:14:15.549,5,-1.07,0.29,2.0,6.3072,72.09740000000001,192.7912,175,75
2026-05-09 17:14:15.561,5,-1.07,-0.03,2.0,-3.5728000000000004,-9.9026,198.9912,175,75
2026-05-09 17:14:15.573,5,-1.02,-0.48,2.0,7.3972,-78.9426,196.0212,175,75
2026-05-09 17:14:15.585,5,-1.0,-0.87,1.98,31.2472,-148.6626,188.60119999999998,175,75
2026-05-09 17:14:15.610,5,-0.68,-0.7,1.52,82.71719999999999,-250.8526,109.36120000000001,175,75
2026-05-09 17:14:15.621,5,-0.35,-0.49,1.32,96.6572,-250.8526,54.0512,175,75
2026-05-09 17:14:15.621,5,-0.13,-0.38,1.1,103.7672,-250.8526,-3.8988000000000005,175,75
2026-05-09 17:14:15.645,5,0.24,-0.23,0.86,109.3972,-250.8526,-52.958800000000004,175,75
2026-05-09 17:14:15.645,5,0.39,-0.09,0.67,112.9272,-243.5026,-89.4688,175,75
2026-05-09 17:14:15.659,5,0.49,0.07,0.52,110.3372,-209.7726,-116.22879999999999,175,75
2026-05-09 17:14:15.669,5,0.39,0.2,0.39,99.9172,-179.4726,-142.2088,175,75
2026-05-09 17:14:15.669,5,0.29,0.26,0.22,87.2372,-158.57260000000002,-162.7988,175,75
2026-05-09 17:14:15.680,5,0.3,0.23,0.03,78.85719999999999,-140.2726,-165.21880000000002,175,75
2026-05-09 17:14:15.699,5,0.23,0.29,-0.18,72.4472,-131.95260000000002,-156.99880000000002,175,75
2026-05-09 17:14:15.730,5,0.58,0.55,-0.7,73.5572,-129.29260000000002,-78.8488,175,75
2026-05-09 17:14:15.741,5,0.49,0.38,-0.35,54.337199999999996,-112.1826,65.30120000000001,175,75
2026-05-09 17:14:15.752,5,0.31,0.17,-0.29,35.597199999999994,-111.6626,111.3412,175,75
2026-05-09 17:14:15.752,5,0.25,0.08,-0.18,22.3372,-110.1826,152.3612,175,75
2026-05-09 17:14:15.769,5,0.18,0.07,-0.03,8.6272,-98.7926,180.00119999999998,175,75
2026-05-09 17:14:15.780,5,0.04,-0.01,0.09,-10.7328,-49.802600000000005,191.19119999999998,175,75
2026-05-09 17:14:15.793,5,0.01,-0.06,0.07,-16.4128,-22.862599999999997,182.3212,175,75
2026-05-09 17:14:15.809,5,-0.07,-0.15,0.03,-14.5328,0.5174,167.9912,175,75
2026-05-09 17:14:15.809,5,-0.07,-0.2,0.0,-8.6528,22.5574,150.5212,175,75
2026-05-09 17:14:15.861,5,0.09,-0.22,0.03,10.4072,95.4974,101.5712,175,75
2026-05-09 17:14:15.871,5,0.15,-0.19,0.06,11.5272,123.8974,89.50120000000001,175,75
2026-05-09 17:14:15.871,5,0.2,-0.18,0.09,10.4372,154.8174,78.8412,175,75
2026-05-09 17:14:15.882,5,0.25,-0.16,0.13,7.8972,188.5074,63.331199999999995,175,75
2026-05-09 17:14:15.893,5,0.27,-0.17,0.25,4.1372,212.32739999999998,30.281200000000002,175,75
2026-05-09 17:14:15.893,5,0.22,-0.32,0.49,1.4472,198.3174,-42.278800000000004,175,75
2026-05-09 17:14:15.905,5,0.24,-0.26,0.82,-9.582799999999999,134.79739999999998,-121.2688,175,75
2026-05-09 17:14:15.919,5,0.47,-0.11,1.05,-20.1828,84.43740000000001,-153.96880000000002,175,75
2026-05-09 17:14:15.932,5,0.51,0.16,1.14,-82.4428,99.93740000000001,-214.93880000000001,175,75
2026-05-09 17:14:15.956,5,1.02,0.17,1.51,-125.06280000000001,249.4174,-239.3188,175,75
2026-05-09 17:14:15.970,5,1.2,0.34,1.98,-136.0328,249.4174,-159.6088,175,75
2026-05-09 17:14:15.970,5,0.8,0.29,2.0,-135.24280000000002,230.3074,-11.3788,175,75
2026-05-09 17:14:15.995,5,-0.4,0.01,1.86,-106.2328,249.4174,84.2012,175,75
2026-05-09 17:14:16.012,5,-0.66,-0.23,2.0,-77.5428,241.6474,118.0612,175,75
2026-05-09 17:14:16.018,5,-1.08,-0.33,2.0,-63.8228,148.60739999999998,186.38119999999998,175,75
2026-05-09 17:14:16.029,5,-1.46,-0.59,2.0,-57.872800000000005,38.0774,226.6512,175,75
2026-05-09 17:14:16.040,5,-1.49,-0.81,2.0,-46.7928,-56.3726,230.4312,175,75
2026-05-09 17:14:16.040,5,-1.28,-0.91,2.0,-31.892799999999998,-124.98259999999999,190.8712,175,75
2026-05-09 17:14:16.051,5,-1.02,-0.9,2.0,-25.1828,-173.9726,114.8412,175,75
2026-05-09 17:14:16.065,5,-1.15,-0.83,1.95,-20.9728,-200.04260000000002,11.9212,175,75
2026-05-09 17:14:16.070,5,-0.35,-0.69,1.71,-8.922799999999999,-210.0226,-88.9388,175,75
2026-05-09 17:14:16.082,5,0.26,-0.54,1.53,7.1172,-193.6026,-175.6388,175,75
2026-05-09 17:14:16.093,5,0.84,-0.36,1.46,21.8372,-159.2426,-224.6388,175,75
2026-05-09 17:14:16.116,5,1.59,-0.1,1.49,30.8072,-58.8626,-196.96880000000002,175,75
2026-05-09 17:14:16.127,5,1.65,-0.05,1.55,18.3272,3.5374,-120.3688,175,75
2026-05-09 17:14:16.137,5,1.39,-0.13,1.49,10.8872,73.1374,-37.028800000000004,175,75
2026-05-09 17:14:16.150,5,1.0,-0.2,1.53,15.1372,132.63739999999999,32.5512,175,75
2026-05-09 17:14:16.150,5,0.6,-0.18,1.72,16.2272,153.5274,76.6312,175,75
2026-05-09 17:14:16.177,5,-0.08,-0.36,2.0,3.6172,115.3674,72.0612,175,75
2026-05-09 17:14:16.196,5,-0.57,-0.71,2.0,14.427200000000001,58.0774,8.1012,175,75
2026-05-09 17:14:16.205,5,-0.66,-0.72,2.0,27.9072,14.5274,-26.558799999999998,175,75
2026-05-09 17:14:16.224,5,-0.6,-0.63,1.92,42.1372,-28.1526,-65.1288,175,75
2026-05-09 17:14:16.234,5,-0.36,-0.5,1.8,55.237199999999994,-60.272600000000004,-99.5088,175,75
2026-05-09 17:14:16.234,5,-0.1,-0.33,1.66,67.5372,-80.12259999999999,-125.5688,175,75
2026-05-09 17:14:16.258,5,0.3,0.03,1.37,82.96719999999999,-87.56259999999999,-158.2888,175,75
2026-05-09 17:14:16.270,5,0.38,0.18,1.19,86.7572,-80.2426,-163.2888,175,75
2026-05-09 17:14:16.282,5,0.43,0.3,1.04,86.0372,-73.51259999999999,-162.89880000000002,175,75
2026-05-09 17:14:16.292,5,0.45,0.36,0.9,81.88719999999999,-68.0226,-155.86880000000002,175,75
2026-05-09 17:14:16.292,5,0.36,0.38,0.75,76.2372,-62.3626,-149.2088,175,75
2026-05-09 17:14:16.303,5,0.24,0.45,0.61,66.1772,-62.1826,-142.80880000000002,175,75
2026-05-09 17:14:16.314,5,0.18,0.44,0.47,53.337199999999996,-68.15259999999999,-133.27880000000002,175,75
2026-05-09 17:14:16.323,5,0.16,0.41,0.34,40.5372,-79.1326,-116.6788,175,75
2026-05-09 17:14:16.337,5,0.18,0.39,0.18,27.6372,-94.2726,-92.22879999999999,175,75
2026-05-09 17:14:16.350,5,0.28,0.34,0.07,15.5272,-104.8926,-58.7488,175,75
2026-05-09 17:14:16.383,5,0.87,0.28,-0.39,9.577200000000001,-102.09259999999999,64.16120000000001,175,75
2026-05-09 17:14:16.383,5,0.72,0.24,-0.32,14.8672,-81.6126,129.5912,175,75
2026-05-09 17:14:16.393,5,0.34,0.29,-0.39,16.2572,-67.9426,144.5712,175,75
2026-05-09 17:14:16.404,5,0.18,0.12,-0.38,13.257200000000001,-59.6126,138.7112,175,75
2026-05-09 17:14:16.404,5,0.15,0.04,-0.3,10.7172,-53.9326,131.5512,175,75
2026-05-09 17:14:16.415,5,0.11,-0.0,-0.15,4.4772,-43.5626,122.6512,175,75
2026-05-09 17:14:16.431,5,0.1,-0.02,0.0,-6.2828,-25.642599999999998,112.5112,175,75
2026-05-09 17:14:16.441,5,0.08,-0.06,0.17,-15.212799999999998,-1.7926000000000002,102.8712,175,75
2026-05-09 17:14:16.441,5,0.04,-0.28,0.19,-28.9428,26.4174,95.1312,175,75
2026-05-09 17:14:16.452,5,-0.02,-0.12,0.29,-39.5728,55.4974,88.9012,175,75
2026-05-09 17:14:16.464,5,-0.08,-0.19,0.36,-45.1828,85.84740000000001,78.6812,175,75
2026-05-09 17:14:16.483,5,-0.11,-0.19,0.4,-54.832800000000006,147.1974,34.831199999999995,175,75
2026-05-09 17:14:16.499,5,-0.05,-0.18,0.37,-50.7528,178.8174,11.7112,175,75
2026-05-09 17:14:16.502,5,-0.07,-0.22,0.39,-38.762800000000006,191.7874,-27.898799999999998,175,75
2026-05-09 17:14:16.513,5,-0.26,-0.24,0.45,-12.242799999999999,151.63739999999999,-81.47879999999999,175,75
2026-05-09 17:14:16.522,5,0.14,-0.17,0.67,10.337200000000001,75.6374,-105.44879999999999,175,75
2026-05-09 17:14:16.534,5,0.11,-0.04,0.56,8.6372,35.657399999999996,-104.5188,175,75
2026-05-09 17:14:16.557,5,-0.1,0.02,0.38,1.3072,7.3774,-107.41879999999999,175,75
2026-05-09 17:14:16.569,5,0.0,0.18,0.24,-27.7628,-53.732600000000005,-106.1888,175,75
2026-05-09 17:14:16.583,5,0.27,0.24,0.28,-50.2928,-63.552600000000005,-99.9388,175,75
2026-05-09 17:14:16.583,5,0.58,0.25,0.35,-71.2428,-59.5326,-81.8788,175,75
2026-05-09 17:14:16.593,5,0.83,0.17,0.37,-74.7128,-53.1126,-55.9688,175,75
2026-05-09 17:14:16.602,5,1.05,0.13,0.43,-58.9328,-53.552600000000005,-24.488799999999998,175,75
2026-05-09 17:14:16.615,5,1.23,0.15,0.65,-43.662800000000004,-53.702600000000004,12.8112,175,75
2026-05-09 17:14:16.626,5,1.42,0.16,0.99,-46.692800000000005,-45.3926,58.3212,175,75
2026-05-09 17:14:16.639,5,1.72,0.1,1.44,-71.3028,-24.4726,120.94120000000001,175,75
2026-05-09 17:14:16.651,5,2.0,-0.04,1.84,-109.4728,71.6174,189.7112,175,75
2026-05-09 17:14:16.664,5,2.0,-0.33,1.91,-126.86280000000001,249.4174,227.06119999999999,175,75
2026-05-09 17:14:16.664,5,1.79,-0.53,1.89,-115.42280000000001,249.4174,222.19119999999998,175,75
2026-05-09 17:14:16.682,5,-0.51,-1.22,1.71,-67.06280000000001,249.4174,-15.8388,175,75
2026-05-09 17:14:16.700,5,-1.25,-1.17,1.21,-35.332800000000006,249.4174,-61.3188,175,75
2026-05-09 17:14:16.700,5,-1.56,-1.11,1.14,1.4971999999999999,249.4174,-104.9288,175,75
2026-05-09 17:14:16.711,5,-1.96,-0.99,1.24,34.9672,190.7274,-162.99880000000002,175,75
2026-05-09 17:14:16.721,5,-1.82,-0.75,1.58,63.127199999999995,127.49740000000001,-237.6088,175,75
2026-05-09 17:14:16.734,5,-1.39,-0.48,1.94,80.7572,75.0874,-249.9288,175,75
2026-05-09 17:14:16.746,5,-0.89,-0.01,2.0,95.1672,-1.0326,-249.9288,175,75
2026-05-09 17:14:16.760,5,-0.32,0.44,2.0,98.1672,-85.98259999999999,-249.9288,175,75
2026-05-09 17:14:16.771,5,0.0,0.81,1.95,85.2372,-135.6326,-249.9288,175,75
2026-05-09 17:14:16.771,5,0.23,0.82,1.62,58.9272,-164.7526,-249.9288,175,75
2026-05-09 17:14:16.790,5,0.52,0.77,1.33,33.987199999999994,-169.3726,-226.0188,175,75
2026-05-09 17:14:16.809,5,1.02,0.31,1.0,11.1272,-75.1626,-42.668800000000005,175,75
2026-05-09 17:14:16.831,5,0.77,0.23,0.94,14.5572,83.6074,119.55120000000001,175,75
2026-05-09 17:14:16.841,5,0.61,0.32,1.13,7.6572,146.5074,174.0512,175,75
2026-05-09 17:14:16.848,5,0.54,0.4,1.35,-8.3128,196.95739999999998,228.4812,175,75
2026-05-09 17:14:16.857,5,0.41,0.4,1.6,-23.1828,230.26739999999998,250.3412,175,75
2026-05-09 17:14:16.869,5,0.07,0.3,1.93,-32.022800000000004,220.48739999999998,250.3412,175,75
2026-05-09 17:14:16.879,5,-0.57,-0.03,2.0,-31.2028,171.17739999999998,250.3412,175,75
2026-05-09 17:14:16.894,5,-1.05,0.3,2.0,-29.4028,116.57740000000001,250.3412,175,75
2026-05-09 17:14:16.906,5,-1.76,-1.0,1.95,16.6372,34.8074,151.3612,175,75
2026-05-09 17:14:16.915,5,-1.8,-1.08,2.0,47.977199999999996,-4.8126,69.52120000000001,175,75
2026-05-09 17:14:16.946,5,-1.22,-0.67,1.87,68.82719999999999,-145.4926,-155.7888,175,75
2026-05-09 17:14:16.960,5,-0.66,-0.46,1.57,80.8472,-171.0826,-198.83880000000002,175,75
2026-05-09 17:14:16.970,5,-0.0,0.08,1.28,90.3972,-164.0926,-217.5188,175,75
2026-05-09 17:14:16.989,5,0.1,0.21,1.15,83.99719999999999,-156.6626,-216.4788,175,75
2026-05-09 17:14:16.999,5,0.21,0.36,1.04,73.74719999999999,-148.8126,-213.96880000000002,175,75
2026-05-09 17:14:17.010,5,0.28,0.45,0.93,57.487199999999994,-136.2526,-205.8588,175,75
2026-05-09 17:14:17.020,5,0.3,0.47,0.8,39.8672,-120.6026,-191.86880000000002,175,75
2026-05-09 17:14:17.020,5,0.23,0.46,0.68,21.4972,-103.98259999999999,-175.68880000000001,175,75
2026-05-09 17:14:17.044,5,-0.01,0.46,0.42,-13.252799999999999,-92.0526,-158.21880000000002,175,75
2026-05-09 17:14:17.056,5,-0.14,0.45,0.26,-27.3428,-103.6626,-154.7588,175,75
2026-05-09 17:14:17.079,5,0.15,0.48,-0.22,-37.692800000000005,-153.4426,-105.1288,175,75
2026-05-09 17:14:17.105,5,0.4,0.49,-0.42,-31.0628,-170.1526,-42.708800000000004,175,75
2026-05-09 17:14:17.112,5,0.18,0.42,-0.45,-5.2028,-204.3026,70.6512,175,75
2026-05-09 17:14:17.121,5,-0.06,0.23,-0.44,5.437200000000001,-225.1026,94.5712,175,75
2026-05-09 17:14:17.133,5,-0.08,0.03,-0.39,18.0472,-237.5926,104.50120000000001,175,75
2026-05-09 17:14:17.144,5,0.16,-0.11,-0.31,40.947199999999995,-228.98260000000002,126.1512,175,75
2026-05-09 17:14:17.144,5,0.3,-0.13,-0.28,65.0972,-198.82260000000002,159.00119999999998,175,75
2026-05-09 17:14:17.155,5,0.29,-0.07,-0.12,73.9872,-156.3426,184.5212,175,75
2026-05-09 17:14:17.165,5,0.2,-0.02,-0.01,71.5572,-106.0526,197.7112,175,75
2026-05-09 17:14:17.193,5,-0.03,0.01,-0.03,49.9272,-7.4926,183.2612,175,75
2026-05-09 17:14:17.193,5,-0.18,-0.1,-0.07,36.4972,28.1174,159.10119999999998,175,75
2026-05-09 17:14:17.205,5,-0.17,-0.1,-0.11,24.717200000000002,58.3274,127.5312,175,75
2026-05-09 17:14:17.229,5,-0.06,0.02,-0.03,-16.0928,139.5274,33.1612,175,75
2026-05-09 17:14:17.239,5,-0.02,0.04,0.08,-40.872800000000005,178.98739999999998,-16.9588,175,75
2026-05-09 17:14:17.251,5,0.07,0.04,0.11,-58.5028,209.29739999999998,-47.378800000000005,175,75
2026-05-09 17:14:17.251,5,0.25,0.06,0.19,-73.5828,243.9074,-66.83879999999999,175,75
2026-05-09 17:14:17.269,5,0.49,0.15,0.41,-83.56280000000001,249.4174,-81.38879999999999,175,75
2026-05-09 17:14:17.281,5,0.76,0.74,0.44,-119.7328,249.4174,-99.0988,175,75
2026-05-09 17:14:17.281,5,2.0,1.65,2.0,-150.9228,249.4174,112.7112,175,75
2026-05-09 17:14:17.300,5,2.0,1.12,2.0,-166.18280000000001,68.73740000000001,250.3412,175,75
2026-05-09 17:14:17.313,5,1.89,0.55,2.0,-184.7928,249.4174,250.3412,175,75
2026-05-09 17:14:17.327,5,1.23,-0.34,1.91,-169.6228,249.4174,208.6412,175,75
2026-05-09 17:14:17.327,5,-0.37,-0.96,1.84,-113.81280000000001,249.4174,224.06119999999999,175,75
2026-05-09 17:14:17.338,5,-1.81,-0.9,2.0,-93.78280000000001,249.4174,250.3412,175,75
2026-05-09 17:14:17.348,5,-2.0,-0.78,2.0,-69.4828,188.5074,210.4512,175,75
2026-05-09 17:14:17.369,5,-2.0,-1.04,2.0,-47.5428,-50.1526,64.36120000000001,175,75
2026-05-09 17:14:17.369,5,-1.45,-1.17,2.0,-45.092800000000004,-143.6026,65.2012,175,75
2026-05-09 17:14:17.403,5,-0.05,-0.87,1.58,-8.072799999999999,-250.8526,17.5412,175,75
2026-05-09 17:14:17.413,5,0.3,-0.79,1.26,7.097200000000001,-250.8526,-3.6588000000000003,175,75
2026-05-09 17:14:17.443,5,0.85,-0.25,0.7,46.3272,-216.8526,-87.9888,175,75
2026-05-09 17:14:17.473,5,0.49,0.08,0.2,64.4372,-96.3526,-136.80880000000002,175,75
2026-05-09 17:14:17.489,5,0.38,0.09,0.03,70.7772,-94.8826,-138.99880000000002,175,75
2026-05-09 17:14:17.499,5,0.47,0.07,-0.1,81.96719999999999,-99.3226,-110.7688,175,75
2026-05-09 17:14:17.510,5,0.86,0.04,-0.04,89.4472,-102.0726,-14.4588,175,75
2026-05-09 17:14:17.521,5,0.84,-0.05,0.14,85.3672,-80.84259999999999,40.9812,175,75
2026-05-09 17:14:17.532,5,0.77,-0.12,0.32,82.2072,-56.1726,91.0912,175,75
2026-05-09 17:14:17.550,5,0.91,-0.4,0.76,78.6272,13.1974,200.9012,175,75
2026-05-09 17:14:17.562,5,1.03,-0.46,1.13,71.2672,72.04740000000001,250.3412,175,75
2026-05-09 17:14:17.574,5,0.68,-0.43,1.71,54.697199999999995,143.2874,250.3412,175,75
2026-05-09 17:14:17.585,5,-0.23,-0.49,2.0,33.0772,167.26739999999998,126.1512,175,75
2026-05-09 17:14:17.603,5,-0.67,-0.41,2.0,11.2072,155.8074,-74.9888,175,75
2026-05-09 17:14:17.622,5,-1.19,-0.39,1.37,15.0472,110.15740000000001,-249.9288,175,75
2026-05-09 17:14:17.638,5,-0.35,-0.03,1.39,66.0272,-22.022599999999997,-249.9288,175,75
2026-05-09 17:14:17.650,5,0.51,0.6,2.0,57.4272,-86.01259999999999,-228.1288,175,75
2026-05-09 17:14:17.650,5,1.09,0.69,2.0,21.787200000000002,-100.92259999999999,-98.1288,175,75
2026-05-09 17:14:17.687,5,0.8,0.16,1.52,-8.6528,4.9174,187.2712,175,75
2026-05-09 17:14:17.693,5,0.53,0.15,1.54,-23.6928,5.7674,242.3912,175,75
2026-05-09 17:14:17.701,5,0.34,-0.09,1.61,-42.912800000000004,-20.452599999999997,250.3412,175,75
2026-05-09 17:14:17.713,5,0.28,-0.39,1.59,-53.052800000000005,-47.1126,244.5512,175,75
2026-05-09 17:14:17.724,5,0.22,-0.71,1.4,-55.2928,-64.81259999999999,215.5112,175,75
2026-05-09 17:14:17.741,5,-0.01,-0.68,1.3,-48.2928,-78.3626,179.0212,175,75
2026-05-09 17:14:17.741,5,-0.17,-0.66,1.11,-40.552800000000005,-91.7926,125.55120000000001,175,75
2026-05-09 17:14:17.757,5,-0.17,-0.58,0.94,-35.652800000000006,-99.8526,59.1312,175,75
2026-05-09 17:14:17.763,5,-0.03,-0.49,0.77,-34.1828,-98.0226,-0.9187999999999998,175,75
2026-05-09 17:14:17.777,5,0.15,-0.38,0.62,-32.1728,-84.3526,-54.3888,175,75
2026-05-09 17:14:17.796,5,0.3,-0.28,0.46,-30.0628,-63.022600000000004,-88.99879999999999,175,75
2026-05-09 17:14:17.806,5,0.35,-0.2,0.28,-26.5028,-37.9226,-111.94879999999999,175,75
2026-05-09 17:14:17.817,5,0.33,-0.16,0.1,-20.7328,-18.182599999999997,-123.7588,175,75
2026-05-09 17:14:17.817,5,0.33,-0.14,-0.09,-13.4428,-8.1426,-126.3488,175,75
2026-05-09 17:14:17.830,5,0.35,-0.11,-0.32,-4.0228,-7.6826,-122.63879999999999,175,75
2026-05-09 17:14:17.830,5,0.54,-0.0,-0.59,-2.9628,-5.7526,-113.5988,175,75
2026-05-09 17:14:17.849,5,0.86,-1.01,0.12,22.0472,10.6774,-103.7988,175,75
2026-05-09 17:14:17.860,5,0.51,0.0,-0.68,12.2272,16.177400000000002,-88.35879999999999,175,75
2026-05-09 17:14:17.875,5,-0.06,0.08,-0.57,0.6672,-13.2726,-77.4288,175,75
2026-05-09 17:14:17.875,5,-0.3,0.16,-0.43,-18.1828,-53.5326,-79.72879999999999,175,75
2026-05-09 17:14:17.898,5,-0.2,0.31,0.0,-77.5728,-128.3126,-111.27879999999999,175,75
2026-05-09 17:14:17.910,5,0.08,0.31,0.19,-106.2628,-115.4626,-127.7188,175,75
2026-05-09 17:14:17.910,5,0.33,0.3,0.41,-126.7028,-76.67259999999999,-142.1788,175,75
2026-05-09 17:14:17.922,5,0.55,0.33,0.64,-136.9728,-7.7226,-160.7388,175,75
2026-05-09 17:14:17.942,5,2.0,1.64,1.77,-169.9128,59.7574,-58.0788,175,75
2026-05-09 17:14:17.952,5,2.0,1.47,2.0,-202.7628,-16.0926,167.94119999999998,175,75
2026-05-09 17:14:17.973,5,2.0,-0.53,1.85,-208.0928,249.4174,152.16119999999998,175,75
2026-05-09 17:14:17.994,5,1.5,2.0,2.0,-155.8628,249.4174,250.3412,175,75
2026-05-09 17:14:18.008,5,-1.12,-0.54,1.11,-87.42280000000001,249.4174,250.3412,175,75
2026-05-09 17:14:18.027,5,-2.0,-0.7,1.62,-34.1028,-13.2326,250.3412,175,75
2026-05-09 17:14:18.039,5,-2.0,-1.08,1.72,-29.0128,-160.0826,250.3412,175,75
2026-05-09 17:14:18.039,5,-1.75,-1.33,1.71,-25.2428,-250.8526,250.3412,175,75
2026-05-09 17:14:18.054,5,-1.23,-1.43,1.73,-30.5928,-250.8526,250.3412,175,75
2026-05-09 17:14:18.054,5,-0.85,-1.31,1.6,-58.482800000000005,-250.8526,219.03119999999998,175,75
2026-05-09 17:14:18.072,5,-0.4,-1.32,1.18,-69.0228,-250.8526,106.30120000000001,175,75
2026-05-09 17:14:18.083,5,1.14,-1.44,0.64,-52.0028,-250.8526,-108.7088,175,75
2026-05-09 17:14:18.083,5,2.0,-1.38,0.21,-1.5628000000000002,-65.76259999999999,-249.9288,175,75
2026-05-09 17:14:18.116,5,1.48,-0.95,0.14,60.4572,111.8074,-249.9288,175,75
2026-05-09 17:14:18.117,5,0.65,-0.49,0.16,111.38719999999999,176.26739999999998,-249.9288,175,75
2026-05-09 17:14:18.129,5,0.06,-0.06,0.35,130.7172,158.60739999999998,-249.9288,175,75
2026-05-09 17:14:18.151,5,1.17,0.63,1.03,71.7972,50.367399999999996,-249.9288,175,75
2026-05-09 17:14:18.151,5,1.5,0.59,0.97,39.9672,32.867399999999996,-207.9288,175,75
2026-05-09 17:14:18.167,5,1.07,0.24,0.77,31.5272,47.0074,-87.5488,175,75
2026-05-09 17:14:18.167,5,0.61,0.1,0.68,38.6772,67.7274,-12.2288,175,75
2026-05-09 17:14:18.178,5,0.32,-0.06,0.61,47.127199999999995,80.71740000000001,48.8612,175,75
2026-05-09 17:14:18.190,5,0.12,-0.05,0.61,55.2072,76.1074,109.0612,175,75
2026-05-09 17:14:18.220,5,0.0,0.0,1.07,31.787200000000002,-19.952599999999997,203.16119999999998,175,75
2026-05-09 17:14:18.237,5,0.33,-0.43,1.34,-4.4528,-103.1826,221.81119999999999,175,75
2026-05-09 17:14:18.250,5,0.44,-0.64,1.35,-7.8828,-99.4726,230.2112,175,75
2026-05-09 17:14:18.250,5,0.38,-0.72,1.36,-2.5728,-57.5126,228.72119999999998,175,75
2026-05-09 17:14:18.261,5,0.25,-0.77,1.43,11.1072,20.0074,195.3612,175,75
2026-05-09 17:14:18.272,5,-0.02,-0.82,1.64,30.7772,112.9474,118.58120000000001,175,75
2026-05-09 17:14:18.272,5,-0.48,-0.82,1.93,46.917199999999994,184.01739999999998,-1.7788,175,75
2026-05-09 17:14:18.283,5,-0.91,-0.81,2.0,62.3972,221.8074,-171.89880000000002,175,75
2026-05-09 17:14:18.304,5,-0.91,-0.71,2.0,67.7572,244.07739999999998,-249.9288,175,75
2026-05-09 17:14:18.317,5,-0.98,-0.54,2.0,53.5772,235.4074,-249.9288,175,75
2026-05-09 17:14:18.328,5,-1.03,-0.5,2.0,51.127199999999995,136.6874,-249.9288,175,75
2026-05-09 17:14:18.328,5,-0.95,-0.08,2.0,46.947199999999995,12.077399999999999,-249.9288,175,75
2026-05-09 17:14:18.338,5,-0.72,0.1,2.0,25.3672,-54.022600000000004,-149.8588,175,75
2026-05-09 17:14:18.348,5,-0.57,-0.06,2.0,3.3672,-84.76259999999999,-34.7188,175,75
2026-05-09 17:14:18.381,5,-0.44,-0.3,1.62,-66.6628,-232.1926,232.5412,175,75
2026-05-09 17:14:18.381,5,-0.19,-0.4,1.31,-94.2428,-250.8526,230.9212,175,75
2026-05-09 17:14:18.401,5,-0.08,-0.61,0.84,-101.25280000000001,-250.8526,228.2412,175,75
2026-05-09 17:14:18.441,5,0.33,-0.58,0.21,-73.8028,-250.8526,187.5112,175,75
2026-05-09 17:14:18.441,5,0.66,-0.44,-0.25,-67.6028,-250.8526,63.651199999999996,175,75
2026-05-09 17:14:18.454,5,1.24,-0.64,-0.9,-62.402800000000006,-89.1826,-120.5688,175,75
2026-05-09 17:14:18.468,5,0.74,-0.61,-1.13,-42.522800000000004,7.5974,-219.0688,175,75
2026-05-09 17:14:18.478,5,0.18,-0.69,-0.89,-22.6028,23.017400000000002,-237.6088,175,75
2026-05-09 17:14:18.500,5,-0.65,0.33,-0.7,-7.922799999999999,-111.62259999999999,-249.9288,175,75
2026-05-09 17:14:18.516,5,-0.85,0.46,-0.57,-40.2128,-174.3426,-249.9288,175,75
2026-05-09 17:14:18.527,5,-0.55,0.44,-0.29,-89.7728,-250.8526,-249.9288,175,75
2026-05-09 17:14:18.538,5,-0.11,0.36,-0.1,-99.53280000000001,-250.8526,-249.9288,175,75
2026-05-09 17:14:18.538,5,0.25,0.25,0.01,-103.1828,-226.2526,-249.9288,175,75
2026-05-09 17:14:18.549,5,0.45,0.27,0.07,-95.56280000000001,-145.1626,-231.8288,175,75
2026-05-09 17:14:18.549,5,0.33,0.21,-0.03,-80.9528,-57.132600000000004,-164.6388,175,75
2026-05-09 17:14:18.601,5,0.06,0.41,-0.42,16.7572,143.8474,-16.938799999999997,175,75
2026-05-09 17:14:18.613,5,0.13,0.48,-0.24,22.6572,206.3674,36.651199999999996,175,75
2026-05-09 17:14:18.625,5,0.23,0.44,-0.13,11.4372,231.0674,50.581199999999995,175,75
2026-05-09 17:14:18.636,5,1.65,0.56,0.18,-12.8428,249.4174,161.3312,175,75
2026-05-09 17:14:18.645,5,2.0,1.58,1.21,-49.3828,249.4174,250.3412,175,75
2026-05-09 17:14:18.658,5,1.86,2.0,2.0,-126.0228,78.4274,250.3412,175,75
2026-05-09 17:14:18.669,5,1.58,1.11,2.0,-154.24280000000002,73.7074,250.3412,175,75
2026-05-09 17:14:18.679,5,1.07,0.17,2.0,-165.6228,249.4174,250.3412,175,75
2026-05-09 17:14:18.691,5,-0.42,0.13,0.91,-116.6228,249.4174,250.3412,175,75
2026-05-09 17:14:18.701,5,-2.0,-1.39,2.0,-128.9228,249.4174,244.25119999999998,175,75
2026-05-09 17:14:18.734,5,-2.0,-1.9,1.28,-29.2228,7.8873999999999995,176.6512,175,75
2026-05-09 17:14:18.734,5,-2.0,-1.92,1.19,50.8172,-130.3426,139.2912,175,75
2026-05-09 17:14:18.745,5,-2.0,-1.74,1.47,113.9472,-219.3726,106.2312,175,75
2026-05-09 17:14:18.760,5,-1.2,-1.34,1.96,112.1672,-250.8526,70.77120000000001,175,75
2026-05-09 17:14:18.760,5,-0.79,-0.8,2.0,34.1772,-250.8526,2.3312,175,75
2026-05-09 17:14:18.779,5,0.48,-0.58,1.65,-84.2028,-208.76260000000002,-249.9288,175,75
2026-05-09 17:14:18.799,5,1.09,-0.37,1.32,-57.342800000000004,-93.3026,-249.9288,175,75
2026-05-09 17:14:18.806,5,1.13,0.0,1.11,-24.4328,23.7874,-249.9288,175,75
2026-05-09 17:14:18.816,5,0.91,0.38,0.91,-1.2728000000000002,87.84740000000001,-249.9288,175,75
2026-05-09 17:14:18.827,5,0.99,0.68,0.77,15.077200000000001,73.1774,-249.9288,175,75
2026-05-09 17:14:18.845,5,2.0,0.91,0.71,49.157199999999996,-9.3026,-249.9288,175,75
2026-05-09 17:14:18.845,5,1.36,0.66,1.08,67.5472,0.8674000000000001,-170.58880000000002,175,75
2026-05-09 17:14:18.856,5,0.62,0.67,1.26,49.3972,75.51740000000001,-117.7188,175,75
2026-05-09 17:14:18.866,5,0.29,0.3,1.22,34.877199999999995,122.8574,-50.4388,175,75
2026-05-09 17:14:18.874,5,0.57,0.39,1.45,21.2272,104.68740000000001,90.4912,175,75
2026-05-09 17:14:18.883,5,1.0,0.66,1.95,9.757200000000001,38.267399999999995,250.3412,175,75
2026-05-09 17:14:18.901,5,1.9,0.98,2.0,-26.1528,-5.9626,250.3412,175,75
2026-05-09 17:14:18.901,5,1.45,0.16,2.0,-72.1328,-67.23259999999999,250.3412,175,75
2026-05-09 17:14:18.912,5,0.36,-0.24,2.0,-112.42280000000001,-174.1226,250.3412,175,75
2026-05-09 17:14:18.949,5,-2.0,-1.32,1.09,-73.4028,-193.73260000000002,250.3412,175,75
2026-05-09 17:14:18.959,5,-2.0,-1.31,0.91,-38.4528,-186.8726,148.9612,175,75
2026-05-09 17:14:18.969,5,-1.97,-1.3,0.76,3.8572,-142.4426,-166.46880000000002,175,75
2026-05-09 17:14:18.975,5,-0.79,-1.2,0.71,53.9372,-59.2526,-249.9288,175,75
2026-05-09 17:14:18.986,5,-0.1,-0.95,0.74,89.9472,8.0974,-249.9288,175,75
2026-05-09 17:14:19.002,5,0.13,-0.62,0.77,124.5272,47.907399999999996,-249.9288,175,75
2026-05-09 17:14:19.002,5,0.44,-0.37,0.79,151.9472,65.3074,-249.9288,175,75
2026-05-09 17:14:19.037,5,1.2,0.33,1.07,130.6372,41.1074,-249.9288,175,75
2026-05-09 17:14:19.047,5,1.3,0.48,0.95,101.8672,-6.7326,-249.1588,175,75
2026-05-09 17:14:19.047,5,0.91,0.53,0.75,77.93719999999999,-17.042599999999997,-113.7688,175,75
2026-05-09 17:14:19.064,5,0.13,0.2,0.38,55.3872,-2.4226,15.2712,175,75
2026-05-09 17:14:19.098,5,0.28,0.4,-0.04,51.52719999999999,-43.9026,213.2712,175,75
2026-05-09 17:14:19.109,5,0.54,-0.15,-0.76,78.5972,-75.09259999999999,250.3412,175,75
2026-05-09 17:14:19.113,5,0.91,-0.37,-0.73,102.5272,-105.37259999999999,250.3412,175,75
2026-05-09 17:14:19.121,5,1.22,-0.29,-0.96,103.6272,-69.40259999999999,250.3412,175,75
2026-05-09 17:14:19.137,5,0.19,-0.17,-0.83,70.7672,-21.4626,250.3412,175,75
2026-05-09 17:14:19.149,5,-0.99,-0.12,-0.51,32.7072,-42.4426,201.19119999999998,175,75
2026-05-09 17:14:19.162,5,-1.69,-0.11,-0.25,1.8072,-105.56259999999999,62.0712,175,75
2026-05-09 17:14:19.178,5,-1.59,0.14,0.13,-47.47280000000001,-210.1226,-249.9288,175,75
2026-05-09 17:14:19.199,5,-0.92,0.16,0.23,-76.5828,-207.0226,-249.9288,175,75
2026-05-09 17:14:19.199,5,-0.33,0.23,0.34,-103.28280000000001,-159.1826,-249.9288,175,75
2026-05-09 17:14:19.210,5,-0.03,0.37,0.33,-126.0228,-97.3926,-249.9288,175,75
2026-05-09 17:14:19.223,5,0.18,0.43,0.28,-146.0828,-27.6926,-249.9288,175,75
2026-05-09 17:14:19.223,5,0.4,0.45,0.19,-155.3728,35.197399999999995,-249.9288,175,75
2026-05-09 17:14:19.236,5,0.72,0.41,0.03,-152.21280000000002,93.7274,-249.9288,175,75
2026-05-09 17:14:19.278,5,0.8,0.52,0.12,-114.7228,242.6274,-20.578799999999998,175,75
2026-05-09 17:14:19.289,5,1.12,0.52,0.3,-100.0528,249.4174,107.7812,175,75
2026-05-09 17:14:19.316,5,1.3,1.34,1.59,-89.92280000000001,106.87740000000001,250.3412,175,75
2026-05-09 17:14:19.316,5,0.94,0.95,2.0,-76.28280000000001,-47.4026,250.3412,175,75
2026-05-09 17:14:19.332,5,0.76,-0.08,1.99,-41.192800000000005,-89.2926,250.3412,175,75
2026-05-09 17:14:19.349,5,0.57,-0.5,1.83,24.8172,64.65740000000001,250.3412,175,75
2026-05-09 17:14:19.361,5,0.51,-0.84,2.0,11.177200000000001,136.5374,147.7612,175,75
2026-05-09 17:14:19.376,5,0.48,-1.38,2.0,-30.282799999999998,162.17739999999998,79.8212,175,75
2026-05-09 17:14:19.387,5,0.26,-1.49,1.78,-21.4028,172.6174,86.4912,175,75
2026-05-09 17:14:19.399,5,-0.41,-1.37,1.43,-9.2228,159.01739999999998,93.8712,175,75
2026-05-09 17:14:19.410,5,-0.85,-1.31,1.08,11.4472,130.0674,70.7612,175,75
2026-05-09 17:14:19.410,5,-1.19,-1.34,0.86,53.947199999999995,96.4974,21.601200000000002,175,75
2026-05-09 17:14:19.420,5,-1.2,-1.31,0.84,101.6572,66.8874,-35.778800000000004,175,75
2026-05-09 17:14:19.443,5,-0.75,-0.64,1.56,93.7872,63.8474,-192.21880000000002,175,75
2026-05-09 17:14:19.459,5,-0.37,-0.36,1.96,39.417199999999994,113.1374,-249.9288,175,75
2026-05-09 17:14:19.470,5,-0.2,-0.24,2.0,10.8172,185.5274,-249.9288,175,75
2026-05-09 17:14:19.470,5,-0.04,-0.08,2.0,15.8672,249.4174,-249.9288,175,75
2026-05-09 17:14:19.481,5,0.04,0.19,2.0,42.0772,233.8674,-249.9288,175,75
2026-05-09 17:14:19.506,5,0.4,0.78,2.0,71.43719999999999,87.9174,-249.9288,175,75
2026-05-09 17:14:19.506,5,-0.01,0.75,2.0,73.4472,-3.0226,-249.9288,175,75
2026-05-09 17:14:19.530,5,-0.4,1.0,2.0,55.3572,-26.2126,-249.9288,175,75
2026-05-09 17:14:19.530,5,-0.6,0.71,1.94,38.4972,-34.522600000000004,-214.9588,175,75
2026-05-09 17:14:19.547,5,-0.17,0.41,1.81,34.1372,-31.6026,-57.8888,175,75
2026-05-09 17:14:19.547,5,0.13,0.4,1.89,35.2472,-12.2826,123.0712,175,75
2026-05-09 17:14:19.558,5,0.37,0.53,2.0,28.3372,22.5974,250.3412,175,75
2026-05-09 17:14:19.586,5,0.47,0.46,2.0,-26.2328,61.297399999999996,250.3412,175,75
2026-05-09 17:14:19.586,5,-0.25,0.36,2.0,-67.67280000000001,-0.6326,250.3412,175,75
2026-05-09 17:14:19.599,5,-0.86,-0.45,2.0,-99.78280000000001,-98.1026,250.3412,175,75
2026-05-09 17:14:19.610,5,-0.92,-1.21,1.97,-94.2228,-167.98260000000002,250.3412,175,75
2026-05-09 17:14:19.610,5,-1.41,-1.45,1.36,-53.762800000000006,-176.32260000000002,250.3412,175,75
2026-05-09 17:14:19.633,5,-1.95,-1.14,0.84,28.2972,-181.3726,31.881200000000003,175,75
2026-05-09 17:14:19.647,5,-1.65,-0.89,0.66,61.1772,-169.01260000000002,-158.74880000000002,175,75
2026-05-09 17:14:19.654,5,-1.08,-0.6,0.48,82.74719999999999,-155.3526,-249.9288,175,75
2026-05-09 17:14:19.671,5,-0.51,-0.19,0.23,91.99719999999999,-148.2426,-249.9288,175,75
2026-05-09 17:14:19.699,5,1.89,1.87,-0.78,-21.3428,-44.7826,-249.9288,175,75
2026-05-09 17:14:19.734,5,1.78,1.33,-1.24,-37.402800000000006,82.1774,-249.9288,175,75
2026-05-09 17:14:19.734,5,-0.32,0.84,-0.61,-50.082800000000006,8.4674,-220.52880000000002,175,75
2026-05-09 17:14:19.857,5,-1.21,0.13,-0.32,-50.402800000000006,-250.8526,-159.2588,175,75
2026-05-09 17:14:19.857,5,-0.69,-0.08,-0.09,-22.9228,-250.8526,-101.3188,175,75
2026-05-09 17:14:19.857,5,0.07,-0.23,0.29,44.9572,-250.8526,93.11120000000001,175,75
2026-05-09 17:14:19.857,5,0.17,0.0,0.31,70.46719999999999,-188.0826,150.2712,175,75
2026-05-09 17:14:19.857,5,0.28,-0.0,0.09,97.3672,-88.9626,185.0812,175,75
2026-05-09 17:14:19.857,5,0.37,0.13,-0.21,118.9772,-0.15259999999999996,210.0712,175,75
2026-05-09 17:14:19.857,5,-0.1,0.23,-0.2,122.8972,72.3874,232.75119999999998,175,75
2026-05-09 17:14:19.857,5,0.35,0.49,-0.31,116.9772,127.23740000000001,226.5812,175,75
2026-05-09 17:14:19.857,5,0.44,0.18,0.09,93.63719999999999,182.6574,237.1112,175,75
2026-05-09 17:14:20.121,5,-2.0,-0.85,2.0,-44.6028,249.4174,-47.4088,175,75
2026-05-09 17:14:20.121,5,-1.84,-0.72,2.0,-4.822800000000001,61.4374,46.831199999999995,175,75
2026-05-09 17:14:20.121,5,-1.62,-0.56,2.0,6.917199999999999,-49.2526,84.0712,175,75
2026-05-09 17:14:20.121,5,-1.48,-0.55,2.0,-3.1028000000000002,-118.2426,105.6312,175,75
2026-05-09 17:14:20.121,5,-0.89,-0.67,1.86,-0.9828000000000001,-250.8526,101.6712,175,75
2026-05-09 17:14:20.121,5,-0.26,-0.62,1.47,4.6272,-250.8526,82.58120000000001,175,75
2026-05-09 17:14:20.121,5,0.1,-0.37,1.34,6.347200000000001,-250.8526,58.0612,175,75
2026-05-09 17:14:20.122,5,0.63,-0.32,0.97,0.6272,-250.8526,31.741200000000003,175,75
2026-05-09 17:14:20.223,5,1.25,-0.25,1.66,11.1072,85.4974,250.3412,175,75
2026-05-09 17:14:20.311,5,-1.1,-0.46,1.78,36.807199999999995,4.4274,-249.9288,175,75
2026-05-09 17:14:20.311,5,-0.31,0.06,2.0,63.0672,-59.5726,-232.02880000000002,175,75
2026-05-09 17:14:20.398,5,0.19,0.34,2.0,45.2572,-155.3126,-31.258799999999997,175,75
2026-05-09 17:14:20.474,5,-0.33,0.27,-0.04,-102.2028,-239.92260000000002,-249.9288,175,75
2026-05-09 17:14:20.515,5,0.07,0.32,0.09,-131.9828,-207.04260000000002,-249.9288,175,75
2026-05-09 17:14:20.530,5,2.0,1.65,0.08,-219.2628,249.4174,-59.0388,175,75
2026-05-09 17:14:20.541,5,2.0,1.6,-0.09,-227.3728,249.4174,137.3212,175,75
2026-05-09 17:14:20.552,5,1.59,2.0,1.97,-163.4528,164.9474,250.3412,175,75
2026-05-09 17:14:20.563,5,1.63,0.57,2.0,-187.4028,249.4174,250.3412,175,75
2026-05-09 17:14:20.584,5,-0.43,0.18,2.0,-199.6528,249.4174,250.3412,175,75
2026-05-09 17:14:20.603,5,-2.0,-1.19,1.97,-122.3428,-116.09259999999999,250.3412,175,75
2026-05-09 17:14:20.603,5,-2.0,-1.46,1.71,-104.0828,-250.8526,250.3412,175,75
2026-05-09 17:14:20.611,5,-2.0,-1.86,1.38,-77.0528,-250.8526,250.3412,175,75
2026-05-09 17:14:20.620,5,-1.9,-2.0,1.12,-40.082800000000006,-250.8526,222.19119999999998,175,75
2026-05-09 17:14:20.636,5,0.24,-2.0,0.11,-60.662800000000004,-250.8526,1.6212,175,75
2026-05-09 17:14:20.644,5,2.0,-2.0,-0.89,-32.662800000000004,-250.8526,-249.9288,175,75
2026-05-09 17:14:20.663,5,2.0,-1.77,-0.75,67.9572,-41.4026,-249.9288,175,75
2026-05-09 17:14:20.694,5,0.84,-0.97,-0.55,157.6972,94.7574,-249.9288,175,75
2026-05-09 17:14:20.694,5,0.31,-0.16,-0.38,196.7672,146.3674,-249.9288,175,75
2026-05-09 17:14:20.707,5,0.16,0.5,-0.27,183.4772,178.5574,-249.9288,175,75
2026-05-09 17:14:20.719,5,-0.15,1.45,-0.27,157.4272,197.10739999999998,-249.9288,175,75
2026-05-09 17:14:20.732,5,-0.0,1.02,0.11,98.43719999999999,196.4974,-249.9288,175,75
2026-05-09 17:14:20.732,5,0.69,1.02,0.17,40.4972,173.5974,-249.9288,175,75
2026-05-09 17:14:20.736,5,1.73,1.1,0.19,9.8772,114.5574,-249.9288,175,75
2026-05-09 17:14:20.749,5,0.68,0.85,0.26,1.3072,61.587399999999995,-119.55879999999999,175,75
2026-05-09 17:14:20.761,5,-0.16,0.47,0.17,-8.322799999999999,19.7374,-65.55879999999999,175,75
2026-05-09 17:14:20.770,5,-0.38,0.19,0.25,-7.752799999999999,-19.7226,-44.4288,175,75
2026-05-09 17:14:20.782,5,-0.23,-0.02,0.32,13.9672,-47.5326,-1.6088,175,75
2026-05-09 17:14:20.796,5,0.28,-0.18,0.39,68.2972,-13.0426,108.4212,175,75
2026-05-09 17:14:20.828,5,0.66,-0.19,0.45,121.5372,80.3374,232.3212,175,75
2026-05-09 17:14:20.828,5,1.11,0.17,0.94,118.5572,111.26740000000001,250.3412,175,75
2026-05-09 17:14:20.861,5,-1.5,-0.73,2.0,1.6072,249.4174,-171.6788,175,75
2026-05-09 17:14:20.882,5,-2.0,-1.62,2.0,57.2172,249.4174,-249.9288,175,75
2026-05-09 17:14:20.893,5,-2.0,-1.32,2.0,152.3972,249.4174,-249.9288,175,75
2026-05-09 17:14:20.905,5,-2.0,-0.13,2.0,228.9072,120.73740000000001,-249.9288,175,75
2026-05-09 17:14:20.920,5,-2.0,0.97,2.0,207.6572,-76.09259999999999,-249.9288,175,75
2026-05-09 17:14:20.986,5,-2.0,1.61,2.0,111.7872,-222.73260000000002,-227.6388,175,75
2026-05-09 17:14:20.986,5,-1.61,1.08,2.0,57.7172,-250.8526,-137.6388,175,75
2026-05-09 17:14:20.992,5,-0.53,0.51,2.0,45.4972,-250.8526,33.5512,175,75
2026-05-09 17:14:21.015,5,0.19,0.26,1.74,36.4272,-250.8526,206.3212,175,75
2026-05-09 17:14:21.030,5,0.56,-0.01,0.98,12.6872,-250.8526,250.3412,175,75
2026-05-09 17:14:21.044,5,-0.16,-0.31,-0.04,-18.8328,-250.8526,250.3412,175,75
2026-05-09 17:14:21.057,5,2.0,-1.17,-1.69,-67.2328,-250.8526,250.3412,175,75
2026-05-09 17:14:21.068,5,2.0,-1.33,-2.0,-62.1128,-148.89260000000002,212.81119999999999,175,75
2026-05-09 17:14:21.074,5,0.39,-2.0,-0.42,-9.1828,-51.802600000000005,119.4512,175,75
2026-05-09 17:14:21.085,5,-1.13,-0.64,-1.05,-10.3128,-105.4426,45.4512,175,75
2026-05-09 17:14:21.102,5,-1.52,0.02,-0.47,-64.17280000000001,-250.8526,-249.9288,175,75
2026-05-09 17:14:21.115,5,-0.98,0.09,-0.34,-111.61280000000001,-250.8526,-249.9288,175,75
2026-05-09 17:14:21.115,5,-0.4,0.1,-0.16,-157.8528,-245.79260000000002,-249.9288,175,75
2026-05-09 17:14:21.125,5,-0.11,0.21,0.01,-199.0228,-180.2426,-249.9288,175,75
2026-05-09 17:14:21.125,5,-0.12,0.27,0.08,-234.7228,-120.1126,-249.9288,175,75
2026-05-09 17:14:21.144,5,0.24,0.25,-0.1,-246.3128,60.087399999999995,-249.9288,175,75
2026-05-09 17:14:21.167,5,0.56,0.53,-0.44,-201.9828,211.98739999999998,-246.89880000000002,175,75
2026-05-09 17:14:21.167,5,0.32,0.67,-0.56,-186.5828,249.4174,-163.7688,175,75
2026-05-09 17:14:21.178,5,0.01,0.65,-0.5,-171.7628,249.4174,-94.05879999999999,175,75
2026-05-09 17:14:21.200,5,0.12,0.5,-0.25,-143.3928,249.4174,-1.6088,175,75
2026-05-09 17:14:21.219,5,0.88,0.73,-0.12,-120.3728,249.4174,205.2312,175,75
2026-05-09 17:14:21.230,5,1.87,1.07,0.33,-126.06280000000001,249.4174,250.3412,175,75
2026-05-09 17:14:21.241,5,2.0,2.0,1.17,-154.93280000000001,201.8074,250.3412,175,75
2026-05-09 17:14:21.254,5,1.25,1.63,2.0,-181.99280000000002,123.01740000000001,250.3412,175,75
2026-05-09 17:14:21.266,5,1.02,0.65,2.0,-190.7828,186.4674,250.3412,175,75
2026-05-09 17:14:21.282,5,0.53,-0.42,2.0,-168.93280000000001,249.4174,250.3412,175,75
2026-05-09 17:14:21.282,5,-0.06,-1.11,2.0,-132.99280000000002,249.4174,250.3412,175,75
2026-05-09 17:14:21.294,5,-2.0,-1.55,2.0,-116.6828,249.4174,250.3412,175,75
2026-05-09 17:14:21.304,5,-2.0,-1.83,1.85,-89.6928,82.8974,250.3412,175,75
2026-05-09 17:14:21.317,5,-2.0,-2.0,1.84,-41.3828,-133.9126,235.94119999999998,175,75
2026-05-09 17:14:21.341,5,-2.0,-1.83,2.0,-12.1928,-250.8526,138.5512,175,75
2026-05-09 17:14:21.341,5,-1.52,-1.6,1.99,-52.372800000000005,-250.8526,56.4812,175,75
2026-05-09 17:14:21.352,5,-0.79,-1.47,1.51,-62.8828,-250.8526,-62.8288,175,75
2026-05-09 17:14:21.378,5,-0.3,-1.27,1.23,-35.262800000000006,-250.8526,-188.14880000000002,175,75
2026-05-09 17:14:21.393,5,0.7,-0.95,1.03,6.177199999999999,-208.26260000000002,-249.9288,175,75
2026-05-09 17:14:21.393,5,1.14,-0.5,1.06,40.237199999999994,-40.7126,-249.9288,175,75
2026-05-09 17:14:21.405,5,0.96,-0.05,1.07,57.157199999999996,102.7274,-249.9288,175,75
2026-05-09 17:14:21.417,5,0.8,0.29,1.11,60.1372,183.20739999999998,-249.9288,175,75
2026-05-09 17:14:21.430,5,1.66,0.37,1.8,37.307199999999995,183.0674,-249.9288,175,75
2026-05-09 17:14:21.440,5,1.35,0.5,2.0,36.3672,128.6574,-240.9788,175,75
2026-05-09 17:14:21.451,5,0.47,0.07,1.88,47.057199999999995,153.8474,-94.35879999999999,175,75
2026-05-09 17:14:21.462,5,-0.45,0.42,1.87,45.837199999999996,138.20739999999998,141.6412,175,75
2026-05-09 17:14:21.472,5,-0.56,0.6,2.0,19.6672,43.7874,250.3412,175,75
2026-05-09 17:14:21.483,5,-0.27,0.42,2.0,-26.8628,-77.3826,250.3412,175,75
2026-05-09 17:14:21.496,5,-0.13,-0.33,2.0,-60.97280000000001,-206.2126,250.3412,175,75
2026-05-09 17:14:21.521,5,0.65,-1.53,1.66,-70.6628,-250.8526,250.3412,175,75
2026-05-09 17:14:21.521,5,0.41,-1.73,1.05,-27.4428,-250.8526,250.3412,175,75
2026-05-09 17:14:21.533,5,0.44,-1.64,0.64,10.3572,-250.8526,250.3412,175,75
2026-05-09 17:14:21.561,5,0.37,-1.38,-0.04,91.07719999999999,-20.792599999999997,-94.72879999999999,175,75
2026-05-09 17:14:21.571,5,-0.19,-0.83,0.02,142.0872,82.6074,-224.8788,175,75
2026-05-09 17:14:21.585,5,-0.27,-0.34,0.07,174.81719999999999,137.7874,-249.9288,175,75
2026-05-09 17:14:21.596,5,-0.23,0.4,0.22,156.4272,158.7274,-249.9288,175,75
2026-05-09 17:14:21.610,5,-0.26,0.74,0.3,109.5272,126.8974,-249.9288,175,75
2026-05-09 17:14:21.610,5,0.16,0.95,0.32,52.8872,72.1474,-249.9288,175,75
2026-05-09 17:14:21.621,5,1.34,1.0,0.18,6.2172,7.9474,-249.9288,175,75
2026-05-09 17:14:21.639,5,2.0,1.0,-0.26,-7.3628,-10.3626,-241.4488,175,75
2026-05-09 17:14:21.649,5,0.67,0.54,-0.32,-10.5428,-15.6926,-111.7388,175,75
2026-05-09 17:14:21.662,5,-0.69,0.18,-0.41,0.6572,-125.7426,-57.7288,175,75
2026-05-09 17:14:21.676,5,-0.7,0.0,-0.37,19.787200000000002,-213.64260000000002,-36.1388,175,75
2026-05-09 17:14:21.689,5,-0.47,0.1,-0.19,31.2072,-250.8526,-13.418800000000001,175,75
2026-05-09 17:14:21.693,5,-0.16,0.1,-0.03,35.947199999999995,-250.8526,4.6212,175,75
2026-05-09 17:14:21.704,5,0.07,0.1,0.05,37.6372,-250.8526,22.6112,175,75
2026-05-09 17:14:21.718,5,0.19,0.07,0.03,42.017199999999995,-217.92260000000002,37.0212,175,75
2026-05-09 17:14:21.729,5,0.27,0.02,0.0,49.3672,-159.3726,56.1012,175,75
2026-05-09 17:14:21.729,5,0.22,-0.02,-0.03,57.3672,-106.15259999999999,76.36120000000001,175,75
2026-05-09 17:14:21.759,5,0.13,-0.06,-0.0,68.88719999999999,-18.9026,122.2312,175,75
2026-05-09 17:14:21.759,5,0.16,-0.08,0.03,69.3072,19.5974,146.6412,175,75
2026-05-09 17:14:21.774,5,0.33,-0.06,0.06,65.5872,63.337399999999995,170.44119999999998,175,75
2026-05-09 17:14:21.798,5,0.67,0.01,0.1,46.4572,185.0874,229.03119999999998,175,75
2026-05-09 17:14:21.809,5,0.84,0.0,0.1,36.52719999999999,249.4174,250.3412,175,75
2026-05-09 17:14:21.824,5,1.23,-0.02,0.15,21.7972,249.4174,250.3412,175,75
2026-05-09 17:14:21.838,5,-0.67,-0.71,2.0,28.5972,249.4174,107.58120000000001,175,75
2026-05-09 17:14:21.848,5,2.0,-0.41,2.0,-5.722799999999999,11.577399999999999,-106.3288,175,75
2026-05-09 17:14:21.858,5,1.47,0.09,1.97,-39.162800000000004,127.2574,-131.96880000000002,175,75
2026-05-09 17:14:21.873,5,0.28,-0.3,1.36,-78.7928,249.4174,-196.7588,175,75
2026-05-09 17:14:21.880,5,-0.07,-0.45,1.6,-40.9328,249.4174,-79.0188,175,75
2026-05-09 17:14:21.909,5,-0.22,-0.17,1.83,-53.4328,58.0674,145.3212,175,75
2026-05-09 17:14:21.909,5,-0.38,-0.47,1.45,-59.582800000000006,16.9374,193.4212,175,75
2026-05-09 17:14:21.921,5,-0.35,-0.68,1.42,-56.442800000000005,-39.9726,216.9012,175,75
2026-05-09 17:14:21.941,5,-0.08,-0.89,1.43,-47.842800000000004,-86.0226,203.00119999999998,175,75
2026-05-09 17:14:21.941,5,0.1,-1.0,1.4,-20.4328,-94.9926,174.8712,175,75
2026-05-09 17:14:21.965,5,0.18,-0.91,1.42,12.2772,-46.6926,100.9912,175,75
2026-05-09 17:14:21.978,5,-0.06,-0.46,1.55,26.6572,99.71740000000001,-141.7688,175,75
2026-05-09 17:14:21.989,5,-0.11,-0.39,1.54,29.2272,168.4974,-249.9288,175,75
2026-05-09 17:14:21.989,5,-0.16,-0.29,1.53,40.4272,206.1674,-249.9288,175,75
2026-05-09 17:14:22.010,5,-0.22,-0.13,1.57,58.267199999999995,198.7274,-249.9288,175,75
2026-05-09 17:14:22.022,5,-0.15,0.63,2.0,67.5572,5.8174,-249.9288,175,75
2026-05-09 17:14:22.032,5,-0.25,0.57,1.94,47.8172,-44.092600000000004,-225.05880000000002,175,75
2026-05-09 17:14:22.042,5,-0.25,0.58,1.76,28.2672,-82.1926,-136.1788,175,75
2026-05-09 17:14:22.069,5,0.04,0.19,1.53,25.8572,-96.7926,-19.5188,175,75
2026-05-09 17:14:22.086,5,0.41,0.17,1.5,34.4372,-47.3726,210.00119999999998,175,75
2026-05-09 17:14:22.096,5,0.49,0.25,1.54,20.8972,-17.662599999999998,250.3412,175,75
2026-05-09 17:14:22.108,5,0.48,0.35,1.65,-0.6028,-23.022599999999997,250.3412,175,75
2026-05-09 17:14:22.118,5,-0.0,0.04,1.98,-25.9228,-69.95259999999999,250.3412,175,75
2026-05-09 17:14:22.158,5,0.02,-0.58,1.97,-30.622799999999998,-106.5426,250.3412,175,75
2026-05-09 17:14:22.158,5,-0.02,-1.12,1.58,-10.4428,-99.1126,232.5812,175,75
2026-05-09 17:14:22.179,5,-0.66,-0.89,1.34,51.5072,-64.4726,75.1012,175,75
2026-05-09 17:14:22.191,5,-0.92,-0.77,1.3,67.0572,-62.3226,-29.718799999999998,175,75
2026-05-09 17:14:22.191,5,-0.77,-0.66,1.22,77.6572,-58.592600000000004,-128.7688,175,75
2026-05-09 17:14:22.202,5,-0.51,-0.52,1.15,90.5372,-51.5426,-213.2388,175,75
2026-05-09 17:14:22.217,5,-0.26,-0.36,1.08,103.0372,-42.802600000000005,-249.9288,175,75
2026-05-09 17:14:22.217,5,-0.11,-0.16,1.0,113.3372,-36.2626,-249.9288,175,75
2026-05-09 17:14:22.228,5,0.02,0.03,0.9,119.7372,-39.632600000000004,-249.9288,175,75
2026-05-09 17:14:22.240,5,0.04,0.18,0.82,124.7572,-61.1726,-249.9288,175,75
2026-05-09 17:14:22.240,5,0.07,0.35,0.76,123.2272,-87.4926,-249.9288,175,75
2026-05-09 17:14:22.248,5,-0.01,0.39,0.7,112.74719999999999,-105.34259999999999,-225.2988,175,75
2026-05-09 17:14:22.271,5,-0.21,0.55,0.37,36.2072,-156.2526,-195.55880000000002,175,75
2026-05-09 17:14:22.284,5,-0.06,0.47,0.17,14.1572,-182.23260000000002,-171.05880000000002,175,75
2026-05-09 17:14:22.296,5,0.34,0.48,-0.14,8.3372,-203.73260000000002,-91.9288,175,75
2026-05-09 17:14:22.298,5,0.6,0.49,-0.33,9.2672,-212.73260000000002,12.6712,175,75
2026-05-09 17:14:22.307,5,0.48,0.45,-0.29,11.4672,-222.8326,98.36120000000001,175,75
2026-05-09 17:14:22.330,5,0.0,0.54,-0.39,4.3872,-244.64260000000002,140.72119999999998,175,75
2026-05-09 17:14:22.359,5,0.0,-0.08,-0.41,18.4272,-250.8526,168.1112,175,75
2026-05-09 17:14:22.369,5,-0.23,-0.07,0.06,34.3872,-187.3426,138.2912,175,75
2026-05-09 17:14:22.395,5,-0.04,-0.04,0.17,12.8172,13.5474,41.0012,175,75
2026-05-09 17:14:22.408,5,0.06,0.01,0.17,0.5571999999999999,87.46740000000001,6.1912,175,75
2026-05-09 17:14:22.419,5,0.3,0.09,0.18,-17.9228,165.85739999999998,-21.4588,175,75
2026-05-09 17:14:22.445,5,1.84,0.22,0.86,-98.8528,249.4174,-6.6288,175,75
2026-05-09 17:14:22.454,5,2.0,0.44,1.08,-146.4228,249.4174,71.30120000000001,175,75
2026-05-09 17:14:22.465,5,2.0,2.0,2.0,-224.6628,249.4174,250.3412,175,75
2026-05-09 17:14:22.471,5,1.35,0.81,2.0,-195.3828,249.4174,250.3412,175,75
2026-05-09 17:14:22.481,5,-1.13,-0.09,2.0,-99.2128,249.4174,250.3412,175,75
2026-05-09 17:14:22.492,5,-2.0,-0.28,1.82,-61.0628,249.4174,184.9912,175,75
2026-05-09 17:14:22.517,5,-2.0,-0.79,1.37,-52.4928,249.4174,-32.128800000000005,175,75
2026-05-09 17:14:22.524,5,-2.0,-1.16,1.51,-25.7928,93.34740000000001,-94.8688,175,75
2026-05-09 17:14:22.539,5,-2.0,-1.29,1.64,30.4872,-126.5426,-78.2888,175,75
2026-05-09 17:14:22.539,5,-2.0,-0.86,2.0,84.60719999999999,-250.8526,-83.05879999999999,175,75
2026-05-09 17:14:22.550,5,-1.58,-0.28,2.0,98.5072,-250.8526,-124.55879999999999,175,75
2026-05-09 17:14:22.568,5,-0.46,0.05,1.76,95.9772,-250.8526,-153.05880000000002,175,75
2026-05-09 17:14:22.568,5,-0.08,0.11,1.22,95.99719999999999,-250.8526,-151.3288,175,75
2026-05-09 17:14:22.581,5,0.66,0.32,0.9,90.49719999999999,-250.8526,-151.6688,175,75
2026-05-09 17:14:22.592,5,0.75,0.35,0.59,82.5172,-250.8526,-134.3188,175,75
2026-05-09 17:14:22.592,5,0.81,0.36,0.21,79.38719999999999,-250.8526,-105.05879999999999,175,75
2026-05-09 17:14:22.612,5,2.0,0.25,-0.28,86.0172,-250.8526,-21.7288,175,75
2026-05-09 17:14:22.624,5,2.0,0.18,-0.95,99.82719999999999,86.29740000000001,242.4212,175,75
2026-05-09 17:14:22.651,5,-0.41,0.3,-0.48,23.967200000000002,79.5374,137.06119999999999,175,75
2026-05-09 17:14:22.663,5,-0.47,-0.13,-0.29,-0.4928000000000001,-5.5226,126.41120000000001,175,75
2026-05-09 17:14:22.663,5,-0.34,-0.47,-0.18,-2.5728,-85.2126,154.6812,175,75
2026-05-09 17:14:22.680,5,0.19,-0.29,0.1,7.9672,-131.5926,214.2412,175,75
2026-05-09 17:14:22.693,5,1.01,-0.59,0.98,3.5272,-94.2126,250.3412,175,75
2026-05-09 17:14:22.712,5,2.0,-0.59,0.92,-14.8628,62.267399999999995,196.7712,175,75
2026-05-09 17:14:22.712,5,1.5,-0.9,2.0,12.257200000000001,249.4174,-69.7388,175,75
2026-05-09 17:14:22.723,5,1.08,-0.29,2.0,4.2072,249.4174,-249.9288,175,75
2026-05-09 17:14:22.744,5,-0.14,-0.09,2.0,3.8872,249.4174,-249.9288,175,75
2026-05-09 17:14:22.758,5,-1.0,0.13,2.0,40.347199999999994,214.2274,-249.9288,175,75
2026-05-09 17:14:22.795,5,-0.3,0.57,1.98,-1.2227999999999999,-235.39260000000002,44.1612,175,75
2026-05-09 17:14:22.808,5,0.58,0.47,1.83,2.9572,-233.39260000000002,210.2412,175,75
2026-05-09 17:14:22.820,5,0.99,0.36,1.73,2.9472,-193.57260000000002,250.3412,175,75
2026-05-09 17:14:22.827,5,1.3,0.18,1.43,-7.3428,-117.1626,250.3412,175,75
2026-05-09 17:14:22.839,5,1.42,0.19,1.17,-23.0828,-64.62259999999999,250.3412,175,75
2026-05-09 17:14:22.840,5,0.54,-0.01,1.07,-38.6128,-88.9126,250.3412,175,75
2026-05-09 17:14:22.855,5,0.06,-0.36,1.11,-58.802800000000005,-187.3426,250.3412,175,75
2026-05-09 17:14:22.869,5,0.04,-0.87,1.0,-62.162800000000004,-241.9326,250.3412,175,75
2026-05-09 17:14:22.880,5,0.19,-1.33,0.62,-50.872800000000005,-215.73260000000002,250.3412,175,75
2026-05-09 17:14:22.913,5,-0.52,-0.86,-0.38,103.9772,8.2874,-160.3888,175,75
2026-05-09 17:14:22.940,5,0.23,-0.19,-0.66,104.4172,30.5074,-227.89880000000002,175,75
2026-05-09 17:14:22.956,5,-0.01,0.06,-0.52,60.27719999999999,48.8174,-232.0088,175,75
2026-05-09 17:14:22.967,5,-0.24,0.15,-0.49,19.4872,18.907400000000003,-235.4288,175,75
2026-05-09 17:14:22.971,5,-0.33,0.29,-0.38,-22.4928,-26.1726,-242.3488,175,75
2026-05-09 17:14:22.985,5,-0.07,0.39,-0.24,-66.31280000000001,-60.5626,-246.0988,175,75
2026-05-09 17:14:22.997,5,0.48,0.36,-0.11,-105.1028,-54.702600000000004,-231.43880000000001,175,75
2026-05-09 17:14:23.011,5,0.91,0.25,-0.07,-126.5728,-8.272599999999999,-201.39880000000002,175,75
2026-05-09 17:14:23.029,5,2.0,0.92,0.09,-149.4728,193.7274,-61.628800000000005,175,75
2026-05-09 17:14:23.039,5,2.0,1.45,0.33,-140.5928,215.63739999999999,37.191199999999995,175,75
2026-05-09 17:14:23.039,5,1.12,1.71,1.19,-118.5528,62.697399999999995,55.9612,175,75
2026-05-09 17:14:23.062,5,1.04,1.16,1.77,-131.1228,21.727400000000003,-21.438799999999997,175,75
2026-05-09 17:14:23.062,5,1.9,0.19,1.84,-160.0928,159.4474,-42.238800000000005,175,75
2026-05-09 17:14:23.071,5,2.0,-0.72,1.53,-149.0628,249.4174,76.1712,175,75
2026-05-09 17:14:23.092,5,2.0,1.65,-0.22,-130.8728,249.4174,250.3412,175,75
2026-05-09 17:14:23.092,5,0.52,-0.77,1.83,-121.53280000000001,249.4174,250.3412,175,75
2026-05-09 17:14:23.127,5,-2.0,-1.26,1.99,-54.872800000000005,-180.01260000000002,192.0212,175,75
2026-05-09 17:14:23.135,5,-2.0,-1.5,1.67,-33.8928,-201.36260000000001,-96.63879999999999,175,75
2026-05-09 17:14:23.146,5,-1.87,-1.49,1.67,-6.252800000000001,-165.4126,-249.9288,175,75
2026-05-09 17:14:23.158,5,-1.54,-1.12,1.43,23.6072,-163.2426,-249.9288,175,75
2026-05-09 17:14:23.173,5,-0.63,-0.63,1.2,69.6572,-185.4126,-249.9288,175,75
2026-05-09 17:14:23.173,5,0.43,-0.11,1.04,113.2372,-165.5826,-249.9288,175,75
2026-05-09 17:14:23.214,5,1.46,1.04,0.98,151.4272,-58.912600000000005,-249.9288,175,75
2026-05-09 17:14:23.226,5,1.39,0.83,0.92,123.0472,-18.302599999999998,-249.9288,175,75
2026-05-09 17:14:23.236,5,0.89,0.69,0.81,89.9872,47.5674,-249.9288,175,75
2026-05-09 17:14:23.247,5,0.31,0.38,0.71,49.807199999999995,98.40740000000001,-228.3288,175,75
2026-05-09 17:14:23.258,5,-0.15,0.22,0.62,19.6972,113.04740000000001,-156.2888,175,75
2026-05-09 17:14:23.278,5,-0.61,0.14,0.52,-2.7528,96.1374,-89.8988,175,75
2026-05-09 17:14:23.278,5,-0.72,0.19,0.51,-26.212799999999998,59.0274,-40.2888,175,75
2026-05-09 17:14:23.290,5,-1.02,0.35,0.52,-59.3828,11.9474,-28.2288,175,75
2026-05-09 17:14:23.314,5,-1.17,0.58,0.55,-101.4728,-36.4426,-63.1888,175,75
2026-05-09 17:14:23.323,5,0.91,0.74,0.38,-168.3028,-15.3126,-131.3188,175,75
2026-05-09 17:14:23.328,5,2.0,1.48,-0.21,-72.14280000000001,155.0374,250.3412,175,75
2026-05-09 17:14:23.358,5,0.88,0.54,1.46,-88.2428,4.6774,250.3412,175,75
2026-05-09 17:14:23.372,5,1.83,-1.3,2.0,-58.6428,129.9074,250.3412,175,75
2026-05-09 17:14:23.400,5,0.92,-1.79,2.0,42.2472,209.17739999999998,250.3412,175,75
2026-05-09 17:14:23.400,5,-0.27,-1.3,2.0,121.6572,249.4174,250.3412,175,75
2026-05-09 17:14:23.418,5,-1.77,-0.68,2.0,132.5572,249.4174,131.7412,175,75
2026-05-09 17:14:23.429,5,-2.0,-0.4,2.0,91.0572,249.4174,-96.1288,175,75
2026-05-09 17:14:23.454,5,-0.89,-0.55,2.0,57.7872,-123.6326,-249.9288,175,75
2026-05-09 17:14:23.470,5,-0.17,-0.14,2.0,65.32719999999999,-235.3526,-100.35879999999999,175,75
2026-05-09 17:14:23.470,5,0.14,0.08,1.96,41.6072,-250.8526,33.2312,175,75
2026-05-09 17:14:23.483,5,0.35,-0.05,1.45,15.497200000000001,-250.8526,129.16119999999998,175,75
2026-05-09 17:14:23.493,5,0.61,-0.28,0.94,13.8772,-250.8526,209.25119999999998,175,75
2026-05-09 17:14:23.493,5,0.66,-0.46,0.59,32.6672,-212.3726,250.3412,175,75
2026-05-09 17:14:23.506,5,0.54,-0.36,0.33,53.627199999999995,-200.5926,250.3412,175,75
2026-05-09 17:14:23.516,5,0.41,-0.31,0.21,61.2072,-215.5626,250.3412,175,75
2026-05-09 17:14:23.529,5,0.49,-0.3,0.14,52.27719999999999,-233.17260000000002,250.3412,175,75
2026-05-09 17:14:23.538,5,0.94,-0.38,-0.04,25.5272,-186.48260000000002,250.3412,175,75
2026-05-09 17:14:23.553,5,0.71,-0.61,-0.21,-7.4528,-82.84259999999999,197.5812,175,75
2026-05-09 17:14:23.553,5,0.22,-0.63,-0.17,-19.282799999999998,-14.8026,95.3812,175,75
2026-05-09 17:14:23.566,5,-0.03,-0.62,-0.1,-18.3128,26.7574,21.221200000000003,175,75
2026-05-09 17:14:23.579,5,-0.02,-0.6,-0.12,-10.7728,48.6874,-25.9088,175,75
2026-05-09 17:14:23.589,5,0.13,-0.47,-0.16,-7.672799999999999,72.68740000000001,-61.418800000000005,175,75
2026-05-09 17:14:23.600,5,0.22,-0.35,-0.3,-7.6228,99.6674,-107.2388,175,75
2026-05-09 17:14:23.611,5,0.26,-0.27,-0.47,-11.3628,117.8674,-147.6688,175,75
2026-05-09 17:14:23.641,5,-0.41,0.08,-0.52,2.5872,-33.3726,-203.6688,175,75
2026-05-09 17:14:23.653,5,-0.14,0.21,-0.33,-13.4728,-72.98259999999999,-209.39880000000002,175,75
2026-05-09 17:14:23.663,5,0.23,0.25,-0.16,-35.652800000000006,-74.6126,-206.14880000000002,175,75
2026-05-09 17:14:23.668,5,0.41,0.23,-0.08,-51.9228,-48.732600000000005,-199.05880000000002,175,75
2026-05-09 17:14:23.680,5,0.45,0.2,-0.05,-60.412800000000004,-10.1826,-193.11880000000002,175,75
2026-05-09 17:14:23.704,5,0.37,0.27,0.02,-63.50280000000001,33.5674,-198.3888,175,75
2026-05-09 17:14:23.704,5,0.27,0.26,0.07,-66.7928,67.82740000000001,-215.4488,175,75
2026-05-09 17:14:23.716,5,0.35,0.19,0.05,-64.4628,97.01740000000001,-225.6288,175,75
2026-05-09 17:14:23.731,5,1.75,0.43,0.05,-18.712799999999998,100.8374,-66.74879999999999,175,75
2026-05-09 17:14:23.758,5,1.72,0.98,1.37,-27.0828,-93.0226,250.3412,175,75
2026-05-09 17:14:23.763,5,1.75,0.42,1.8,-57.2128,84.5074,206.5512,175,75
2026-05-09 17:14:23.776,5,2.0,-0.15,1.94,-70.6028,249.4174,195.53119999999998,175,75
2026-05-09 17:14:23.793,5,0.11,-0.23,2.0,-86.4028,249.4174,250.3412,175,75
2026-05-09 17:14:23.814,5,-2.0,-0.93,2.0,-81.67280000000001,233.5874,156.31119999999999,175,75
2026-05-09 17:14:23.819,5,-2.0,-1.24,1.67,-44.902800000000006,85.7874,10.3912,175,75
2026-05-09 17:14:23.880,5,-1.63,-0.62,2.0,130.8772,-250.8526,-249.9288,175,75
2026-05-09 17:14:23.880,5,-0.33,-0.27,1.78,150.0172,-250.8526,-249.9288,175,75
2026-05-09 17:14:23.891,5,0.28,0.16,1.52,156.8872,-250.8526,-249.9288,175,75
2026-05-09 17:14:23.904,5,0.65,0.39,1.38,145.4472,-180.7526,-249.9288,175,75
2026-05-09 17:14:23.914,5,0.63,0.45,1.24,121.0172,-76.6626,-249.9288,175,75
2026-05-09 17:14:23.914,5,0.33,0.42,0.99,92.7572,-18.5626,-249.9288,175,75
2026-05-09 17:14:23.930,5,0.09,0.27,0.75,70.3372,-0.7126,-230.2888,175,75
2026-05-09 17:14:23.944,5,-0.04,0.18,0.66,48.6072,6.2074,-179.5688,175,75
2026-05-09 17:14:23.944,5,-0.24,0.18,0.6,28.4572,5.9474,-127.33879999999999,175,75
2026-05-09 17:14:23.962,5,0.09,0.65,0.95,-31.2428,13.0074,-91.9888,175,75
2026-05-09 17:14:23.974,5,1.32,1.35,1.91,-80.7728,-22.3126,52.9612,175,75
2026-05-09 17:14:23.993,5,2.0,1.46,2.0,-236.7628,7.727399999999999,250.3412,175,75
2026-05-09 17:14:24.004,5,2.0,0.05,2.0,-240.6728,157.5274,250.3412,175,75
2026-05-09 17:14:24.014,5,0.86,-1.12,2.0,-168.6028,182.8474,250.3412,175,75
2026-05-09 17:14:24.036,5,-1.39,-1.23,2.0,-35.872800000000005,21.067400000000003,250.3412,175,75
2026-05-09 17:14:24.049,5,-1.65,-0.96,1.92,-0.03280000000000005,-63.6526,162.8412,175,75
2026-05-09 17:14:24.063,5,-0.71,-0.74,1.5,14.0572,-167.76260000000002,-117.88879999999999,175,75
2026-05-09 17:14:24.074,5,0.03,-0.64,1.22,34.3972,-214.6626,-175.0788,175,75
2026-05-09 17:14:24.096,5,0.66,-0.45,1.03,55.597199999999994,-247.92260000000002,-186.8188,175,75
2026-05-09 17:14:24.096,5,1.25,-0.25,0.78,68.5972,-250.8526,-152.18880000000001,175,75
2026-05-09 17:14:24.102,5,1.7,-0.21,0.53,80.6272,-221.5626,-92.6488,175,75
2026-05-09 17:14:24.115,5,2.0,-0.13,0.31,92.9072,-138.45260000000002,10.7712,175,75
2026-05-09 17:14:24.125,5,2.0,-0.07,-0.09,109.10719999999999,-11.2826,140.8012,175,75
2026-05-09 17:14:24.137,5,1.35,-0.13,-0.2,115.7372,74.2774,215.8012,175,75
2026-05-09 17:14:24.161,5,0.28,-0.24,-0.3,130.6872,105.23740000000001,250.3412,175,75
2026-05-09 17:14:24.171,5,0.01,-0.26,-0.25,122.7372,67.3674,250.3412,175,75
2026-05-09 17:14:24.185,5,-0.18,-0.29,-0.12,87.71719999999999,-5.4626,250.3412,175,75
2026-05-09 17:14:24.185,5,-0.04,-0.37,-0.19,45.6872,-50.632600000000004,250.3412,175,75
2026-05-09 17:14:24.206,5,-0.74,-0.31,-0.37,-57.872800000000005,-38.8126,35.791199999999996,175,75
2026-05-09 17:14:24.219,5,-1.31,-0.23,-0.38,-85.3328,-73.4626,-100.7188,175,75
2026-05-09 17:14:24.233,5,-1.18,-0.22,-0.46,-99.3428,-127.0526,-214.71880000000002,175,75
2026-05-09 17:14:24.233,5,-0.56,-0.16,-0.36,-104.7228,-152.67260000000002,-249.9288,175,75
2026-05-09 17:14:24.285,5,-0.02,0.17,0.08,-107.9428,7.5974,-249.9288,175,75
2026-05-09 17:14:24.296,5,-0.08,0.22,0.16,-99.4928,24.9674,-249.9288,175,75
2026-05-09 17:14:24.310,5,-0.08,0.27,0.16,-93.3428,34.5974,-249.9288,175,75
2026-05-09 17:14:24.311,5,0.03,0.31,0.18,-87.5928,46.3074,-249.9288,175,75
2026-05-09 17:14:24.348,5,0.61,0.61,0.12,-76.92280000000001,114.07740000000001,-51.0688,175,75
2026-05-09 17:14:24.360,5,0.3,0.59,0.19,-75.7628,118.4774,45.7112,175,75
2026-05-09 17:14:24.382,5,1.98,0.82,0.49,-90.2628,246.6574,250.3412,175,75
2026-05-09 17:14:24.393,5,1.89,1.26,1.37,-101.7628,198.9174,250.3412,175,75
2026-05-09 17:14:24.403,5,1.49,1.45,2.0,-131.9428,-11.5426,250.3412,175,75
2026-05-09 17:14:24.415,5,1.64,-0.44,2.0,-125.64280000000001,-43.772600000000004,250.3412,175,75
2026-05-09 17:14:24.424,5,1.7,-1.23,2.0,-92.1628,92.3074,250.3412,175,75
2026-05-09 17:14:24.437,5,0.54,-1.59,2.0,-46.022800000000004,231.7774,250.3412,175,75
2026-05-09 17:14:24.449,5,-0.7,-1.57,1.97,-25.712799999999998,249.4174,250.3412,175,75
2026-05-09 17:14:24.449,5,-2.0,-1.47,1.69,-22.622799999999998,227.7174,124.6512,175,75
2026-05-09 17:14:24.501,5,-0.48,-0.61,1.75,87.2672,86.3174,-249.9288,175,75
2026-05-09 17:14:24.518,5,0.02,-0.31,1.68,92.71719999999999,100.6674,-249.9288,175,75
2026-05-09 17:14:24.528,5,0.3,-0.03,1.54,100.3672,106.68740000000001,-249.9288,175,75
2026-05-09 17:14:24.545,5,0.42,0.17,1.54,106.68719999999999,78.76740000000001,-249.9288,175,75
2026-05-09 17:14:24.545,5,0.45,0.51,1.67,99.8972,40.8274,-249.9288,175,75
2026-05-09 17:14:24.559,5,0.1,0.45,1.75,75.5472,22.3474,-219.4188,175,75
2026-05-09 17:14:24.559,5,-0.09,0.45,1.61,46.587199999999996,18.977400000000003,-132.5688,175,75
2026-05-09 17:14:24.580,5,-0.16,0.03,1.37,33.6172,35.697399999999995,52.011199999999995,175,75
2026-05-09 17:14:24.590,5,-0.09,0.06,1.42,34.627199999999995,53.0774,142.10119999999998,175,75
2026-05-09 17:14:24.602,5,0.02,0.14,1.54,30.9572,74.21740000000001,226.56119999999999,175,75
2026-05-09 17:14:24.615,5,0.01,0.22,1.76,18.9472,78.9774,250.3412,175,75
2026-05-09 17:14:24.625,5,-0.24,0.05,2.0,-2.9828,34.3474,250.3412,175,75
2026-05-09 17:14:24.638,5,-0.43,-0.12,2.0,-25.0228,-32.8926,250.3412,175,75
2026-05-09 17:14:24.685,5,-1.31,-0.93,1.51,28.967200000000002,-89.53259999999999,111.3412,175,75
2026-05-09 17:14:24.711,5,-1.1,-0.81,1.26,48.877199999999995,-79.1126,-90.4888,175,75
2026-05-09 17:14:24.711,5,-0.83,-0.72,1.17,64.6272,-61.5626,-165.6988,175,75
2026-05-09 17:14:24.731,5,-0.42,-0.39,1.09,98.4272,-30.932599999999997,-249.9288,175,75
2026-05-09 17:14:24.748,5,-0.07,0.08,1.07,114.4472,-53.6726,-249.9288,175,75
2026-05-09 17:14:24.759,5,0.1,0.25,1.06,117.3772,-85.73259999999999,-249.9288,175,75
2026-05-09 17:14:24.759,5,0.24,0.4,1.01,117.0072,-105.51259999999999,-232.64880000000002,175,75
2026-05-09 17:14:24.771,5,0.05,0.43,0.94,113.0472,-115.0226,-195.86880000000002,175,75
2026-05-09 17:14:24.794,5,-0.2,0.5,0.69,83.6272,-133.9026,-155.5388,175,75
2026-05-09 17:14:24.809,5,-0.24,0.42,0.52,66.6572,-149.8426,-138.5188,175,75
2026-05-09 17:14:24.831,5,0.03,0.25,0.0,55.1872,-206.3426,-73.3188,175,75
2026-05-09 17:14:24.843,5,0.43,0.28,-0.36,67.0872,-243.4126,17.031200000000002,175,75
2026-05-09 17:14:24.843,5,0.06,0.24,-0.43,78.6172,-250.8526,120.52120000000001,175,75
2026-05-09 17:14:24.854,5,0.08,0.42,-0.52,89.2672,-250.8526,177.5812,175,75
2026-05-09 17:14:24.876,5,0.36,0.19,-0.49,64.7472,-250.8526,212.7712,175,75
2026-05-09 17:14:24.905,5,-0.04,0.11,0.02,19.6872,-187.73260000000002,188.2312,175,75
2026-05-09 17:14:24.919,5,-0.38,0.06,0.1,2.6272,-133.4326,139.7112,175,75
2026-05-09 17:14:24.928,5,-0.3,-0.08,0.1,-9.1428,-80.98259999999999,84.30120000000001,175,75
2026-05-09 17:14:24.940,5,-0.2,-0.14,-0.06,-8.8928,-21.112599999999997,34.8812,175,75
2026-05-09 17:14:24.940,5,-0.08,-0.1,-0.03,-9.9728,31.9474,-1.3588,175,75
2026-05-09 17:14:24.950,5,0.15,-0.13,-0.06,-7.5928,84.32740000000001,-16.0688,175,75
2026-05-09 17:14:24.971,5,0.44,0.06,0.01,-1.9228,196.3974,-9.1288,175,75
2026-05-09 17:14:24.981,5,0.38,0.13,0.09,-11.8828,249.4174,-16.7988,175,75
2026-05-09 17:14:25.015,5,2.0,0.59,1.27,-118.4528,249.4174,93.77120000000001,175,75
2026-05-09 17:14:25.023,5,2.0,1.22,2.0,-209.4728,249.4174,250.3412,175,75
2026-05-09 17:14:25.042,5,-0.63,-0.16,2.0,-146.7028,249.4174,250.3412,175,75
2026-05-09 17:14:25.053,5,-2.0,-0.32,1.65,-93.0828,249.4174,250.3412,175,75
2026-05-09 17:14:25.079,5,-2.0,-1.33,1.0,-27.1828,131.9374,6.0611999999999995,175,75
2026-05-09 17:14:25.091,5,-2.0,-1.53,1.68,133.2072,-250.8526,-46.4688,175,75
2026-05-09 17:14:25.166,5,0.61,0.56,-0.17,96.6572,-250.8526,-249.9288,175,75
2026-05-09 17:14:25.171,5,2.0,0.83,-1.14,125.99719999999999,-250.8526,-132.1688,175,75
2026-05-09 17:14:25.211,5,-0.37,0.41,-1.1,84.43719999999999,-209.64260000000002,78.86120000000001,175,75
2026-05-09 17:14:25.223,5,-0.24,-0.02,-0.65,59.6872,-250.8526,45.581199999999995,175,75
2026-05-09 17:14:25.234,5,-0.01,-0.22,-0.23,45.1172,-250.8526,47.0612,175,75
2026-05-09 17:14:25.246,5,0.4,-0.27,-0.38,49.557199999999995,-224.6526,60.7112,175,75
2026-05-09 17:14:25.259,5,1.15,-0.1,0.84,39.727199999999996,-123.17259999999999,113.4812,175,75
2026-05-09 17:14:25.259,5,1.94,-1.19,1.11,42.8672,25.5774,192.35119999999998,175,75
2026-05-09 17:14:25.273,5,2.0,-0.66,1.34,54.8672,249.4174,250.3412,175,75
2026-05-09 17:14:25.300,5,-0.9,-0.84,2.0,58.977199999999996,249.4174,-111.05879999999999,175,75
2026-05-09 17:14:25.314,5,-0.68,-0.0,2.0,-46.522800000000004,249.4174,-249.9288,175,75
2026-05-09 17:14:25.327,5,-1.25,-0.13,1.48,-43.6828,249.4174,-249.9288,175,75
2026-05-09 17:14:25.339,5,-1.88,0.03,1.31,-10.8928,82.1974,-249.9288,175,75
2026-05-09 17:14:25.356,5,-0.09,0.92,2.0,-5.8428,-158.11260000000001,-69.6788,175,75
2026-05-09 17:14:25.383,5,0.83,0.15,2.0,23.1972,-87.0226,250.3412,175,75
2026-05-09 17:14:25.394,5,0.46,0.27,1.87,7.5672,-82.1126,250.3412,175,75
2026-05-09 17:14:25.420,5,-0.03,-0.19,1.53,-57.262800000000006,-156.0326,250.3412,175,75
2026-05-09 17:14:25.430,5,0.1,-0.35,1.31,-70.9928,-191.6326,250.3412,175,75
2026-05-09 17:14:25.430,5,0.19,-0.75,0.93,-60.9528,-193.0026,250.3412,175,75
2026-05-09 17:14:25.440,5,0.25,-0.76,0.66,-43.272800000000004,-167.11260000000001,212.3912,175,75
2026-05-09 17:14:25.452,5,0.3,-0.69,0.44,-30.4728,-122.8026,118.6812,175,75
2026-05-09 17:14:25.482,5,0.31,-0.5,0.1,-12.3828,-20.162599999999998,-37.9688,175,75
2026-05-09 17:14:25.493,5,0.25,-0.35,-0.02,-6.642799999999999,15.9474,-85.0088,175,75
2026-05-09 17:14:25.503,5,0.23,-0.27,-0.09,-2.9728,39.227399999999996,-105.5188,175,75
2026-05-09 17:14:25.515,5,0.36,-0.13,-0.25,-3.9027999999999996,55.1674,-117.6188,175,75
2026-05-09 17:14:25.515,5,0.51,-0.06,-0.44,-11.9828,72.9474,-122.44879999999999,175,75
2026-05-09 17:14:25.532,5,0.27,-0.07,-0.53,-12.4628,91.6174,-112.10879999999999,175,75
2026-05-09 17:14:25.543,5,-0.08,-0.06,-0.49,-18.6428,59.157399999999996,-101.2388,175,75
2026-05-09 17:14:25.556,5,-0.37,0.01,-0.42,-26.7628,4.4974,-94.1288,175,75
2026-05-09 17:14:25.567,5,-0.5,0.05,-0.4,-38.6828,-62.3926,-92.3488,175,75
2026-05-09 17:14:25.581,5,-0.46,0.09,-0.35,-55.342800000000004,-129.17260000000002,-91.4388,175,75
2026-05-09 17:14:25.606,5,0.06,0.2,-0.05,-112.50280000000001,-201.64260000000002,-116.5188,175,75
2026-05-09 17:14:25.630,5,0.58,0.2,0.14,-118.0228,-39.912600000000005,-153.4288,175,75
2026-05-09 17:14:25.644,5,0.89,0.29,0.1,-114.9628,36.1674,-149.4488,175,75
2026-05-09 17:14:25.655,5,1.8,0.49,0.19,-118.81280000000001,135.9074,-92.30879999999999,175,75
2026-05-09 17:14:25.668,5,2.0,1.3,0.45,-133.4128,249.4174,72.0712,175,75
2026-05-09 17:14:25.673,5,2.0,1.98,2.0,-139.7628,221.0574,250.3412,175,75
2026-05-09 17:14:25.688,5,1.73,0.92,2.0,-137.8128,118.6374,250.3412,175,75
2026-05-09 17:14:25.700,5,1.62,-0.76,1.61,-79.4428,249.4174,250.3412,175,75
2026-05-09 17:14:25.723,5,-0.14,-0.57,2.0,-70.8028,249.4174,250.3412,175,75
2026-05-09 17:14:25.731,5,-2.0,-1.08,2.0,-76.7228,140.4774,250.3412,175,75
2026-05-09 17:14:25.746,5,-2.0,-1.4,1.67,-55.0728,-7.1826,152.6512,175,75
2026-05-09 17:14:25.757,5,-2.0,-1.68,1.42,-5.5128,-138.1226,74.3812,175,75
2026-05-09 17:14:25.769,5,-1.96,-1.74,1.54,45.2972,-231.5626,44.6312,175,75
2026-05-09 17:14:25.782,5,-1.28,-1.37,1.89,45.52719999999999,-250.8526,36.7412,175,75
2026-05-09 17:14:25.782,5,-0.9,-0.99,1.8,-4.6028,-250.8526,-30.898799999999998,175,75
2026-05-09 17:14:25.804,5,1.03,-0.68,0.81,-2.2228,-250.8526,-246.2888,175,75
2026-05-09 17:14:25.824,5,1.56,0.0,0.32,41.017199999999995,-4.3426,-249.9288,175,75
2026-05-09 17:14:25.841,5,1.02,0.21,0.15,49.167199999999994,97.43740000000001,-249.9288,175,75
2026-05-09 17:14:25.851,5,0.82,0.83,-0.11,44.3972,166.5574,-249.9288,175,75
2026-05-09 17:14:25.863,5,0.57,0.51,-0.26,51.8872,155.26739999999998,-249.9288,175,75
2026-05-09 17:14:25.899,5,-0.49,0.67,-0.08,39.837199999999996,56.1074,-218.4288,175,75
2026-05-09 17:14:25.910,5,-0.22,0.34,0.16,32.7472,-64.0526,-142.5188,175,75
2026-05-09 17:14:25.943,5,0.66,0.04,0.45,50.3672,-32.4426,22.2712,175,75
2026-05-09 17:14:25.960,5,0.93,-0.07,0.44,64.6572,33.227399999999996,106.75120000000001,175,75
2026-05-09 17:14:25.960,5,1.18,-0.34,0.61,84.2072,106.1774,216.3312,175,75
2026-05-09 17:14:25.975,5,2.0,-0.34,1.21,97.1972,249.4174,250.3412,175,75
2026-05-09 17:14:25.996,5,-0.22,-0.83,2.0,-26.3428,-14.7326,250.3412,175,75
2026-05-09 17:14:25.996,5,-0.76,-0.41,2.0,-35.152800000000006,77.8374,222.4812,175,75
2026-05-09 17:14:26.006,5,-1.24,-0.49,1.93,-42.2428,199.13739999999999,-47.708800000000004,175,75
2026-05-09 17:14:26.019,5,-1.63,-0.74,1.69,-29.3228,249.4174,-249.9288,175,75
2026-05-09 17:14:26.019,5,-1.7,-0.91,1.51,12.2172,249.4174,-249.9288,175,75
2026-05-09 17:14:26.031,5,-1.66,-0.85,1.47,69.6272,249.4174,-249.9288,175,75
2026-05-09 17:14:26.041,5,-1.2,-0.33,2.0,126.6472,109.3674,-249.9288,175,75
2026-05-09 17:14:26.052,5,-0.29,0.81,2.0,126.5372,-80.9326,-249.9288,175,75
2026-05-09 17:14:26.064,5,-0.14,0.89,2.0,75.9072,-179.7526,-249.9288,175,75
2026-05-09 17:14:26.075,5,-0.15,0.81,2.0,35.697199999999995,-196.79260000000002,-172.93880000000001,175,75
2026-05-09 17:14:26.089,5,0.33,0.03,1.29,20.467200000000002,-174.7126,83.6512,175,75
2026-05-09 17:14:26.100,5,0.54,-0.03,1.13,19.1772,-134.98260000000002,195.1112,175,75
2026-05-09 17:14:26.123,5,0.61,-0.05,0.96,15.077200000000001,-94.8326,250.3412,175,75
2026-05-09 17:14:26.123,5,0.48,0.48,1.07,-2.2828,-90.2126,250.3412,175,75
2026-05-09 17:14:26.144,5,-0.03,-0.12,0.53,-57.0028,-250.8526,250.3412,175,75
2026-05-09 17:14:26.155,5,0.28,-0.38,0.34,-89.56280000000001,-250.8526,250.3412,175,75
2026-05-09 17:14:26.169,5,1.52,-0.83,-0.19,-105.1928,-237.3326,246.00119999999998,175,75
2026-05-09 17:14:26.178,5,0.71,-0.69,-0.27,-92.4028,-100.5426,121.0612,175,75
2026-05-09 17:14:26.199,5,-0.56,-0.35,-0.32,-73.75280000000001,-2.8126,-82.3188,175,75
2026-05-09 17:14:26.204,5,-0.8,-0.25,-0.38,-74.1028,-27.0826,-151.8188,175,75
2026-05-09 17:14:26.236,5,-0.66,0.08,-0.22,-74.7928,-86.4726,-249.9288,175,75
2026-05-09 17:14:26.248,5,-0.09,0.31,-0.05,-117.50280000000001,-105.20259999999999,-249.9288,175,75
2026-05-09 17:14:26.259,5,0.24,0.44,0.05,-140.0828,-81.0226,-249.9288,175,75
2026-05-09 17:14:26.273,5,0.55,0.57,0.12,-162.0528,-29.8526,-249.9288,175,75
2026-05-09 17:14:26.285,5,1.2,0.73,0.17,-179.8928,50.297399999999996,-249.9288,175,75
2026-05-09 17:14:26.285,5,2.0,1.19,-0.01,-193.6028,229.0874,-213.3288,175,75
2026-05-09 17:14:26.296,5,1.96,1.44,0.11,-226.9828,249.4174,-44.168800000000005,175,75
2026-05-09 17:14:26.309,5,1.14,1.71,0.44,-249.2728,249.4174,-32.958800000000004,175,75
2026-05-09 17:14:26.320,5,1.01,0.83,2.0,-171.4028,199.29739999999998,250.3412,175,75
2026-05-09 17:14:26.343,5,1.3,-0.66,1.53,-110.2128,249.4174,250.3412,175,75
2026-05-09 17:14:26.343,5,1.38,-0.8,1.4,-33.6328,249.4174,250.3412,175,75
2026-05-09 17:14:26.353,5,-0.15,1.08,0.83,2.6872,249.4174,250.3412,175,75
2026-05-09 17:14:26.374,5,-2.0,-0.95,2.0,-106.14280000000001,-125.90259999999999,250.3412,175,75
2026-05-09 17:14:26.392,5,-2.0,-1.19,1.7,-110.06280000000001,-229.5626,195.6812,175,75
2026-05-09 17:14:26.404,5,-2.0,-1.45,1.21,-92.0128,-250.8526,-25.5888,175,75
2026-05-09 17:14:26.404,5,-1.97,-1.44,0.92,-50.732800000000005,-250.8526,-188.27880000000002,175,75
2026-05-09 17:14:26.415,5,-1.04,-0.98,0.73,-9.7928,-250.8526,-249.9288,175,75
2026-05-09 17:14:26.427,5,-0.34,-0.49,0.62,2.7272,-250.8526,-249.9288,175,75
2026-05-09 17:14:26.439,5,1.78,0.04,0.4,-11.7228,-250.8526,-249.9288,175,75
2026-05-09 17:14:26.466,5,2.0,0.52,0.41,-81.3828,199.95739999999998,-249.9288,175,75
2026-05-09 17:14:26.471,5,1.2,0.46,0.6,-92.2128,216.6274,-183.6688,175,75
2026-05-09 17:14:26.496,5,0.21,-0.21,0.75,-57.662800000000004,249.4174,-56.668800000000005,175,75
2026-05-09 17:14:26.507,5,0.15,0.14,1.11,-32.47280000000001,249.4174,-2.9988,175,75
2026-05-09 17:14:26.519,5,-0.12,-0.05,1.17,-6.912800000000001,249.4174,53.3812,175,75
2026-05-09 17:14:26.532,5,-0.81,0.62,2.0,-3.6927999999999996,128.3374,121.3412,175,75
2026-05-09 17:14:26.545,5,-0.88,0.49,2.0,-24.4228,58.7474,97.6812,175,75
2026-05-09 17:14:26.561,5,-0.55,-0.25,1.52,-19.0628,-48.5126,108.4512,175,75
2026-05-09 17:14:26.584,5,-0.41,-0.35,1.38,3.7572,-80.56259999999999,122.6012,175,75
2026-05-09 17:14:26.584,5,-0.16,-0.34,1.28,14.3872,-97.20259999999999,131.5512,175,75
2026-05-09 17:14:26.600,5,-0.04,-0.37,1.3,19.5272,-105.9326,135.47119999999998,175,75
2026-05-09 17:14:26.610,5,0.12,-0.36,1.29,23.717200000000002,-104.95259999999999,123.0312,175,75
2026-05-09 17:14:26.610,5,0.32,-0.4,1.27,27.6472,-91.8626,101.8512,175,75
2026-05-09 17:14:26.622,5,0.4,-0.4,1.19,34.6772,-60.1826,75.9812,175,75
2026-05-09 17:14:26.640,5,0.3,-0.33,1.14,42.7872,-15.8226,39.2812,175,75
2026-05-09 17:14:26.640,5,0.12,-0.21,1.13,45.487199999999994,29.3974,-12.668800000000001,175,75
2026-05-09 17:14:26.661,5,-0.2,-0.06,1.15,43.77719999999999,86.3574,-132.55880000000002,175,75
2026-05-09 17:14:26.673,5,-0.27,0.03,1.18,44.597199999999994,77.9474,-170.5488,175,75
2026-05-09 17:14:26.685,5,-0.26,0.16,1.22,47.337199999999996,47.1374,-181.93880000000001,175,75
2026-05-09 17:14:26.701,5,-0.24,0.24,1.23,47.307199999999995,3.2074,-166.7388,175,75
2026-05-09 17:14:26.701,5,-0.17,0.32,1.21,45.4272,-41.5026,-135.2988,175,75
2026-05-09 17:14:26.712,5,0.02,0.39,1.14,36.477199999999996,-78.78259999999999,-88.0988,175,75
2026-05-09 17:14:26.723,5,0.24,0.27,0.94,34.1172,-103.95259999999999,-26.468799999999998,175,75
2026-05-09 17:14:26.752,5,0.6,-0.04,0.46,51.337199999999996,-140.51260000000002,163.5212,175,75
2026-05-09 17:14:26.770,5,0.62,-0.17,0.36,55.947199999999995,-156.6526,211.28119999999998,175,75
2026-05-09 17:14:26.770,5,0.69,-0.41,0.26,67.7272,-177.76260000000002,248.00119999999998,175,75
2026-05-09 17:14:26.784,5,0.83,-0.46,0.36,78.0672,-207.95260000000002,250.3412,175,75
2026-05-09 17:14:26.808,5,1.03,-0.8,0.39,96.68719999999999,-216.3726,250.3412,175,75
2026-05-09 17:14:26.808,5,1.14,-0.9,0.49,107.2072,-178.1326,248.97119999999998,175,75
2026-05-09 17:14:26.818,5,0.79,-0.85,0.62,106.38719999999999,-110.45259999999999,185.91119999999998,175,75
2026-05-09 17:14:26.830,5,0.36,-0.73,0.71,100.0472,-38.202600000000004,124.4312,175,75
2026-05-09 17:14:26.830,5,-0.02,-0.68,0.75,94.8472,36.477399999999996,50.1312,175,75
2026-05-09 17:14:26.852,5,-0.3,-0.75,1.18,59.0072,120.65740000000001,-100.16879999999999,175,75
2026-05-09 17:14:26.880,5,-0.17,-0.84,1.53,9.0172,104.51740000000001,-230.05880000000002,175,75
2026-05-09 17:14:26.880,5,-0.09,-0.71,1.41,6.107200000000001,85.8674,-249.9288,175,75
2026-05-09 17:14:26.903,5,-0.11,-0.56,1.19,9.077200000000001,65.9174,-249.9288,175,75
2026-05-09 17:14:26.913,5,-0.12,-0.24,0.97,13.6872,6.2074,-238.89880000000002,175,75
2026-05-09 17:14:26.926,5,-0.01,-0.07,0.94,10.5572,-35.6026,-200.96880000000002,175,75
2026-05-09 17:14:26.940,5,0.55,0.1,0.94,1.2972,-113.7426,-98.66879999999999,175,75
2026-05-09 17:14:26.951,5,0.85,0.06,0.9,-5.8528,-123.3626,-28.758799999999997,175,75
2026-05-09 17:14:26.974,5,0.98,-0.25,0.67,-0.3428,-81.5826,105.77120000000001,175,75
2026-05-09 17:14:26.995,5,0.89,-0.32,0.68,10.6272,-53.092600000000004,156.3012,175,75
2026-05-09 17:14:27.004,5,0.51,-0.31,0.94,10.3072,-14.3826,191.22119999999998,175,75
2026-05-09 17:14:27.020,5,0.27,-0.34,1.04,2.0172,-8.0726,165.6412,175,75
2026-05-09 17:14:27.032,5,0.09,-0.41,1.1,-5.8428,-4.0426,115.1312,175,75
2026-05-09 17:14:27.042,5,-0.01,-0.46,1.12,-11.4728,4.8574,50.5512,175,75
2026-05-09 17:14:27.042,5,-0.06,-0.46,1.08,-13.492799999999999,13.8874,-8.3288,175,75
2026-05-09 17:14:27.066,5,0.2,-0.38,1.01,-14.242799999999999,16.427400000000002,-92.0088,175,75
2026-05-09 17:14:27.079,5,0.36,-0.35,0.96,-11.7328,12.1074,-101.5088,175,75
2026-05-09 17:14:27.100,5,0.61,-0.33,0.87,-2.8728000000000002,3.9374000000000002,-53.6088,175,75
2026-05-09 17:14:27.100,5,0.65,-0.32,0.85,3.7672,1.8674,-4.7588,175,75
2026-05-09 17:14:27.159,5,0.22,-0.38,0.96,0.6872,-26.0626,89.3412,175,75
2026-05-09 17:14:27.162,5,0.19,-0.36,0.99,-7.8528,-22.932599999999997,58.7712,175,75
2026-05-09 17:14:27.170,5,0.23,-0.42,0.97,-14.1128,-14.8826,27.5412,175,75
2026-05-09 17:14:27.190,5,0.32,-0.45,0.96,-11.3428,-0.36260000000000003,-2.8888000000000003,175,75
2026-05-09 17:14:27.206,5,0.39,-0.41,0.99,-9.3728,19.3074,-30.6088,175,75
2026-05-09 17:14:27.227,5,0.4,-0.36,1.09,-7.2728,62.9674,-80.4588,175,75
2026-05-09 17:14:27.238,5,0.36,-0.35,1.13,-4.3628,75.8974,-97.2388,175,75
2026-05-09 17:14:27.272,5,0.27,-0.27,1.25,0.9471999999999999,79.3074,-116.8188,175,75
2026-05-09 17:14:27.272,5,0.25,-0.21,1.29,2.6372,64.7574,-114.0988,175,75
2026-05-09 17:14:27.272,5,0.25,-0.11,1.32,4.2272,44.3774,-99.5188,175,75
2026-05-09 17:14:27.291,5,0.23,-0.02,1.32,1.9472,25.727400000000003,-78.1488,175,75
2026-05-09 17:14:27.304,5,0.21,0.02,1.29,-2.0928,9.3674,-53.5888,175,75
2026-05-09 17:14:27.304,5,0.23,0.03,1.25,-5.5328,-5.6926000000000005,-28.3888,175,75
2026-05-09 17:14:27.313,5,0.3,0.02,1.21,-10.2728,-17.7126,-3.9288,175,75
2026-05-09 17:14:27.339,5,0.39,-0.13,1.08,-13.2728,-24.502599999999997,31.4312,175,75
2026-05-09 17:14:27.352,5,0.4,-0.22,1.03,-10.0628,-19.2826,41.1112,175,75
2026-05-09 17:14:27.352,5,0.34,-0.27,1.01,-5.162800000000001,-11.342600000000001,42.9812,175,75
2026-05-09 17:14:27.377,5,0.28,-0.3,1.01,0.32719999999999994,-4.1126,34.9212,175,75
2026-05-09 17:14:27.377,5,0.21,-0.32,1.03,4.2372,0.6873999999999999,19.5912,175,75
2026-05-09 17:14:27.392,5,0.17,-0.31,1.04,6.527200000000001,3.2374,-1.7888,175,75
2026-05-09 17:14:27.406,5,0.15,-0.28,1.04,6.6372,6.2074,-25.9988,175,75
2026-05-09 17:14:27.406,5,0.16,-0.24,1.03,6.0472,9.2974,-45.6088,175,75
2026-05-09 17:14:27.416,5,0.19,-0.2,1.02,4.917199999999999,10.7874,-56.6888,175,75
2026-05-09 17:14:27.427,5,0.22,-0.14,1.04,2.9472,9.7774,-59.6988,175,75
2026-05-09 17:14:27.438,5,0.25,-0.09,1.06,0.9571999999999999,6.3374,-54.9388,175,75
2026-05-09 17:14:27.438,5,0.29,-0.05,1.09,-2.1428,1.1574,-44.2588,175,75
2026-05-09 17:14:27.447,5,0.32,-0.05,1.09,-5.6728000000000005,-3.3226,-30.8388,175,75
2026-05-09 17:14:27.459,5,0.34,-0.06,1.08,-8.1128,-6.3426,-15.998800000000001,175,75
2026-05-09 17:14:27.469,5,0.34,-0.07,1.05,-9.4828,-7.1326,-4.478800000000001,175,75
2026-05-09 17:14:27.480,5,0.33,-0.13,1.03,-8.242799999999999,-5.0826,2.7611999999999997,175,75
2026-05-09 17:14:27.523,5,0.34,-0.14,1.06,-0.40280000000000005,-1.3726,-6.1288,175,75
2026-05-09 17:14:27.523,5,0.33,-0.12,1.06,2.2672,-1.4026,-6.5088,175,75
2026-05-09 17:14:27.538,5,0.32,-0.1,1.09,3.8872,-2.0326,-4.8688,175,75
2026-05-09 17:14:27.551,5,0.34,-0.09,1.11,5.2172,-4.0826,0.6612,175,75
2026-05-09 17:14:27.583,5,0.34,-0.07,1.12,13.5572,-16.3126,25.511200000000002,175,75
2026-05-09 17:14:27.583,5,0.35,-0.07,1.09,17.5272,-20.952599999999997,33.0012,175,75
2026-05-09 17:14:27.629,5,0.42,-0.07,1.03,29.0472,-23.9626,59.121199999999995,175,75
2026-05-09 17:14:27.629,5,0.43,-0.08,1.01,30.967200000000002,-21.1226,69.66120000000001,175,75
2026-05-09 17:14:27.645,5,0.4,-0.11,1.0,32.4572,-17.8126,80.8112,175,75
2026-05-09 17:14:27.659,5,0.35,-0.18,1.03,33.7472,-14.172600000000001,100.4612,175,75
2026-05-09 17:14:27.679,5,0.33,-0.22,1.04,35.1072,-13.5826,108.0612,175,75
2026-05-09 17:14:27.692,5,0.28,-0.28,1.03,37.267199999999995,-14.7826,116.11120000000001,175,75
2026-05-09 17:14:27.715,5,0.26,-0.33,1.01,37.5372,-14.672600000000001,116.47120000000001,175,75
2026-05-09 17:14:27.731,5,0.24,-0.35,0.98,35.1072,-11.2726,112.7112,175,75
2026-05-09 17:14:27.742,5,0.24,-0.36,0.97,33.3272,-7.9126,107.9912,175,75
2026-05-09 17:14:27.753,5,0.26,-0.36,0.99,30.627200000000002,-3.2926,102.22120000000001,175,75
2026-05-09 17:14:27.766,5,0.3,-0.4,0.99,23.9172,9.8374,92.4512,175,75
2026-05-09 17:14:27.788,5,0.29,-0.43,0.98,15.4472,25.3774,87.30120000000001,175,75
2026-05-09 17:14:27.788,5,0.28,-0.45,0.98,11.3572,34.0074,84.39120000000001,175,75
2026-05-09 17:14:27.821,5,0.23,-0.5,1.03,2.3571999999999997,51.407399999999996,75.91120000000001,175,75
2026-05-09 17:14:27.834,5,0.18,-0.53,1.07,-3.1828,58.8874,68.8412,175,75
2026-05-09 17:14:27.836,5,0.12,-0.54,1.12,-8.8828,65.9474,59.371199999999995,175,75
2026-05-09 17:14:27.847,5,0.06,-0.54,1.17,-16.6328,74.3374,46.7812,175,75
2026-05-09 17:14:27.857,5,-0.01,-0.53,1.22,-25.6428,82.51740000000001,30.0412,175,75
2026-05-09 17:14:27.871,5,-0.05,-0.57,1.27,-32.7428,92.2574,11.9012,175,75
2026-05-09 17:14:27.871,5,-0.07,-0.6,1.32,-37.9528,101.34740000000001,-3.3888000000000003,175,75
2026-05-09 17:14:27.882,5,-0.12,-0.62,1.37,-41.5628,106.9574,-16.438799999999997,175,75
2026-05-09 17:14:27.896,5,-0.21,-0.61,1.4,-44.0328,107.15740000000001,-28.0688,175,75
2026-05-09 17:14:27.917,5,-0.27,-0.61,1.41,-43.5728,103.2274,-38.1388,175,75
2026-05-09 17:14:27.917,5,-0.27,-0.62,1.43,-41.912800000000004,99.18740000000001,-40.8188,175,75
2026-05-09 17:14:27.928,5,-0.36,-0.57,1.43,-38.772800000000004,90.4174,-39.238800000000005,175,75
2026-05-09 17:14:27.951,5,-0.55,-0.5,1.41,-26.032799999999998,45.907399999999996,-45.3288,175,75
2026-05-09 17:14:27.951,5,-0.53,-0.4,1.39,-20.0528,11.6874,-50.488800000000005,175,75
2026-05-09 17:14:27.971,5,-0.26,-0.2,1.27,-19.1528,-54.342600000000004,-54.3188,175,75
2026-05-09 17:14:27.982,5,-0.07,-0.09,1.14,-25.6428,-82.9426,-45.1988,175,75
2026-05-09 17:14:28.013,5,0.28,-0.09,0.79,-38.2428,-110.2126,-5.6788,175,75
2026-05-09 17:14:28.013,5,0.41,-0.07,0.64,-38.9228,-108.01259999999999,19.941200000000002,175,75
2026-05-09 17:14:28.030,5,0.48,-0.09,0.5,-36.6328,-97.2426,42.3512,175,75
2026-05-09 17:14:28.115,5,0.32,-0.24,0.81,2.3072,5.1174,-3.9888000000000003,175,75
2026-05-09 17:14:28.125,5,0.31,-0.22,0.87,3.7972,5.0774,-36.3188,175,75
2026-05-09 17:14:28.156,5,0.39,-0.11,0.98,7.8072,3.0473999999999997,-87.9688,175,75
2026-05-09 17:14:28.156,5,0.46,-0.02,1.03,9.5672,3.7874,-103.8488,175,75
2026-05-09 17:14:28.172,5,0.51,0.02,1.06,10.5972,5.2774,-107.80879999999999,175,75
2026-05-09 17:14:28.172,5,0.56,0.07,1.06,12.927200000000001,4.1774,-96.5688,175,75
2026-05-09 17:14:28.185,5,0.57,0.13,1.05,17.0172,0.3274,-70.9388,175,75
2026-05-09 17:14:28.195,5,0.53,0.16,1.04,20.4272,-2.9826,-39.808800000000005,175,75
2026-05-09 17:14:28.221,5,0.43,0.19,1.05,21.4772,-4.1826,15.4112,175,75
2026-05-09 17:14:28.248,5,0.34,0.11,1.14,8.8772,-18.182599999999997,68.0612,175,75
2026-05-09 17:14:28.274,5,0.37,0.04,1.14,4.2372,-25.7626,76.30120000000001,175,75
2026-05-09 17:14:28.283,5,0.41,-0.12,1.09,2.6572,-34.8526,86.97120000000001,175,75
2026-05-09 17:14:28.304,5,0.39,-0.22,1.02,9.167200000000001,-35.3626,70.2812,175,75
2026-05-09 17:14:28.344,5,0.54,-0.13,0.93,12.337200000000001,-4.1326,-8.4388,175,75
2026-05-09 17:14:28.359,5,0.58,-0.08,0.95,11.3872,11.5274,-22.938799999999997,175,75
2026-05-09 17:14:28.391,5,0.47,-0.05,1.02,11.507200000000001,29.907400000000003,-38.4788,175,75
2026-05-09 17:14:28.432,5,0.43,0.03,1.11,12.2272,24.357400000000002,-38.4788,175,75
2026-05-09 17:14:28.443,5,0.47,0.11,1.12,7.0372,21.177400000000002,-26.0388,175,75
2026-05-09 17:14:28.443,5,0.32,-0.01,1.11,1.9372,9.1774,5.5012,175,75
2026-05-09 17:14:28.480,5,0.4,-0.05,1.13,-5.2128,-3.1426000000000003,30.8712,175,75
2026-05-09 17:14:28.490,5,0.4,-0.08,1.1,-2.4528,-6.9226,41.971199999999996,175,75
2026-05-09 17:14:28.502,5,0.41,-0.07,1.06,-7.152799999999999,-6.6026,46.8912,175,75
2026-05-09 17:14:28.502,5,0.4,-0.17,0.99,-6.2628,-4.0826,50.7412,175,75
2026-05-09 17:14:28.512,5,0.37,-0.21,0.99,-1.5128,-1.1926,50.5612,175,75
2026-05-09 17:14:28.520,5,0.34,-0.2,1.06,1.8572,1.0274,42.3812,175,75
2026-05-09 17:14:28.542,5,0.34,-0.15,1.18,0.7971999999999999,2.5274,11.3112,175,75
2026-05-09 17:14:28.555,5,0.39,-0.09,1.16,0.5271999999999999,-4.0325999999999995,2.1311999999999998,175,75
2026-05-09 17:14:28.559,5,0.42,-0.08,1.13,1.8072,-8.2326,11.6112,175,75
2026-05-09 17:14:28.570,5,0.41,-0.11,1.08,3.3472,-9.922600000000001,24.991200000000003,175,75
2026-05-09 17:14:28.574,5,0.39,-0.16,1.06,4.1772,-10.3826,35.6112,175,75
2026-05-09 17:14:28.586,5,0.37,-0.21,1.05,6.9072,-9.922600000000001,40.9612,175,75
2026-05-09 17:14:28.596,5,0.36,-0.24,1.07,9.757200000000001,-8.8926,39.581199999999995,175,75
2026-05-09 17:14:28.611,5,0.31,-0.2,1.12,13.6272,-2.3226,18.331200000000003,175,75
2026-05-09 17:14:28.622,5,0.31,-0.18,1.15,13.3972,1.1774,5.8511999999999995,175,75
2026-05-09 17:14:28.622,5,0.33,-0.13,1.16,13.7372,1.7973999999999997,0.07119999999999999,175,75
2026-05-09 17:14:28.646,5,0.33,-0.09,1.15,11.6372,-1.6926,10.6512,175,75
2026-05-09 17:14:28.650,5,0.3,-0.1,1.13,11.1072,-4.3026,20.261200000000002,175,75
2026-05-09 17:14:28.669,5,0.27,-0.12,1.13,10.177200000000001,-7.4426000000000005,28.441200000000002,175,75
2026-05-09 17:14:28.677,5,0.28,-0.16,1.11,9.577200000000001,-11.0126,33.1812,175,75
2026-05-09 17:14:28.682,5,0.28,-0.19,1.11,9.9472,-13.3526,33.6812,175,75
2026-05-09 17:14:28.697,5,0.28,-0.21,1.1,10.177200000000001,-13.5226,31.0212,175,75
2026-05-09 17:14:28.709,5,0.29,-0.24,1.09,10.8172,-12.7626,28.1612,175,75
2026-05-09 17:14:28.709,5,0.3,-0.23,1.09,11.6572,-10.7426,25.781200000000002,175,75
2026-05-09 17:14:28.720,5,0.29,-0.25,1.09,13.1172,-9.2426,25.2112,175,75
2026-05-09 17:14:28.737,5,0.28,-0.24,1.1,14.677200000000001,-9.3326,25.691200000000002,175,75
2026-05-09 17:14:28.759,5,0.26,-0.22,1.12,19.0272,-15.1826,27.691200000000002,175,75
2026-05-09 17:14:28.771,5,0.24,-0.2,1.09,25.4372,-22.982599999999998,30.5912,175,75
2026-05-09 17:14:28.782,5,0.25,-0.19,1.05,29.4972,-26.862599999999997,33.1312,175,75
2026-05-09 17:14:28.808,5,0.25,-0.19,1.02,33.3572,-29.5326,36.5312,175,75
2026-05-09 17:14:28.824,5,0.24,-0.2,0.98,39.7572,-32.3226,45.291199999999996,175,75
2026-05-09 17:14:28.824,5,0.24,-0.2,1.0,41.4572,-33.8926,48.8412,175,75
2026-05-09 17:14:28.846,5,0.23,-0.2,1.01,42.0472,-35.9426,51.221199999999996,175,75
2026-05-09 17:14:28.859,5,0.22,-0.2,1.04,40.7472,-37.3126,53.331199999999995,175,75
2026-05-09 17:14:28.870,5,0.2,-0.24,1.04,36.5772,-40.1226,62.1312,175,75
2026-05-09 17:14:28.902,5,0.18,-0.23,1.06,34.597199999999994,-42.2926,68.9512,175,75
2026-05-09 17:14:28.911,5,0.17,-0.29,1.04,33.347199999999994,-44.7926,78.19120000000001,175,75
2026-05-09 17:14:28.911,5,0.15,-0.3,1.02,32.877199999999995,-46.9926,87.6712,175,75
2026-05-09 17:14:28.918,5,0.07,-0.34,0.98,36.7872,-46.982600000000005,102.1712,175,75
2026-05-09 17:14:28.931,5,0.07,-0.37,1.01,42.347199999999994,-46.3326,105.9912,175,75
2026-05-09 17:14:28.940,5,0.11,-0.4,1.07,48.1872,-43.1426,109.6012,175,75
2026-05-09 17:14:28.962,5,0.15,-0.43,1.19,55.2072,-35.9226,120.72120000000001,175,75
2026-05-09 17:14:28.974,5,0.13,-0.42,1.24,55.407199999999996,-31.8326,124.5312,175,75
2026-05-09 17:14:28.984,5,0.11,-0.42,1.26,53.02719999999999,-28.4026,124.16120000000001,175,75
2026-05-09 17:14:29.008,5,0.07,-0.36,1.22,38.727199999999996,-21.982599999999998,86.64120000000001,175,75
2026-05-09 17:14:29.023,5,0.1,-0.33,1.18,33.4572,-18.292599999999997,71.1012,175,75
2026-05-09 17:14:29.043,5,0.21,-0.22,1.15,23.9472,-27.4626,46.7412,175,75
2026-05-09 17:14:29.056,5,0.33,-0.17,1.17,19.2472,-44.6226,42.9612,175,75
2026-05-09 17:14:29.096,5,0.6,-0.07,1.05,15.757200000000001,-67.34259999999999,56.7312,175,75
2026-05-09 17:14:29.133,5,0.62,-0.03,0.92,15.9672,-63.882600000000004,67.0912,175,75
2026-05-09 17:14:29.133,5,0.62,-0.01,0.81,18.9472,-57.2826,74.4012,175,75
2026-05-09 17:14:29.153,5,0.63,0.02,0.75,22.877200000000002,-52.0326,78.9912,175,75
2026-05-09 17:14:29.167,5,0.76,0.11,0.85,26.3572,-35.4726,79.4012,175,75
2026-05-09 17:14:29.203,5,0.79,0.06,0.93,24.3272,-14.6326,83.1212,175,75
2026-05-09 17:14:29.203,5,0.69,-0.01,0.94,26.6372,7.4674,92.9012,175,75
2026-05-09 17:14:29.214,5,0.57,-0.05,0.99,32.5572,25.297400000000003,106.36120000000001,175,75
2026-05-09 17:14:29.229,5,0.48,-0.09,1.06,38.9272,35.867399999999996,125.2312,175,75
2026-05-09 17:14:29.229,5,0.4,-0.11,1.18,44.7472,38.3074,147.25119999999998,175,75
2026-05-09 17:14:29.240,5,0.3,-0.15,1.3,51.597199999999994,32.267399999999995,168.4312,175,75
2026-05-09 17:14:29.251,5,0.03,-0.25,1.44,71.2972,-8.4226,204.8912,175,75
2026-05-09 17:14:29.262,5,-0.09,-0.25,1.42,78.0972,-44.6226,213.7712,175,75
2026-05-09 17:14:29.262,5,-0.12,-0.28,1.34,81.2972,-84.0826,216.6512,175,75
2026-05-09 17:14:29.273,5,0.03,-0.34,1.27,84.9872,-114.0726,219.8312,175,75
2026-05-09 17:14:29.283,5,0.23,-0.36,1.2,89.3372,-132.9426,227.75119999999998,175,75
2026-05-09 17:14:29.283,5,0.4,-0.38,1.13,93.8472,-141.1226,236.10119999999998,175,75
2026-05-09 17:14:29.296,5,0.54,-0.4,1.06,99.2372,-139.7126,244.9312,175,75
2026-05-09 17:14:29.321,5,0.62,-0.4,1.01,104.1172,-130.6026,250.3412,175,75
2026-05-09 17:14:29.321,5,0.69,-0.41,0.96,109.3672,-114.42259999999999,250.3412,175,75
2026-05-09 17:14:29.333,5,0.71,-0.42,0.92,116.5572,-94.2126,250.3412,175,75
2026-05-09 17:14:29.333,5,0.7,-0.42,0.88,125.6272,-71.3026,247.5912,175,75
2026-05-09 17:14:29.345,5,0.64,-0.38,0.86,135.0872,-44.632600000000004,230.19119999999998,175,75
2026-05-09 17:14:29.345,5,0.57,-0.33,0.87,142.9472,-15.8626,203.2612,175,75
2026-05-09 17:14:29.356,5,0.5,-0.28,0.93,146.2972,15.347399999999999,173.56119999999999,175,75
2026-05-09 17:14:29.365,5,0.44,-0.26,0.97,147.9972,43.3974,146.6412,175,75
2026-05-09 17:14:29.380,5,0.37,-0.2,1.01,150.7972,61.1774,123.3812,175,75
2026-05-09 17:14:29.394,5,0.3,-0.14,1.03,151.2272,67.93740000000001,105.9812,175,75
2026-05-09 17:14:29.418,5,0.21,0.06,1.0,148.2172,49.477399999999996,96.05120000000001,175,75
2026-05-09 17:14:29.429,5,0.2,0.16,0.97,143.8372,30.887400000000003,109.25120000000001,175,75
2026-05-09 17:14:29.436,5,0.19,0.24,0.9,134.9572,9.4474,134.4612,175,75
2026-05-09 17:14:29.446,5,0.25,0.2,0.7,113.6472,-19.932599999999997,196.56119999999999,175,75
2026-05-09 17:14:29.467,5,0.32,0.13,0.58,106.2672,-22.162599999999998,234.53119999999998,175,75
2026-05-09 17:14:29.467,5,0.38,0.03,0.46,103.3672,-16.3126,250.3412,175,75
2026-05-09 17:14:29.483,5,0.4,-0.05,0.35,103.0472,-5.6226,250.3412,175,75
2026-05-09 17:14:29.494,5,0.37,-0.11,0.27,101.5272,3.7973999999999997,250.3412,175,75
2026-05-09 17:14:29.525,5,0.3,-0.1,0.26,103.1772,5.4074,250.3412,175,75
2026-05-09 17:14:29.525,5,0.17,-0.07,0.29,100.71719999999999,-0.5226,250.3412,175,75
2026-05-09 17:14:29.536,5,0.0,-0.05,0.37,91.8072,-11.6226,250.3412,175,75
2026-05-09 17:14:29.547,5,-0.13,-0.1,0.44,80.7972,-23.502599999999997,250.3412,175,75
2026-05-09 17:14:29.561,5,-0.22,-0.21,0.45,74.3972,-31.982599999999998,250.3412,175,75
2026-05-09 17:14:29.561,5,-0.23,-0.28,0.48,72.07719999999999,-39.2826,250.3412,175,75
2026-05-09 17:14:29.575,5,-0.15,-0.31,0.47,71.0172,-41.8126,205.44119999999998,175,75
2026-05-09 17:14:29.591,5,-0.01,-0.28,0.45,68.3772,-36.6926,136.6512,175,75
2026-05-09 17:14:29.600,5,0.15,-0.21,0.44,65.2872,-24.892599999999998,76.7912,175,75
2026-05-09 17:14:29.612,5,0.26,-0.13,0.47,61.0772,-11.3726,27.6812,175,75
2026-05-09 17:14:29.622,5,0.35,-0.06,0.53,55.407199999999996,-0.30260000000000004,-13.3388,175,75
2026-05-09 17:14:29.622,5,0.45,-0.01,0.64,49.8172,-1.5526,-44.918800000000005,175,75
2026-05-09 17:14:29.632,5,0.7,0.08,0.86,41.237199999999994,-18.5626,-54.6788,175,75
2026-05-09 17:14:29.654,5,1.07,0.21,1.12,28.5972,-40.3726,-34.628800000000005,175,75
2026-05-09 17:14:29.654,5,1.47,0.39,1.45,8.4372,-38.732600000000005,12.7012,175,75
2026-05-09 17:14:29.666,5,1.79,0.44,1.68,-23.0828,23.2774,68.2312,175,75
2026-05-09 17:14:29.666,5,1.79,0.32,1.7,-51.5728,149.6474,113.77120000000001,175,75
2026-05-09 17:14:29.677,5,1.32,-0.1,1.29,-46.47280000000001,249.4174,170.8412,175,75
2026-05-09 17:14:29.700,5,0.64,-0.45,0.96,-12.0628,249.4174,250.3412,175,75
2026-05-09 17:14:29.700,5,-0.18,-0.16,1.0,9.927200000000001,209.04739999999998,250.3412,175,75
2026-05-09 17:14:29.722,5,-0.82,-0.26,1.05,14.1272,125.4474,250.3412,175,75
2026-05-09 17:14:29.722,5,-1.21,-0.35,1.13,5.0672,30.477400000000003,250.3412,175,75
2026-05-09 17:14:29.746,5,-1.01,-0.65,1.29,2.6272,-71.5026,198.5112,175,75
2026-05-09 17:14:29.746,5,-0.67,-0.65,1.31,1.1672,-88.4426,114.3512,175,75
2026-05-09 17:14:29.755,5,-0.36,-0.56,1.31,-0.17280000000000006,-88.09259999999999,20.2512,175,75
2026-05-09 17:14:29.768,5,0.08,-0.39,1.34,-0.4328000000000001,-60.2126,-80.5088,175,75
2026-05-09 17:14:29.778,5,0.45,-0.18,1.34,-3.8828,0.3174,-171.7988,175,75
2026-05-09 17:14:29.796,5,0.74,0.01,1.33,-11.2628,69.18740000000001,-240.9088,175,75
2026-05-09 17:14:29.807,5,0.74,0.02,1.31,-16.8928,120.9474,-249.9288,175,75
2026-05-09 17:14:29.807,5,0.74,-0.01,1.3,-9.7628,135.2874,-246.9288,175,75
2026-05-09 17:14:29.818,5,0.6,0.07,1.35,11.9372,110.1474,-162.05880000000002,175,75
2026-05-09 17:14:29.827,5,0.22,0.24,1.49,26.1972,88.2774,-74.5188,175,75
2026-05-09 17:14:29.840,5,-0.25,0.32,1.56,22.8272,73.3974,-24.9488,175,75
2026-05-09 17:14:29.855,5,-0.54,0.5,1.66,6.847200000000001,51.1074,5.0912,175,75
2026-05-09 17:14:29.855,5,-0.56,0.38,1.61,-11.082799999999999,16.2374,44.6112,175,75
2026-05-09 17:14:29.865,5,-0.31,0.29,1.67,-21.6628,-11.8726,100.2812,175,75
2026-05-09 17:14:29.878,5,0.0,0.2,1.75,-24.5628,-13.0826,164.78119999999998,175,75
2026-05-09 17:14:29.887,5,0.18,0.14,1.84,-25.532799999999998,-1.8126000000000002,237.0512,175,75
2026-05-09 17:14:29.910,5,0.12,-0.05,1.89,-25.2028,0.03739999999999999,250.3412,175,75
2026-05-09 17:14:29.922,5,-0.15,0.44,2.0,-31.402800000000003,-17.7826,250.3412,175,75
2026-05-09 17:14:29.922,5,-0.33,-0.47,1.94,-28.6828,-38.662600000000005,250.3412,175,75
2026-05-09 17:14:29.933,5,-0.62,-0.76,1.9,-14.1128,-60.3626,250.3412,175,75
2026-05-09 17:14:29.938,5,-0.84,-0.89,1.88,5.6572,-80.5426,245.0812,175,75
2026-05-09 17:14:29.957,5,-1.06,-0.91,1.76,20.1072,-100.6626,161.5412,175,75
2026-05-09 17:14:29.969,5,-1.1,-0.85,1.59,28.7772,-119.12259999999999,62.041199999999996,175,75
2026-05-09 17:14:29.992,5,-0.89,-0.82,1.38,39.807199999999995,-132.23260000000002,-28.0188,175,75
2026-05-09 17:14:30.005,5,-0.58,-0.74,1.22,56.1872,-138.6226,-94.7388,175,75
2026-05-09 17:14:30.005,5,-0.31,-0.6,1.1,72.63719999999999,-139.5026,-141.2588,175,75
2026-05-09 17:14:30.011,5,-0.01,-0.42,0.99,87.1772,-135.48260000000002,-172.83880000000002,175,75
2026-05-09 17:14:30.012,5,0.22,-0.26,0.87,95.68719999999999,-122.67259999999999,-182.5788,175,75
2026-05-09 17:14:30.031,5,0.36,-0.13,0.74,99.71719999999999,-107.65259999999999,-178.2588,175,75
2026-05-09 17:14:30.043,5,0.38,-0.04,0.61,100.2072,-96.81259999999999,-161.3188,175,75
2026-05-09 17:14:30.043,5,0.36,0.04,0.49,96.9772,-89.7126,-138.9888,175,75
2026-05-09 17:14:30.059,5,0.28,0.11,0.37,90.88719999999999,-87.0526,-116.6488,175,75
2026-05-09 17:14:30.070,5,0.17,0.19,0.28,80.9772,-89.48259999999999,-101.2088,175,75
2026-05-09 17:14:30.083,5,-0.06,0.3,0.1,50.267199999999995,-108.2126,-95.2088,175,75
2026-05-09 17:14:30.083,5,-0.13,0.34,0.08,31.8072,-122.0526,-110.05879999999999,175,75
2026-05-09 17:14:30.093,5,0.01,0.41,0.03,13.827200000000001,-131.8026,-123.5188,175,75
2026-05-09 17:14:30.120,5,0.47,0.48,-0.07,6.097200000000001,-127.8626,-93.7188,175,75
2026-05-09 17:14:30.130,5,0.63,0.5,-0.04,2.8771999999999998,-107.37259999999999,-40.4688,175,75
2026-05-09 17:14:30.141,5,0.48,0.49,0.06,1.5972,-81.84259999999999,2.9012,175,75
2026-05-09 17:14:30.151,5,0.18,0.44,0.23,2.4972,-56.2426,23.5912,175,75
2026-05-09 17:14:30.151,5,0.02,0.36,0.34,6.5771999999999995,-29.482599999999998,34.371199999999995,175,75
2026-05-09 17:14:30.164,5,-0.03,0.31,0.39,12.4672,-3.0826000000000002,40.0612,175,75
2026-05-09 17:14:30.174,5,0.01,0.35,0.41,21.467200000000002,26.9174,56.041199999999996,175,75
2026-05-09 17:14:30.184,5,0.08,0.34,0.46,34.017199999999995,59.4974,85.11120000000001,175,75
2026-05-09 17:14:30.186,5,0.23,0.39,0.45,49.347199999999994,86.1474,129.9612,175,75
2026-05-09 17:14:30.197,5,0.46,0.48,0.53,65.4272,111.1074,197.00119999999998,175,75
2026-05-09 17:14:30.221,5,0.7,0.68,0.78,69.1472,126.1674,250.3412,175,75
2026-05-09 17:14:30.241,5,0.78,0.91,1.2,45.0372,125.4474,250.3412,175,75
2026-05-09 17:14:30.273,5,1.04,1.04,1.66,-3.6228000000000002,131.01739999999998,250.3412,175,75
2026-05-09 17:14:30.297,5,1.47,0.93,1.96,-58.7928,182.07739999999998,250.3412,175,75
2026-05-09 17:14:30.297,5,1.06,0.63,2.0,-103.5728,248.2474,250.3412,175,75
2026-05-09 17:14:30.308,5,-0.28,-0.06,2.0,-124.7228,233.5074,250.3412,175,75
2026-05-09 17:14:30.318,5,-1.35,-0.71,2.0,-114.9828,193.5274,250.3412,175,75
2026-05-09 17:14:30.330,5,-2.0,-0.59,1.44,-107.9128,134.6174,250.3412,175,75
2026-05-09 17:14:30.352,5,-2.0,-1.08,0.98,-76.7328,52.8174,171.2112,175,75
2026-05-09 17:14:30.352,5,-2.0,-1.25,0.73,-14.6428,-32.4726,86.9812,175,75
2026-05-09 17:14:30.365,5,-1.36,-1.15,0.84,115.6272,-137.6326,-2.1488,175,75
2026-05-09 17:14:30.365,5,-1.13,-0.71,1.21,112.1672,-157.42260000000002,-58.168800000000005,175,75
2026-05-09 17:14:30.365,5,-0.93,-0.25,1.55,42.8872,-198.42260000000002,-156.1288,175,75
2026-05-09 17:14:30.396,5,0.43,0.1,0.94,-70.6228,-204.2426,-249.9288,175,75
2026-05-09 17:14:30.406,5,0.76,0.5,0.46,-77.3828,-84.8926,-249.9288,175,75
2026-05-09 17:14:30.406,5,1.05,0.58,0.12,-69.4128,-72.6926,-249.9288,175,75
2026-05-09 17:14:30.422,5,2.0,0.79,-0.28,-27.4128,-72.92259999999999,-249.9288,175,75
2026-05-09 17:14:30.422,5,1.73,0.63,-0.13,-5.662800000000001,-34.2126,-104.8988,175,75
2026-05-09 17:14:30.440,5,0.71,0.45,-0.02,-4.662800000000001,-8.2826,-37.0488,175,75
2026-05-09 17:14:30.456,5,0.38,-0.08,-0.03,-3.7928,-5.0326,10.9412,175,75
2026-05-09 17:14:30.466,5,0.34,-0.38,0.0,15.1072,-16.9226,72.7112,175,75
2026-05-09 17:14:30.466,5,0.32,-0.73,0.16,25.4272,-38.7826,168.28119999999998,175,75
2026-05-09 17:14:30.477,5,0.93,-0.47,0.49,30.1772,-59.7226,250.3412,175,75
2026-05-09 17:14:30.489,5,1.2,-0.48,1.15,3.2072,-101.9626,250.3412,175,75
2026-05-09 17:14:30.489,5,1.37,-1.06,2.0,-23.8828,-120.3826,250.3412,175,75
2026-05-09 17:14:30.499,5,1.64,-1.31,2.0,-9.072799999999999,17.8774,228.75119999999998,175,75
2026-05-09 17:14:30.513,5,-0.6,-0.34,2.0,16.7672,249.4174,-166.64880000000002,175,75
2026-05-09 17:14:30.526,5,-1.18,-0.27,2.0,10.077200000000001,249.4174,-249.9288,175,75
2026-05-09 17:14:30.539,5,-1.48,-0.28,2.0,21.5572,249.4174,-249.9288,175,75
2026-05-09 17:14:30.539,5,-1.31,0.17,2.0,60.847199999999994,145.88739999999999,-249.9288,175,75
2026-05-09 17:14:30.551,5,-0.31,1.16,2.0,65.0472,-82.9626,-249.9288,175,75
2026-05-09 17:14:30.566,5,-0.47,1.29,2.0,15.9372,-164.32260000000002,-249.9288,175,75
2026-05-09 17:14:30.566,5,-0.45,1.18,2.0,-29.712799999999998,-179.4426,-218.43880000000001,175,75
2026-05-09 17:14:30.579,5,0.48,0.38,1.96,7.7172,-157.0226,146.2312,175,75
2026-05-09 17:14:30.595,5,0.64,0.43,1.81,28.1372,-137.1526,250.3412,175,75
2026-05-09 17:14:30.595,5,0.68,0.46,1.61,22.9772,-106.45259999999999,250.3412,175,75
2026-05-09 17:14:30.611,5,0.71,0.36,1.32,8.1872,-65.1426,250.3412,175,75
2026-05-09 17:14:30.611,5,0.38,0.26,1.33,-19.9528,-77.73259999999999,250.3412,175,75
2026-05-09 17:14:30.629,5,0.05,-0.05,1.16,-57.402800000000006,-167.2826,250.3412,175,75
2026-05-09 17:14:30.640,5,-0.09,-0.56,1.13,-99.4028,-250.8526,250.3412,175,75
2026-05-09 17:14:30.640,5,0.04,-1.17,0.74,-116.61280000000001,-250.8526,250.3412,175,75
2026-05-09 17:14:30.647,5,0.45,-1.85,0.1,-96.5528,-243.9326,250.3412,175,75
2026-05-09 17:14:30.658,5,-0.55,-1.83,-0.24,-34.5028,-110.78259999999999,220.72119999999998,175,75
2026-05-09 17:14:30.658,5,-1.32,-1.72,-0.51,48.1772,-37.2226,-24.968799999999998,175,75
2026-05-09 17:14:30.670,5,-1.19,-1.45,-0.69,122.7072,-24.5326,-202.6288,175,75
2026-05-09 17:14:30.670,5,-0.69,-1.02,-0.75,175.9172,-28.2426,-249.9288,175,75
2026-05-09 17:14:30.683,5,-0.14,-0.3,-0.73,177.78719999999998,-17.302599999999998,-249.9288,175,75
2026-05-09 17:14:30.690,5,0.1,0.25,-0.91,157.5572,11.0274,-249.9288,175,75
2026-05-09 17:14:30.696,5,0.05,0.32,-0.45,100.0572,28.297400000000003,-249.9288,175,75
2026-05-09 17:14:30.709,5,-0.18,0.46,-0.41,28.5772,15.3774,-249.9288,175,75
2026-05-09 17:14:30.720,5,-0.35,0.52,-0.35,-38.162800000000004,-26.272599999999997,-249.9288,175,75
2026-05-09 17:14:30.731,5,-0.31,0.57,-0.25,-100.6828,-79.12259999999999,-249.9288,175,75
2026-05-09 17:14:30.731,5,0.1,0.44,-0.13,-151.24280000000002,-105.9426,-249.9288,175,75
2026-05-09 17:14:30.744,5,0.47,0.29,-0.06,-178.7628,-91.0226,-249.9288,175,75
2026-05-09 17:14:30.755,5,0.69,0.12,-0.04,-186.7228,-42.732600000000005,-233.5088,175,75
2026-05-09 17:14:30.768,5,1.04,0.06,-0.1,-180.3828,31.2174,-185.4588,175,75
2026-05-09 17:14:30.781,5,1.46,0.2,-0.09,-168.3428,141.79739999999998,-144.2588,175,75
2026-05-09 17:14:30.803,5,2.0,0.67,0.11,-170.4428,249.4174,-111.7388,175,75
2026-05-09 17:14:30.803,5,2.0,1.87,0.97,-200.21280000000002,249.4174,-22.1288,175,75
2026-05-09 17:14:30.813,5,2.0,2.0,2.0,-239.74280000000002,193.2574,134.2412,175,75
2026-05-09 17:14:30.832,5,1.28,0.57,2.0,-249.2728,172.7474,65.4212,175,75
2026-05-09 17:14:30.869,5,1.74,-0.87,2.0,-190.7228,249.4174,188.8612,175,75
2026-05-09 17:14:30.879,5,0.13,-1.56,1.11,-112.4828,249.4174,250.3412,175,75
2026-05-09 17:14:30.879,5,-2.0,-1.36,1.78,-57.022800000000004,249.4174,250.3412,175,75
2026-05-09 17:14:30.900,5,-2.0,-1.35,2.0,-4.412800000000001,-17.6726,250.3412,175,75
2026-05-09 17:14:30.900,5,-2.0,-1.29,1.9,22.9072,-165.89260000000002,203.8312,175,75
2026-05-09 17:14:30.913,5,-2.0,-1.26,1.73,49.3672,-224.2726,-82.5688,175,75
2026-05-09 17:14:30.930,5,-1.77,-1.19,1.86,66.8372,-185.95260000000002,-249.9288,175,75
2026-05-09 17:14:30.943,5,-1.28,-0.9,1.78,61.767199999999995,-141.8526,-249.9288,175,75
2026-05-09 17:14:30.964,5,-0.95,-0.51,1.38,86.6772,-144.0826,-249.9288,175,75
2026-05-09 17:14:30.964,5,0.11,0.08,1.11,127.0472,-121.7226,-249.9288,175,75
2026-05-09 17:14:30.988,5,0.69,0.57,1.04,149.4972,-63.7226,-249.9288,175,75
2026-05-09 17:14:30.988,5,0.74,0.9,0.94,147.8872,-22.7626,-249.9288,175,75
2026-05-09 17:14:30.988,5,0.64,1.15,0.61,139.4472,-43.2126,-249.9288,175,75
2026-05-09 17:14:30.999,5,1.05,1.0,0.39,136.7772,-84.6626,-249.9288,175,75
2026-05-09 17:14:31.010,5,1.08,1.41,0.48,97.0672,-60.982600000000005,-249.9288,175,75
2026-05-09 17:14:31.010,5,0.68,1.14,0.31,45.6872,-34.3726,-188.18880000000001,175,75
2026-05-09 17:14:31.018,5,0.26,0.84,0.15,13.0472,-33.382600000000004,-77.6488,175,75
2026-05-09 17:14:31.035,5,0.08,0.79,-0.0,-8.8128,-57.2626,15.6012,175,75
2026-05-09 17:14:31.064,5,0.23,0.53,-0.05,-13.1128,-64.3626,85.9612,175,75
2026-05-09 17:14:31.079,5,0.66,0.31,-0.13,2.4672,-35.4226,161.10119999999998,175,75
2026-05-09 17:14:31.089,5,0.83,0.12,-0.08,30.9172,24.177400000000002,230.03119999999998,175,75
2026-05-09 17:14:31.105,5,0.72,0.15,0.12,54.337199999999996,90.0674,250.3412,175,75
2026-05-09 17:14:31.105,5,0.6,0.42,0.14,54.1472,157.1674,250.3412,175,75
2026-05-09 17:14:31.119,5,2.0,0.25,1.0,25.7272,249.4174,250.3412,175,75
2026-05-09 17:14:31.131,5,2.0,1.09,2.0,-83.61280000000001,172.6174,250.3412,175,75
2026-05-09 17:14:31.142,5,2.0,-0.71,2.0,-46.1128,148.8674,250.3412,175,75
2026-05-09 17:14:31.142,5,0.38,-0.73,2.0,59.5072,249.4174,250.3412,175,75
2026-05-09 17:14:31.155,5,-1.79,-0.22,1.99,102.4272,249.4174,250.3412,175,75
2026-05-09 17:14:31.167,5,-2.0,-0.15,1.8,70.07719999999999,249.4174,-36.208800000000004,175,75
2026-05-09 17:14:31.175,5,-2.0,-0.56,1.75,29.8272,232.1874,-249.9288,175,75
2026-05-09 17:14:31.196,5,-2.0,-0.64,1.52,22.0272,85.96740000000001,-249.9288,175,75
2026-05-09 17:14:31.196,5,-1.61,-0.58,1.64,61.0372,-75.0026,-249.9288,175,75
2026-05-09 17:14:31.201,5,-0.52,0.17,2.0,90.3072,-223.26260000000002,-221.77880000000002,175,75
2026-05-09 17:14:31.213,5,0.19,0.54,2.0,62.767199999999995,-250.8526,-88.1788,175,75
2026-05-09 17:14:31.221,5,0.79,0.3,1.56,27.8972,-250.8526,14.3612,175,75
2026-05-09 17:14:31.245,5,1.21,-0.28,0.71,3.6471999999999998,-244.6026,235.9912,175,75
2026-05-09 17:14:31.245,5,1.13,-0.54,0.26,19.6572,-183.1026,250.3412,175,75
2026-05-09 17:14:31.259,5,0.94,-0.5,0.14,44.597199999999994,-159.82260000000002,250.3412,175,75
2026-05-09 17:14:31.269,5,0.72,-0.44,0.1,53.667199999999994,-184.1826,250.3412,175,75
2026-05-09 17:14:31.269,5,1.18,-0.49,-0.06,40.8272,-177.9926,250.3412,175,75
2026-05-09 17:14:31.280,5,1.43,-0.92,-0.46,-0.3428,-69.6626,250.3412,175,75
2026-05-09 17:14:31.291,5,0.43,-0.91,-0.57,-14.922799999999999,37.3074,188.9612,175,75
2026-05-09 17:14:31.291,5,-0.41,-0.67,-0.55,-11.1328,80.4974,55.5512,175,75
2026-05-09 17:14:31.300,5,-0.98,-0.43,-0.58,-19.4728,59.907399999999996,-46.5788,175,75
2026-05-09 17:14:31.312,5,-1.01,-0.14,-0.77,-5.142799999999999,14.0974,-122.6788,175,75
2026-05-09 17:14:31.323,5,-0.63,-0.23,-0.44,-7.982799999999999,-28.5626,-172.1588,175,75
2026-05-09 17:14:31.335,5,-0.21,-0.11,-0.43,-20.0028,-47.272600000000004,-194.7588,175,75
2026-05-09 17:14:31.335,5,0.14,0.05,-0.36,-41.1428,-42.522600000000004,-195.89880000000002,175,75
2026-05-09 17:14:31.348,5,0.29,0.16,-0.31,-67.0128,-20.502599999999997,-193.2088,175,75
2026-05-09 17:14:31.363,5,0.33,0.25,-0.24,-91.86280000000001,8.8174,-196.02880000000002,175,75
2026-05-09 17:14:31.370,5,0.29,0.27,-0.21,-110.4428,37.5074,-208.7288,175,75
2026-05-09 17:14:31.387,5,0.27,0.21,-0.26,-113.53280000000001,64.87740000000001,-226.18880000000001,175,75
2026-05-09 17:14:31.387,5,0.45,0.13,-0.24,-102.3728,92.8074,-238.4288,175,75
2026-05-09 17:14:31.399,5,0.43,0.14,-0.22,-83.00280000000001,122.3074,-247.2688,175,75
2026-05-09 17:14:31.410,5,0.43,0.16,-0.18,-60.652800000000006,144.6674,-249.9288,175,75
2026-05-09 17:14:31.422,5,0.38,0.18,-0.16,-32.232800000000005,143.07739999999998,-249.9288,175,75
2026-05-09 17:14:31.422,5,1.05,0.44,-0.04,8.2572,47.3574,-176.5188,175,75
2026-05-09 17:14:31.433,5,1.36,0.83,0.8,28.1772,-117.53259999999999,-10.3588,175,75
2026-05-09 17:14:31.433,5,1.25,1.46,0.33,-11.2028,-195.1926,107.6812,175,75
2026-05-09 17:14:31.444,5,1.77,0.49,1.67,-61.732800000000005,-48.052600000000005,109.4512,175,75
2026-05-09 17:14:31.467,5,2.0,-0.19,1.82,-90.9328,213.6974,99.6812,175,75
2026-05-09 17:14:31.467,5,2.0,-0.78,1.51,-68.78280000000001,249.4174,146.7412,175,75
2026-05-09 17:14:31.479,5,1.86,-1.1,1.24,-17.1728,249.4174,250.3412,175,75
2026-05-09 17:14:31.480,5,-1.13,-0.4,2.0,-22.372799999999998,249.4174,250.3412,175,75
2026-05-09 17:14:31.502,5,-2.0,-1.03,2.0,-58.7028,249.4174,250.3412,175,75
2026-05-09 17:14:31.514,5,-2.0,-1.07,2.0,-38.332800000000006,113.23740000000001,118.9612,175,75
2026-05-09 17:14:31.514,5,-2.0,-1.33,1.93,-2.5328,-28.432599999999997,-127.2588,175,75
2026-05-09 17:14:31.527,5,-2.0,-1.3,1.79,58.197199999999995,-133.1826,-249.9288,175,75
2026-05-09 17:14:31.537,5,-2.0,-1.26,1.91,120.6672,-159.7726,-249.9288,175,75
2026-05-09 17:14:31.548,5,-2.0,-0.75,2.0,168.2372,-182.4726,-249.9288,175,75
2026-05-09 17:14:31.559,5,-1.25,-0.09,1.79,215.8972,-250.8526,-249.9288,175,75
2026-05-09 17:14:31.572,5,-0.22,0.37,1.6,237.1472,-250.8526,-249.9288,175,75
2026-05-09 17:14:31.585,5,0.36,0.76,1.52,222.50719999999998,-240.92260000000002,-249.9288,175,75
2026-05-09 17:14:31.601,5,0.53,0.8,1.39,176.53719999999998,-152.4026,-249.9288,175,75
2026-05-09 17:14:31.603,5,0.19,0.69,1.07,128.59720000000002,-96.1426,-249.9288,175,75
2026-05-09 17:14:31.620,5,-0.12,0.6,0.82,88.96719999999999,-81.01259999999999,-249.9288,175,75
2026-05-09 17:14:31.620,5,-0.27,0.59,0.62,55.9972,-93.6626,-249.9288,175,75
2026-05-09 17:14:31.631,5,-0.49,0.85,0.6,23.2772,-124.37259999999999,-249.5088,175,75
2026-05-09 17:14:31.642,5,0.03,1.15,0.53,-11.672799999999999,-161.3526,-232.9888,175,75
2026-05-09 17:14:31.657,5,2.0,1.86,0.43,-13.252799999999999,-205.5826,-51.9688,175,75
2026-05-09 17:14:31.668,5,2.0,2.0,0.98,-30.4428,-156.8726,236.00119999999998,175,75
2026-05-09 17:14:31.680,5,2.0,2.0,0.94,-83.2128,-45.232600000000005,250.3412,175,75
2026-05-09 17:14:31.692,5,1.85,0.83,0.71,-98.3228,74.1374,250.3412,175,75
2026-05-09 17:14:31.702,5,1.56,0.15,0.89,-105.2428,127.43740000000001,250.3412,175,75
2026-05-09 17:14:31.719,5,1.59,-0.3,0.98,-104.78280000000001,130.5274,250.3412,175,75
2026-05-09 17:14:31.731,5,0.78,-0.17,1.95,-107.9828,39.367399999999996,250.3412,175,75
2026-05-09 17:14:31.751,5,0.41,-1.19,2.0,-28.0828,-109.59259999999999,250.3412,175,75
2026-05-09 17:14:31.751,5,0.09,-0.82,1.82,13.497200000000001,25.0574,104.9212,175,75
2026-05-09 17:14:31.766,5,-0.48,-0.51,1.94,17.217200000000002,125.8174,-93.6788,175,75
2026-05-09 17:14:31.766,5,-0.63,-0.43,1.85,0.03720000000000001,123.1174,-249.9288,175,75
2026-05-09 17:14:31.777,5,-0.1,-0.43,1.66,8.4372,73.3374,-249.9288,175,75
2026-05-09 17:14:31.787,5,0.31,-0.3,1.54,32.5272,19.087400000000002,-249.9288,175,75
2026-05-09 17:14:31.808,5,0.86,0.41,1.56,48.8172,-60.3126,-139.4588,175,75
2026-05-09 17:14:31.818,5,0.62,0.32,1.39,19.627200000000002,-51.1226,-35.3188,175,75
2026-05-09 17:14:31.851,5,0.45,0.02,1.12,1.2671999999999999,-34.802600000000005,57.2712,175,75
2026-05-09 17:14:31.851,5,0.49,-0.16,0.84,-7.0527999999999995,-10.922600000000001,144.3712,175,75
2026-05-09 17:14:31.870,5,0.54,-0.49,0.41,16.8172,11.7274,250.3412,175,75
2026-05-09 17:14:31.881,5,0.33,-0.45,0.39,24.8072,-40.6926,250.3412,175,75
2026-05-09 17:14:31.881,5,0.11,-0.5,0.5,7.687200000000001,-135.5326,250.3412,175,75
2026-05-09 17:14:31.903,5,0.13,-0.8,0.43,-17.4028,-233.61260000000001,250.3412,175,75
2026-05-09 17:14:31.914,5,1.59,-1.54,-0.32,-20.0628,-191.2226,250.3412,175,75
2026-05-09 17:14:31.925,5,1.16,-1.46,-0.76,0.5571999999999999,-55.4926,185.3312,175,75
2026-05-09 17:14:31.935,5,0.2,-1.06,-0.93,31.5272,51.5574,34.8812,175,75
2026-05-09 17:14:31.949,5,-0.72,-0.55,-1.06,34.847199999999994,82.73740000000001,-88.1488,175,75
2026-05-09 17:14:31.949,5,-1.19,-0.27,-0.54,51.4672,54.2474,-214.4088,175,75
2026-05-09 17:14:31.960,5,-1.47,0.12,-0.57,29.9872,-8.8626,-249.9288,175,75
2026-05-09 17:14:31.977,5,-0.92,0.44,-0.43,-33.482800000000005,-146.3126,-249.9288,175,75
2026-05-09 17:14:31.997,5,-0.36,0.59,-0.29,-66.67280000000001,-182.07260000000002,-249.9288,175,75
2026-05-09 17:14:32.021,5,0.08,0.67,-0.11,-100.6628,-172.0826,-249.9288,175,75
2026-05-09 17:14:32.032,5,0.33,0.72,0.07,-134.96280000000002,-129.9726,-249.9288,175,75
2026-05-09 17:14:32.033,5,0.48,0.63,0.16,-157.8528,-70.37259999999999,-249.9288,175,75
2026-05-09 17:14:32.045,5,0.72,0.48,0.15,-168.6628,-3.6426000000000003,-249.9288,175,75
2026-05-09 17:14:32.057,5,0.68,0.45,0.09,-166.9528,67.8174,-249.9288,175,75
2026-05-09 17:14:32.057,5,0.25,0.4,0.06,-160.0628,117.9174,-186.4088,175,75
2026-05-09 17:14:32.068,5,-0.15,0.46,0.03,-147.9228,145.8074,-108.6488,175,75
2026-05-09 17:14:32.082,5,-0.01,0.48,-0.05,-116.4728,170.7474,2.3312,175,75
2026-05-09 17:14:32.104,5,0.61,0.36,-0.02,-71.1328,239.26739999999998,144.0512,175,75
2026-05-09 17:14:32.116,5,0.96,0.03,0.22,-32.7128,249.4174,250.3412,175,75
2026-05-09 17:14:32.116,5,1.6,0.48,0.52,-31.712799999999998,249.4174,250.3412,175,75
2026-05-09 17:14:32.139,5,1.27,1.15,2.0,-82.4328,134.3974,250.3412,175,75
2026-05-09 17:14:32.139,5,0.5,0.27,2.0,-121.3228,-250.8526,250.3412,175,75
2026-05-09 17:14:32.149,5,1.46,-1.15,2.0,-94.3028,-250.8526,250.3412,175,75
2026-05-09 17:14:32.164,5,2.0,-1.84,1.51,-30.3128,-66.0526,250.3412,175,75
2026-05-09 17:14:32.164,5,1.41,-0.82,1.42,28.8372,249.4174,135.2612,175,75
2026-05-09 17:14:32.213,5,-0.38,-1.72,1.24,-88.0928,249.4174,-155.5188,175,75
2026-05-09 17:14:32.213,5,-0.35,-2.0,0.81,-7.472799999999999,249.4174,-73.6588,175,75
2026-05-09 17:14:32.229,5,-1.4,-1.27,1.51,134.00719999999998,226.6474,-12.3488,175,75
2026-05-09 17:14:32.240,5,-1.74,-0.88,2.0,135.5572,191.4174,-139.93880000000001,175,75
2026-05-09 17:14:32.252,5,-1.69,-0.64,2.0,121.4872,191.3474,-249.9288,175,75
2026-05-09 17:14:32.262,5,-1.35,-0.51,2.0,107.7872,212.3674,-249.9288,175,75
2026-05-09 17:14:32.273,5,-1.26,-0.48,2.0,114.6572,184.5874,-249.9288,175,75
2026-05-09 17:14:32.274,5,-1.21,-0.32,2.0,157.50719999999998,64.6074,-249.9288,175,75
2026-05-09 17:14:32.290,5,-1.33,0.13,2.0,185.2172,-40.8526,-249.9288,175,75
2026-05-09 17:14:32.290,5,-1.39,0.38,2.0,173.1372,-93.34259999999999,-191.83880000000002,175,75
2026-05-09 17:14:32.302,5,-1.24,0.48,2.0,138.4572,-124.51259999999999,-110.3788,175,75
2026-05-09 17:14:32.349,5,-0.55,0.42,2.0,75.9772,-154.3726,73.4812,175,75
2026-05-09 17:14:32.349,5,-0.3,0.4,2.0,54.7472,-160.76260000000002,136.7112,175,75
2026-05-09 17:14:32.383,5,-0.11,0.31,2.0,28.3672,-168.0226,191.2912,175,75
2026-05-09 17:14:32.397,5,0.15,0.15,1.99,7.4572,-169.4126,224.5812,175,75
2026-05-09 17:14:32.408,5,0.3,-0.17,1.78,-5.6328,-170.9126,250.3412,175,75
2026-05-09 17:14:32.408,5,0.27,-0.46,1.55,-6.6128,-159.0526,250.3412,175,75
2026-05-09 17:14:32.408,5,0.15,-0.52,1.33,3.2972,-136.67260000000002,250.3412,175,75
2026-05-09 17:14:32.421,5,-0.1,-0.73,1.09,23.5872,-109.1626,250.3412,175,75
2026-05-09 17:14:32.442,5,-0.4,-0.7,0.98,46.6872,-76.6826,213.7612,175,75
2026-05-09 17:14:32.454,5,-0.72,-0.63,0.95,59.7472,-51.9026,134.25119999999998,175,75
2026-05-09 17:14:32.486,5,-0.9,-0.53,0.9,66.2972,-33.3726,28.8612,175,75
2026-05-09 17:14:32.500,5,-0.71,-0.37,0.73,77.0172,-18.292599999999997,-167.9288,175,75
2026-05-09 17:14:32.523,5,-0.48,-0.2,0.64,83.7672,-19.1226,-246.2588,175,75
2026-05-09 17:14:32.551,5,0.22,0.39,0.55,97.7672,-86.28259999999999,-249.9288,175,75
2026-05-09 17:14:32.561,5,0.62,0.56,0.57,86.99719999999999,-133.0526,-249.9288,175,75
2026-05-09 17:14:32.573,5,0.57,0.53,0.45,67.1672,-154.2126,-211.3888,175,75
2026-05-09 17:14:32.594,5,0.48,0.42,0.26,46.227199999999996,-151.4426,-155.0388,175,75
2026-05-09 17:14:32.594,5,0.58,0.28,-0.08,35.6172,-144.42260000000002,-78.7588,175,75
2026-05-09 17:14:32.605,5,0.35,0.19,-0.29,31.627200000000002,-157.2526,14.8412,175,75
2026-05-09 17:14:32.617,5,-0.01,-0.06,-0.08,50.2172,-227.1226,148.4512,175,75
2026-05-09 17:14:32.621,5,-0.02,0.1,-0.26,44.3972,-250.8526,189.69119999999998,175,75
2026-05-09 17:14:32.641,5,0.22,0.19,0.07,1.0872,-215.86260000000001,202.97119999999998,175,75
2026-05-09 17:14:32.652,5,0.06,0.15,0.14,-22.6028,-162.1526,178.85119999999998,175,75
2026-05-09 17:14:32.652,5,-0.11,0.09,0.08,-40.8228,-104.76259999999999,134.53119999999998,175,75
2026-05-09 17:14:32.676,5,-0.2,-0.1,-0.18,-25.2928,3.5573999999999995,-3.6388000000000003,175,75
2026-05-09 17:14:32.676,5,-0.01,-0.04,-0.22,-8.4728,27.837400000000002,-29.1288,175,75
2026-05-09 17:14:32.688,5,0.18,0.05,-0.22,5.9472000000000005,57.6874,-35.2188,175,75
2026-05-09 17:14:32.708,5,0.25,0.15,-0.18,14.8072,87.3074,-34.2488,175,75
2026-05-09 17:14:32.718,5,0.31,0.23,-0.1,19.1072,117.46740000000001,-30.5388,175,75
2026-05-09 17:14:32.731,5,0.41,0.3,-0.04,17.9472,157.29739999999998,-31.6788,175,75
2026-05-09 17:14:32.764,5,1.05,0.43,0.03,-4.9328,249.4174,-40.0888,175,75
2026-05-09 17:14:32.764,5,0.91,0.29,0.06,2.3872,249.4174,38.9912,175,75
2026-05-09 17:14:32.775,5,0.1,0.19,0.24,20.217200000000002,249.4174,60.0712,175,75
2026-05-09 17:14:32.787,5,0.25,0.05,0.72,26.7572,249.4174,91.2112,175,75
2026-05-09 17:14:32.799,5,0.98,0.71,1.69,-9.072799999999999,215.2174,250.3412,175,75
2026-05-09 17:14:32.810,5,1.33,0.24,2.0,-121.67280000000001,249.4174,250.3412,175,75
2026-05-09 17:14:32.823,5,0.29,0.29,2.0,-164.1328,249.4174,250.3412,175,75
2026-05-09 17:14:32.833,5,-2.0,-1.04,2.0,-189.6528,249.4174,139.6812,175,75
2026-05-09 17:14:32.854,5,-2.0,-1.56,1.69,-135.6428,197.9774,-22.528799999999997,175,75
2026-05-09 17:14:32.859,5,-2.0,-2.0,1.17,-24.122799999999998,-58.2126,-111.2588,175,75
2026-05-09 17:14:32.874,5,-2.0,-1.94,1.46,85.2972,-224.2726,-145.14880000000002,175,75
2026-05-09 17:14:32.874,5,-2.0,-1.35,2.0,141.5872,-250.8526,-187.83880000000002,175,75
2026-05-09 17:14:32.886,5,-1.67,-0.81,2.0,120.6272,-219.4726,-249.9288,175,75
2026-05-09 17:14:32.901,5,-0.58,0.14,1.87,153.1572,-250.8526,-249.9288,175,75
2026-05-09 17:14:32.915,5,-0.12,0.53,1.4,167.2272,-250.8526,-249.9288,175,75
2026-05-09 17:14:32.943,5,0.56,0.92,0.26,154.9672,-250.8526,-249.9288,175,75
2026-05-09 17:14:32.951,5,2.0,1.11,-0.67,144.7372,-250.8526,-129.2988,175,75
2026-05-09 17:14:32.960,5,2.0,1.3,-2.0,142.2672,-94.6326,233.19119999999998,175,75
2026-05-09 17:14:32.960,5,1.46,1.09,-1.32,112.7072,86.43740000000001,250.3412,175,75
2026-05-09 17:14:32.974,5,-0.37,0.51,-0.72,54.52719999999999,103.7574,211.4512,175,75
2026-05-09 17:14:32.989,5,-0.81,0.01,-0.43,24.2472,30.427400000000002,164.3612,175,75
2026-05-09 17:14:32.989,5,-0.82,-0.13,-0.15,14.427200000000001,-54.1926,141.6812,175,75
2026-05-09 17:14:32.995,5,-0.64,-0.03,0.17,8.9472,-109.8526,116.6812,175,75
2026-05-09 17:14:33.003,5,-0.29,0.01,0.54,-10.3828,-115.9426,69.2412,175,75
2026-05-09 17:14:33.023,5,0.2,0.42,0.82,-28.0228,-52.0826,10.5612,175,75
2026-05-09 17:14:33.034,5,1.11,0.37,1.36,-94.7228,93.59740000000001,-62.1788,175,75
2026-05-09 17:14:33.050,5,2.0,1.21,2.0,-182.5828,197.51739999999998,-12.8588,175,75
2026-05-09 17:14:33.050,5,2.0,-0.02,2.0,-153.4128,249.4174,25.6212,175,75
2026-05-09 17:14:33.061,5,0.18,-0.66,1.56,-79.7928,249.4174,26.8612,175,75
2026-05-09 17:14:33.088,5,-2.0,0.01,1.42,-19.3128,200.26739999999998,102.16120000000001,175,75
2026-05-09 17:14:33.107,5,-2.0,0.04,1.6,-46.9528,-53.7226,127.7912,175,75
2026-05-09 17:14:33.119,5,-0.92,-0.42,1.77,-101.4428,-250.8526,185.7612,175,75
2026-05-09 17:14:33.119,5,-0.4,-0.49,1.69,-98.7228,-250.8526,242.3412,175,75
2026-05-09 17:14:33.137,5,0.41,-0.73,1.37,-89.75280000000001,-250.8526,250.3412,175,75
2026-05-09 17:14:33.147,5,0.61,-0.81,0.98,-78.9828,-250.8526,250.3412,175,75
2026-05-09 17:14:33.147,5,1.08,-0.92,0.52,-54.9228,-250.8526,250.3412,175,75
2026-05-09 17:14:33.159,5,1.33,-0.91,0.21,-20.0728,-250.8526,250.3412,175,75
2026-05-09 17:14:33.173,5,0.98,-0.98,-0.61,47.807199999999995,-38.5326,53.7512,175,75
2026-05-09 17:14:33.193,5,0.3,-0.39,-0.81,88.2672,79.0374,-54.3988,175,75
2026-05-09 17:14:33.205,5,0.17,0.05,-0.87,103.10719999999999,98.9774,-79.80879999999999,175,75
2026-05-09 17:14:33.205,5,0.05,0.08,-0.57,70.1472,108.26740000000001,-102.1788,175,75
2026-05-09 17:14:33.217,5,-0.1,0.14,-0.52,27.5972,98.6074,-127.30879999999999,175,75
2026-05-09 17:14:33.225,5,-0.25,0.05,-0.56,-6.252800000000001,63.0774,-139.6088,175,75
2026-05-09 17:14:33.230,5,-0.24,-0.04,-0.56,-24.3028,12.7574,-137.1788,175,75
2026-05-09 17:14:33.238,5,-0.02,-0.06,-0.46,-34.902800000000006,-23.4026,-123.5388,175,75
2026-05-09 17:14:33.269,5,0.03,-0.04,-0.2,-50.872800000000005,-30.682599999999997,-117.0188,175,75
2026-05-09 17:14:33.283,5,0.02,-0.01,-0.09,-58.8528,-19.0826,-135.2588,175,75
2026-05-09 17:14:33.297,5,0.04,0.07,0.04,-69.5528,3.6574,-165.49880000000002,175,75
2026-05-09 17:14:33.297,5,0.1,0.07,0.09,-79.78280000000001,28.817400000000003,-195.6388,175,75
2026-05-09 17:14:33.310,5,0.19,0.06,0.13,-81.8428,54.5774,-215.89880000000002,175,75
2026-05-09 17:14:33.321,5,0.2,0.13,0.18,-80.9628,79.5874,-231.99880000000002,175,75
2026-05-09 17:14:33.321,5,0.17,0.24,0.29,-82.0828,99.68740000000001,-249.9288,175,75
2026-05-09 17:14:33.334,5,0.26,0.37,0.41,-83.8428,105.4574,-249.9288,175,75
2026-05-09 17:14:33.346,5,1.61,0.95,0.91,-84.92280000000001,-10.4626,-212.7088,175,75
2026-05-09 17:14:33.358,5,2.0,1.75,2.0,-113.8428,-139.3126,30.6212,175,75
2026-05-09 17:14:33.369,5,2.0,1.27,2.0,-192.6628,69.4174,9.0712,175,75
2026-05-09 17:14:33.379,5,2.0,0.37,2.0,-245.0928,249.4174,-4.3788,175,75
2026-05-09 17:14:33.379,5,2.0,-0.59,2.0,-239.7628,249.4174,131.5212,175,75
2026-05-09 17:14:33.392,5,0.95,-0.14,1.03,-162.4828,249.4174,250.3412,175,75
2026-05-09 17:14:33.392,5,-1.71,-0.64,1.71,-69.50280000000001,249.4174,250.3412,175,75
2026-05-09 17:14:33.402,5,-2.0,-0.48,2.0,-47.522800000000004,152.9674,250.3412,175,75
2026-05-09 17:14:33.429,5,-2.0,-1.32,2.0,-21.7328,-137.5626,230.3212,175,75
2026-05-09 17:14:33.433,5,-2.0,-1.47,2.0,-4.152799999999999,-206.1626,151.4912,175,75
2026-05-09 17:14:33.453,5,-1.7,-1.35,1.91,-7.402799999999999,-250.8526,67.22120000000001,175,75
2026-05-09 17:14:33.464,5,-1.2,-1.22,1.45,14.4872,-250.8526,-37.3188,175,75
2026-05-09 17:14:33.486,5,0.38,-0.71,0.8,104.0972,-244.0526,-192.8788,175,75
2026-05-09 17:14:33.486,5,0.73,-0.3,0.57,139.03719999999998,-166.9326,-243.80880000000002,175,75
2026-05-09 17:14:33.511,5,0.83,0.33,0.17,146.9472,-44.0026,-249.9288,175,75
2026-05-09 17:14:33.524,5,1.89,0.64,-0.43,136.4972,27.947400000000002,-249.9288,175,75
2026-05-09 17:14:33.524,5,2.0,0.99,-0.77,123.3972,100.7074,-207.05880000000002,175,75
2026-05-09 17:14:33.534,5,0.79,1.11,-0.58,128.2072,122.37740000000001,-101.08879999999999,175,75
2026-05-09 17:14:33.543,5,-0.13,0.67,-0.12,98.8072,109.5674,-96.7988,175,75
2026-05-09 17:14:33.566,5,-0.34,0.28,-0.02,71.6472,71.3674,-107.6788,175,75
2026-05-09 17:14:33.595,5,-0.24,-0.08,0.01,60.5672,25.2374,-84.02879999999999,175,75
2026-05-09 17:14:33.595,5,-0.01,-0.19,0.17,62.6172,-12.9026,-26.7088,175,75
2026-05-09 17:14:33.595,5,0.48,-0.51,0.37,67.99719999999999,-23.182599999999997,63.721199999999996,175,75
2026-05-09 17:14:33.608,5,1.05,-0.67,0.68,77.3372,2.2874,181.2612,175,75
2026-05-09 17:14:33.619,5,1.84,-0.27,0.93,66.7772,94.07740000000001,250.3412,175,75
2026-05-09 17:14:33.630,5,2.0,-0.16,1.78,62.477199999999996,249.4174,250.3412,175,75
2026-05-09 17:14:33.630,5,1.86,0.23,2.0,10.1872,249.4174,250.3412,175,75
2026-05-09 17:14:33.641,5,-0.06,-0.46,2.0,21.9972,239.51739999999998,250.3412,175,75
2026-05-09 17:14:33.641,5,-1.05,0.13,2.0,-3.9827999999999997,249.4174,-34.848800000000004,175,75
2026-05-09 17:14:33.664,5,-1.95,-0.41,2.0,-40.1028,249.4174,-249.9288,175,75
2026-05-09 17:14:33.675,5,-2.0,-0.24,2.0,-44.552800000000005,249.4174,-249.9288,175,75
2026-05-09 17:14:33.687,5,-2.0,-0.67,1.87,-4.502800000000001,173.4174,-249.9288,175,75
2026-05-09 17:14:33.698,5,-1.97,-0.06,2.0,44.3272,-70.7126,-249.9288,175,75
2026-05-09 17:14:33.710,5,-1.38,0.4,2.0,31.8372,-196.7526,-177.0488,175,75
2026-05-09 17:14:33.721,5,-0.83,0.5,2.0,13.417200000000001,-243.3426,-98.47879999999999,175,75
2026-05-09 17:14:33.721,5,-0.43,0.24,2.0,23.3272,-250.8526,-2.1288,175,75
2026-05-09 17:14:33.721,5,-0.16,0.21,1.77,24.0772,-250.8526,98.8712,175,75
2026-05-09 17:14:33.739,5,0.12,0.23,1.52,5.4472000000000005,-250.8526,168.7712,175,75
2026-05-09 17:14:33.757,5,0.43,0.13,1.2,-21.3328,-250.8526,209.7112,175,75
2026-05-09 17:14:33.769,5,0.35,-0.03,0.59,-56.342800000000004,-222.4726,250.3412,175,75
2026-05-09 17:14:33.772,5,0.26,-0.19,0.21,-62.402800000000006,-246.2126,250.3412,175,75
2026-05-09 17:14:33.788,5,0.44,-0.36,-0.11,-53.9228,-250.8526,250.3412,175,75
2026-05-09 17:14:33.799,5,1.76,-0.59,-0.79,-35.162800000000004,-236.4626,250.3412,175,75
2026-05-09 17:14:33.809,5,1.98,-0.8,-1.42,-8.3528,-76.09259999999999,191.1212,175,75
2026-05-09 17:14:33.828,5,0.21,-0.52,-0.89,45.767199999999995,79.1074,97.4912,175,75
2026-05-09 17:14:33.850,5,-0.5,-0.23,-0.73,45.8172,59.1274,42.2712,175,75
2026-05-09 17:14:33.866,5,-0.94,-0.17,-0.59,36.267199999999995,13.2874,-30.1288,175,75
2026-05-09 17:14:33.885,5,-1.12,-0.1,-0.48,20.8172,-48.0026,-114.77879999999999,175,75
2026-05-09 17:14:33.885,5,-0.96,-0.05,-0.42,2.6572,-103.9926,-186.8888,175,75
2026-05-09 17:14:33.895,5,-0.39,0.04,-0.26,-20.9028,-125.8526,-227.24880000000002,175,75
2026-05-09 17:14:33.901,5,0.14,0.11,-0.09,-46.9228,-97.3826,-241.4488,175,75
2026-05-09 17:14:33.921,5,0.35,0.14,-0.02,-69.0228,-41.8526,-243.99880000000002,175,75
2026-05-09 17:14:33.932,5,0.37,0.15,-0.02,-81.1328,15.387400000000001,-241.93880000000001,175,75
2026-05-09 17:14:33.932,5,0.3,0.13,-0.11,-78.9028,59.5774,-238.4188,175,75
2026-05-09 17:14:33.944,5,0.23,0.08,-0.15,-66.4028,90.0274,-231.0988,175,75
2026-05-09 17:14:33.954,5,0.21,0.1,-0.19,-49.1728,111.37740000000001,-221.0988,175,75
2026-05-09 17:14:33.955,5,0.24,0.13,-0.19,-28.6828,127.7274,-205.7088,175,75
2026-05-09 17:14:33.967,5,0.17,0.15,-0.08,-10.7728,138.4374,-191.4488,175,75
2026-05-09 17:14:33.977,5,0.26,0.27,0.05,-3.4027999999999996,148.0074,-180.1088,175,75
2026-05-09 17:14:33.988,5,0.74,0.36,0.23,-7.2128,159.5974,-144.2688,175,75
2026-05-09 17:14:33.999,5,2.0,1.0,0.85,-23.6028,39.5574,154.7412,175,75
2026-05-09 17:14:34.010,5,0.93,1.0,1.2,-37.692800000000005,-105.98259999999999,250.3412,175,75
2026-05-09 17:14:34.017,5,1.02,0.73,1.51,-73.89280000000001,-172.14260000000002,250.3412,175,75
2026-05-09 17:14:34.030,5,2.0,0.26,1.96,-87.92280000000001,-76.65259999999999,250.3412,175,75
2026-05-09 17:14:34.030,5,2.0,-0.24,2.0,-89.7428,197.85739999999998,250.3412,175,75
2026-05-09 17:14:34.065,5,0.11,-0.63,2.0,-78.3228,249.4174,212.78119999999998,175,75
2026-05-09 17:14:34.065,5,-1.3,-0.93,1.7,-61.1328,249.4174,110.8712,175,75
2026-05-09 17:14:34.100,5,-2.0,-0.58,1.3,-40.8128,249.4174,19.081200000000003,175,75
2026-05-09 17:14:34.121,5,-2.0,-1.0,1.25,-8.1928,189.70739999999998,-50.0488,175,75
2026-05-09 17:14:34.121,5,-2.0,-1.08,1.28,37.1172,109.9274,-92.47879999999999,175,75
2026-05-09 17:14:34.133,5,-1.92,-1.01,1.56,81.13719999999999,61.4874,-120.19879999999999,175,75
2026-05-09 17:14:34.144,5,-1.32,-0.37,2.0,105.3972,-87.3026,-196.5188,175,75
2026-05-09 17:14:34.154,5,-0.84,0.01,2.0,99.7272,-173.1026,-205.1588,175,75
2026-05-09 17:14:34.165,5,-0.52,0.05,1.79,98.99719999999999,-205.0526,-207.5788,175,75
2026-05-09 17:14:34.165,5,-0.45,0.32,1.48,94.2072,-204.6226,-211.33880000000002,175,75
2026-05-09 17:14:34.200,5,0.08,0.43,1.26,64.7872,-164.1326,-170.58880000000002,175,75
2026-05-09 17:14:34.200,5,0.26,0.39,1.17,55.9372,-140.7126,-125.8988,175,75
2026-05-09 17:14:34.212,5,0.41,0.31,1.08,55.157199999999996,-108.8626,-75.3488,175,75
2026-05-09 17:14:34.222,5,0.55,0.28,0.97,55.557199999999995,-69.28259999999999,-20.8388,175,75
2026-05-09 17:14:34.232,5,0.5,0.26,0.9,54.9372,-19.912599999999998,33.6112,175,75
2026-05-09 17:14:34.242,5,0.31,0.21,0.8,37.3272,73.62740000000001,119.7812,175,75
2026-05-09 17:14:34.242,5,0.15,0.18,0.77,20.6572,105.3074,152.4512,175,75
2026-05-09 17:14:34.250,5,0.04,0.16,0.78,1.0171999999999999,130.5574,185.2312,175,75
2026-05-09 17:14:34.259,5,-0.06,0.12,0.77,-16.6928,149.2174,214.63119999999998,175,75
2026-05-09 17:14:34.271,5,-0.2,0.06,0.78,-29.282799999999998,160.8474,240.25119999999998,175,75
2026-05-09 17:14:34.271,5,-0.29,0.03,0.83,-34.0628,161.6274,250.3412,175,75
2026-05-09 17:14:34.282,5,-0.47,-0.01,1.02,-29.0028,138.88739999999999,250.3412,175,75
2026-05-09 17:14:34.293,5,-0.76,-0.06,1.58,-24.6428,44.447399999999995,250.3412,175,75
2026-05-09 17:14:34.304,5,-0.38,-0.34,2.0,-30.7228,-75.9726,232.2112,175,75
2026-05-09 17:14:34.313,5,0.18,-0.85,1.97,-21.9528,-153.1326,193.5212,175,75
2026-05-09 17:14:34.324,5,0.42,-0.9,1.6,-3.1228000000000002,-142.4626,190.97119999999998,175,75
2026-05-09 17:14:34.337,5,0.26,-0.89,1.31,12.0372,-106.5726,207.3012,175,75
2026-05-09 17:14:34.349,5,-0.18,-0.69,1.06,25.7272,-82.5526,181.5812,175,75
2026-05-09 17:14:34.349,5,-0.26,-0.45,0.98,33.0672,-66.1826,107.4212,175,75
2026-05-09 17:14:34.366,5,-0.15,-0.26,0.92,34.0472,-47.1126,9.9512,175,75
2026-05-09 17:14:34.378,5,-0.01,-0.05,0.92,36.8272,-27.0326,-103.83879999999999,175,75
2026-05-09 17:14:34.390,5,0.25,0.22,1.04,38.0372,-9.7226,-211.2388,175,75
2026-05-09 17:14:34.401,5,0.75,0.59,1.24,31.3972,-26.4026,-249.9288,175,75
2026-05-09 17:14:34.413,5,1.13,0.87,1.35,16.9572,-63.3526,-198.96880000000002,175,75
2026-05-09 17:14:34.413,5,1.14,0.86,1.22,4.497199999999999,-94.26259999999999,-97.7388,175,75
2026-05-09 17:14:34.440,5,0.73,0.32,0.76,11.6972,-74.4426,83.89120000000001,175,75
2026-05-09 17:14:34.452,5,0.46,0.09,0.69,28.7072,-44.8526,159.88119999999998,175,75
2026-05-09 17:14:34.452,5,0.26,0.13,0.73,41.197199999999995,-19.9626,235.25119999999998,175,75
2026-05-09 17:14:34.474,5,0.36,0.11,0.79,45.1772,30.207400000000003,250.3412,175,75
2026-05-09 17:14:34.485,5,0.44,0.22,0.88,39.167199999999994,54.0274,250.3412,175,75
2026-05-09 17:14:34.492,5,0.45,0.29,0.99,23.3672,64.6774,250.3412,175,75
2026-05-09 17:14:34.506,5,0.21,0.41,1.15,7.8172,49.2574,250.3412,175,75
2026-05-09 17:14:34.519,5,-0.09,0.3,1.35,-16.7528,-1.6226,250.3412,175,75
2026-05-09 17:14:34.547,5,-0.41,-0.38,1.31,-27.5028,-67.7726,250.3412,175,75
2026-05-09 17:14:34.558,5,-0.59,-0.51,1.15,-5.5928,-78.6626,250.3412,175,75
2026-05-09 17:14:34.565,5,-0.82,-0.53,0.92,36.6172,-82.6326,250.3412,175,75
2026-05-09 17:14:34.577,5,-0.63,-0.53,0.86,53.517199999999995,-79.5726,250.3412,175,75
2026-05-09 17:14:34.604,5,-0.4,-0.43,0.88,64.96719999999999,-70.31259999999999,232.9212,175,75
2026-05-09 17:14:34.604,5,-0.27,-0.31,0.88,67.1472,-62.7926,206.60119999999998,175,75
2026-05-09 17:14:34.630,5,0.1,-0.2,0.86,62.4272,-50.2926,173.4512,175,75
2026-05-09 17:14:34.642,5,0.2,-0.14,0.84,61.847199999999994,-35.202600000000004,171.9012,175,75
2026-05-09 17:14:34.650,5,0.14,-0.03,0.86,60.097199999999994,-2.8026,196.8312,175,75
2026-05-09 17:14:34.651,5,0.05,0.03,0.91,54.197199999999995,9.5974,221.69119999999998,175,75
2026-05-09 17:14:34.664,5,-0.06,0.11,0.98,44.1872,16.387400000000003,250.3412,175,75
2026-05-09 17:14:34.676,5,-0.16,0.13,1.05,30.9472,20.4674,250.3412,175,75
2026-05-09 17:14:34.689,5,-0.25,0.13,1.12,18.2972,22.337400000000002,250.3412,175,75
2026-05-09 17:14:34.699,5,-0.35,0.16,1.2,6.417199999999999,19.137400000000003,250.3412,175,75
2026-05-09 17:14:34.720,5,-0.44,0.1,1.33,-13.0528,4.7174,250.3412,175,75
2026-05-09 17:14:34.720,5,-0.49,0.05,1.39,-21.2528,-6.5426,250.3412,175,75
2026-05-09 17:14:34.734,5,-0.53,-0.04,1.39,-28.372799999999998,-21.802599999999998,250.3412,175,75
2026-05-09 17:14:34.748,5,-0.58,-0.2,1.34,-30.7728,-42.1126,250.3412,175,75
2026-05-09 17:14:34.748,5,-0.58,-0.27,1.27,-30.7328,-67.2726,250.3412,175,75
2026-05-09 17:14:34.766,5,-0.56,-0.42,1.18,-25.3528,-94.45259999999999,250.3412,175,75
2026-05-09 17:14:34.779,5,-0.5,-0.51,1.06,-15.462799999999998,-118.6126,250.3412,175,75
2026-05-09 17:14:34.784,5,-0.45,-0.57,0.95,-1.7328000000000001,-137.5026,250.3412,175,75
2026-05-09 17:14:34.799,5,-0.41,-0.61,0.87,13.997200000000001,-146.7226,250.3412,175,75
2026-05-09 17:14:34.810,5,-0.35,-0.6,0.82,30.6072,-146.5326,250.3412,175,75
2026-05-09 17:14:34.810,5,-0.28,-0.56,0.8,42.0372,-136.51260000000002,250.3412,175,75
2026-05-09 17:14:34.823,5,-0.22,-0.54,0.8,49.907199999999996,-117.59259999999999,250.3412,175,75
2026-05-09 17:14:34.835,5,-0.11,-0.49,0.82,51.917199999999994,-92.0726,250.3412,175,75
2026-05-09 17:14:34.847,5,-0.03,-0.44,0.85,46.4272,-59.1826,220.0112,175,75
2026-05-09 17:14:34.859,5,0.04,-0.43,0.88,39.017199999999995,-25.7226,171.9012,175,75
2026-05-09 17:14:34.859,5,0.1,-0.45,0.87,40.77719999999999,14.3774,119.8112,175,75
2026-05-09 17:14:34.872,5,0.07,-0.41,0.93,44.267199999999995,51.7874,78.1712,175,75
2026-05-09 17:14:34.894,5,-0.09,-0.32,1.06,42.597199999999994,98.1774,14.6712,175,75
2026-05-09 17:14:34.908,5,-0.17,-0.29,1.15,38.5372,100.9174,-2.5288000000000004,175,75
2026-05-09 17:14:34.919,5,-0.23,-0.25,1.25,32.6372,87.3374,-8.0788,175,75
2026-05-09 17:14:34.923,5,-0.24,-0.2,1.36,26.2472,58.727399999999996,2.0012,175,75
2026-05-09 17:14:34.939,5,-0.24,-0.14,1.41,18.4172,20.7574,31.9512,175,75
2026-05-09 17:14:34.948,5,-0.2,-0.09,1.42,9.7372,-19.182599999999997,76.14120000000001,175,75
2026-05-09 17:14:34.966,5,-0.15,-0.1,1.35,2.5072,-45.6526,116.08120000000001,175,75
2026-05-09 17:14:34.966,5,-0.13,-0.13,1.24,-2.1528,-64.6926,151.3712,175,75
2026-05-09 17:14:34.981,5,-0.02,-0.22,1.07,-9.6228,-90.59259999999999,185.03119999999998,175,75
2026-05-09 17:14:35.006,5,0.14,-0.29,0.98,-11.5628,-87.01259999999999,174.44119999999998,175,75
2026-05-09 17:14:35.029,5,0.22,-0.3,0.96,-12.1828,-45.3626,126.7612,175,75
2026-05-09 17:14:35.039,5,0.2,-0.28,0.96,-13.6228,-14.1626,91.11120000000001,175,75
2026-05-09 17:14:35.057,5,0.06,-0.27,0.99,-16.4028,44.197399999999995,16.4112,175,75
2026-05-09 17:14:35.079,5,-0.05,-0.19,1.06,-18.5628,69.1374,-34.4488,175,75
2026-05-09 17:14:35.079,5,-0.1,-0.14,1.1,-20.5228,68.3974,-47.0088,175,75
2026-05-09 17:14:35.090,5,-0.13,-0.09,1.13,-23.4328,59.7874,-49.3188,175,75
2026-05-09 17:14:35.125,5,-0.21,0.0,1.15,-31.2428,30.407400000000003,-28.028799999999997,175,75
2026-05-09 17:14:35.136,5,-0.22,-0.0,1.12,-33.2928,15.0874,-7.5288,175,75
2026-05-09 17:14:35.147,5,-0.16,-0.04,1.08,-31.822799999999997,3.6174,18.7712,175,75
2026-05-09 17:14:35.160,5,-0.12,-0.09,1.04,-25.0228,-3.0826000000000002,47.901199999999996,175,75
2026-05-09 17:14:35.160,5,-0.13,-0.11,1.03,-18.032799999999998,-11.5526,72.7612,175,75
2026-05-09 17:14:35.184,5,0.05,-0.2,1.0,-12.5128,-32.8626,108.8412,175,75
2026-05-09 17:14:35.184,5,0.15,-0.26,0.97,-10.5328,-41.1726,125.14120000000001,175,75
2026-05-09 17:14:35.194,5,0.21,-0.31,0.97,-8.6828,-45.7926,136.19119999999998,175,75
2026-05-09 17:14:35.209,5,0.26,-0.34,0.96,-8.502799999999999,-47.1126,139.5112,175,75
2026-05-09 17:14:35.226,5,0.3,-0.37,0.96,-8.3128,-39.702600000000004,120.14120000000001,175,75
2026-05-09 17:14:35.240,5,0.32,-0.36,0.97,-10.742799999999999,-30.612599999999997,96.19120000000001,175,75
2026-05-09 17:14:35.240,5,0.36,-0.36,0.96,-13.1928,-16.1826,66.9312,175,75
2026-05-09 17:14:35.256,5,0.41,-0.36,0.95,-14.662799999999999,3.8073999999999995,38.9112,175,75
2026-05-09 17:14:35.269,5,0.41,-0.36,0.98,-14.8528,21.977400000000003,20.421200000000002,175,75
2026-05-09 17:14:35.285,5,0.33,-0.36,1.09,-13.492799999999999,49.977399999999996,-0.2888,175,75
2026-05-09 17:14:35.299,5,0.27,-0.38,1.15,-12.7028,55.367399999999996,-1.3888,175,75
2026-05-09 17:14:35.319,5,0.09,-0.42,1.24,-7.232799999999999,44.8874,7.9012,175,75
2026-05-09 17:14:35.330,5,-0.06,-0.39,1.3,-9.6028,23.767400000000002,13.4612,175,75
2026-05-09 17:14:35.340,5,-0.09,-0.41,1.32,-13.9828,14.8374,10.2012,175,75
2026-05-09 17:14:35.379,5,-0.14,-0.45,1.3,-11.3728,-7.4626,-24.3788,175,75
2026-05-09 17:14:35.381,5,-0.13,-0.42,1.27,-8.502799999999999,-16.8326,-41.5888,175,75
2026-05-09 17:14:35.394,5,-0.08,-0.37,1.21,-5.492800000000001,-22.7826,-59.4388,175,75
